Latitude,Longitude
31.5498056,74.30054
31.4680054,74.2296089
31.4666098,74.2274993
31.4651297,74.229003
31.6083026,74.2959743
31.5408116,74.2620569
31.538545,74.2658921
31.5409889,74.25997
31.538446,74.2619752
31.5385461,74.2619525
31.5376338,74.2608295
31.5537065,74.246187
31.5536099,74.2460809
31.5576317,74.2411503
31.5902032,74.2181264
31.6006533,74.2163391
31.5948643,74.217599
31.5965963,74.2202499
31.5965277,74.2193894
31.5601119,74.3700794
31.5591229,74.3689945
31.5680626,74.4081964
31.5676578,74.4080354
31.417828,74.3585355
31.4733388,74.3685369
31.5106161,74.3409525
31.5188482,74.3451548
31.5288971,74.3603456
31.5437199,74.3255504
31.5272126,74.362111
31.5053663,74.3412431
31.6063812,74.300356
31.5778102,74.334154
31.5934382,74.4672546
31.4353989,74.2375596
31.5218386,74.3835899
31.6048339,74.2986562
31.5868537,74.3239747
31.5063106,74.336329
31.4573784,74.4430508
31.3849535,74.4766991
31.5733108,74.3043422
31.5770408,74.3328229
31.5710131,74.3326851
31.4643098,74.3405753
31.4973825,74.3333169
31.4859972,74.3357161
31.4159113,74.2499932
31.4122695,74.2646557
31.4156581,74.2677697
31.4193017,74.271075
31.4150495,74.2711829
31.477016,74.3219854
31.5174069,74.3803049
31.5097705,74.3757582
31.5461672,74.4027528
31.5594556,74.3248454
31.5562222,74.3394699
31.565771,74.3695067
31.5659923,74.352503
31.5379689,74.382615
31.5402784,74.4253996
31.5245634,74.4211957
31.5212153,74.4384486
31.5197264,74.3517097
31.5255178,74.3544218
31.4625745,74.2988059
31.4668036,74.273931
31.4689492,74.2993504
31.6095746,74.3031639
31.514968,74.277607
31.4442982,74.2736442
31.4365922,74.270554
31.4334147,74.2882291
31.4383882,74.2813812
31.4358891,74.2734983
31.433158,74.2762094
31.4241809,74.2653721
31.4197841,74.2623464
31.4156338,74.259876
31.4333125,74.2614176
31.4764247,74.2544552
31.5107196,74.3253854
31.5504658,74.3283907
31.5505604,74.3280945
31.5558697,74.3213935
31.5595844,74.3209963
31.5593418,74.3245354
31.5595299,74.3183497
31.5681277,74.3100254
31.5723083,74.311611
31.5651838,74.3298275
31.566332,74.3275147
31.4049353,74.2931791
31.4049494,74.2930219
31.4247504,74.2707702
31.5528908,74.3037546
31.5804542,74.3045901
31.5869306,74.3095572
31.6050974,74.3073732
31.572293,74.2845167
31.5875623,74.315032
31.5794402,74.317938
31.5681772,74.3174631
31.55959,74.3242197
31.5592941,74.3316025
31.5539893,74.3479826
31.4873095,74.3195263
31.540025,74.3765579
31.5472811,74.3830059
31.529764,74.3822469
31.5645895,74.3125831
31.5618306,74.3006301
31.5694328,74.3037753
31.5682277,74.2967502
31.5644658,74.3003108
31.5676045,74.2985065
31.5432134,74.3022188
31.5405334,74.3013385
31.5405892,74.3038186
31.5544693,74.2981156
31.595927,74.3493619
31.5863619,74.3336889
31.587697,74.3368466
31.5318814,74.3523799
31.502266,74.3350977
31.4997336,74.3570754
31.4967682,74.3678721
31.4579069,74.3056069
31.4576132,74.3130175
31.5188665,74.3416707
31.527231,74.3329698
31.5067291,74.3784378
31.4704103,74.3009857
31.4496356,74.3141908
31.4598174,74.3006304
31.4588082,74.3034425
31.4433863,74.2999775
31.4499318,74.2848575
31.4123494,74.2645438
31.4235636,74.2468794
31.5780598,74.3010429
31.5430401,74.2981368
31.535149,74.3045475
31.51693,74.3006587
31.5214397,74.3569319
31.5123705,74.3547571
31.6513315,74.1648627
31.6171242,74.2553275
31.5451045,74.2554696
31.5904868,74.3366266
31.5922324,74.3343237
31.4451744,74.3191542
31.4430423,74.3055691
31.445886,74.3119968
31.4613826,74.3040553
31.4613369,74.3097023
31.4516918,74.3253701
31.4545354,74.3186999
31.4523283,74.3033229
31.4521808,74.3032379
31.4263613,74.2683085
31.4236406,74.2684557
31.4227749,74.2743899
31.4717872,74.298827
31.542598,74.3078272
31.512505,74.314258
31.510204,74.3111
31.5179738,74.3424657
31.4649166,74.4270589
31.4645195,74.4244702
31.4680814,74.4055637
31.4639904,74.4135977
31.4715608,74.3680499
31.4712206,74.3680502
31.4636601,74.3886878
31.5100581,74.3035725
31.4949009,74.3702947
31.4763419,74.3823659
31.4703787,74.3724999
31.5744576,74.3064893
31.464446,74.3826274
31.4807374,74.3878056
31.4851202,74.3975644
31.4873858,74.3953461
31.5297743,74.3808537
31.4858868,74.3633089
31.4709435,74.3793134
31.4709554,74.3793482
31.489196,74.3849646
31.4881232,74.3818414
31.4870231,74.389364
31.4712488,74.4062544
31.4735885,74.3590976
31.4729199,74.362651
31.4832635,74.4001651
31.5399792,74.4233801
31.4782633,74.4082403
31.4763795,74.4095348
31.4644951,74.3827026
31.46717,74.3876155
31.4896272,74.3810041
31.4813767,74.3930792
31.4798965,74.3810242
31.5020259,74.3779939
31.4677025,74.4093167
31.4665767,74.4156037
31.4656814,74.4206352
31.4618463,74.4227092
31.467829,74.4208908
31.4683251,74.3999759
31.4660055,74.4007997
31.5209411,74.3250369
31.4434301,74.354621
31.5321771,74.3214075
31.4611349,74.349673
31.5002114,74.411738
31.4959546,74.3924181
31.4956109,74.3977335
31.4961841,74.3813754
31.5137457,74.2859361
31.5087165,74.2756282
31.5088376,74.2756466
31.5387813,74.2636531
31.5517265,74.2831752
31.5513667,74.2928141
31.542149,74.312358
31.5413785,74.310794
31.5420447,74.3016535
31.5354002,74.3149606
31.5306391,74.3105633
31.5314616,74.3169873
31.5197169,74.3155315
31.5273654,74.319029
31.5312668,74.3196777
31.5252313,74.3216149
31.5197986,74.3186573
31.5207314,74.3199421
31.5361531,74.3177426
31.5329059,74.3183893
31.5668236,74.3166064
31.5626346,74.3133839
31.5814734,74.3370419
31.5728735,74.3670898
31.5752809,74.3707941
31.5679928,74.3720664
31.5706179,74.3736109
31.5644995,74.3847866
31.5887947,74.3684976
31.5831022,74.3741869
31.5556376,74.4018947
31.5584883,74.4049337
31.5611425,74.3957233
31.5712111,74.3328587
31.5754365,74.3355653
31.5758339,74.3285451
31.5674552,74.3354555
31.5670766,74.3296372
31.5641781,74.3381281
31.5675392,74.3126376
31.56844,74.3151538
31.5675827,74.3182656
31.5704708,74.3287159
31.5735283,74.3250027
31.5744666,74.3200882
31.57073,74.3257535
31.5699325,74.326916
31.5759136,74.3122574
31.5705804,74.3128504
31.5830276,74.318447
31.5860948,74.3124219
31.5986593,74.457579
31.4938237,74.4028483
31.5419657,74.3519682
31.5696951,74.3049897
31.4906397,74.3374003
31.5483677,74.3927431
31.5276034,74.3334886
31.4889534,74.3764056
31.5794822,74.3752129
31.5779971,74.3783441
31.5777434,74.3706429
31.5835237,74.357499
31.5810359,74.3452446
31.5806165,74.3429856
31.5797862,74.3477961
31.5116171,74.3384637
31.5334658,74.3460763
31.5319203,74.3436353
31.4955285,74.3953693
31.4935369,74.3988332
31.4920706,74.4032721
31.4926819,74.3976277
31.6116374,74.3015157
31.6153156,74.2959557
31.5998538,74.3141356
31.5988396,74.3171839
31.5957024,74.3093078
31.6175955,74.2978624
31.6248303,74.3000732
31.6224839,74.2950068
31.6336141,74.3069166
31.6170013,74.2992972
31.679921,74.3347246
31.5265457,74.3486901
31.5254639,74.3406949
31.5233853,74.3437339
31.5306938,74.3400968
31.528722,74.3457389
31.5041975,74.2813263
31.504594,74.277564
31.5077584,74.2840668
31.5289556,74.2919192
31.5254124,74.2906964
31.5234013,74.2930736
31.5257598,74.2992883
31.525798,74.306246
31.5200803,74.3121169
31.5222853,74.3113968
31.5285286,74.3083216
31.5345194,74.3120081
31.540137,74.313492
31.5386471,74.3128888
31.5367346,74.3138389
31.5393393,74.2965443
31.5345419,74.2965607
31.5330002,74.2904624
31.4746684,74.2756859
31.4691288,74.2498374
31.4601062,74.269986
31.5846189,74.3403417
31.5863412,74.3398468
31.588214,74.3422597
31.5819398,74.3270407
31.5838313,74.3097839
31.5851077,74.3103468
31.5453947,74.2771869
31.5485969,74.2774638
31.5470085,74.2735921
31.4575903,74.4375314
31.5124917,74.3375815
31.515775,74.3357534
31.5169796,74.3378155
31.5059688,74.32624
31.5024952,74.3191935
31.5046039,74.320511
31.5048605,74.3188095
31.5022393,74.3321821
31.5008121,74.3224349
31.494526,74.3198048
31.4822732,74.3118203
31.4805577,74.3000811
31.481778,74.3259745
31.4806876,74.3155189
31.4764633,74.3190275
31.4816424,74.3143396
31.4607174,74.3125752
31.4500021,74.3018966
31.4915244,74.3240825
31.49162,74.3314821
31.5073562,74.3370001
31.4878462,74.3585425
31.5383829,74.4267168
31.5118851,74.4242614
31.5302125,74.4248083
31.5572437,74.3931838
31.5822934,74.3943618
31.5699171,74.3843079
31.5731657,74.3825986
31.5658986,74.3942368
31.5679013,74.3907771
31.5738184,74.3818552
31.5726847,74.3755173
31.6051517,74.3977092
31.5981149,74.3920588
31.5902112,74.3911185
31.5923291,74.3938784
31.5978344,74.398207
31.5842456,74.3951272
31.5898307,74.4016071
31.5922755,74.417762
31.6019776,74.3416908
31.6035297,74.3388467
31.5995651,74.3379331
31.5977828,74.3459912
31.5957403,74.3461746
31.5962309,74.3308005
31.5961893,74.3372654
31.6016973,74.3334864
31.5841132,74.3362688
31.5826361,74.334527
31.6010889,74.3639457
31.5903343,74.3627694
31.5956335,74.3530728
31.5858039,74.3566574
31.5892128,74.3577198
31.6022704,74.3320604
31.6000162,74.3222768
31.6045132,74.3277772
31.6014381,74.3220458
31.5981436,74.3173585
31.595791,74.3216409
31.5761447,74.3091045
31.5746114,74.3102562
31.5613833,74.3110115
31.563995,74.3046345
31.5717327,74.2994802
31.5707162,74.2973605
31.5639739,74.2955771
31.5641539,74.2984444
31.5670577,74.295588
31.5559334,74.2986171
31.5560751,74.2949104
31.557739,74.3000754
31.5572194,74.3022734
31.4205507,74.1811225
31.4207009,74.1812639
31.4391795,74.2040942
31.4513465,74.2088695
31.4452223,74.2171551
31.4968054,74.2667004
31.5245543,74.3235806
31.5221216,74.3280998
31.530119,74.3222807
31.5221272,74.287736
31.5235519,74.2847878
31.5223529,74.2830611
31.5173096,74.285706
31.5114964,74.2765838
31.5171246,74.2833284
31.5186705,74.2887516
31.5150476,74.2943131
31.5103354,74.2687546
31.5250465,74.2692855
31.5559239,74.2848135
31.556745,74.278891
31.5598816,74.2832858
31.5664669,74.2941684
31.5654203,74.2953237
31.5658553,74.2937916
31.5712508,74.2947335
31.5697084,74.2914907
31.6149233,74.2488142
31.5806234,74.3019908
31.5805449,74.3044216
31.5825111,74.3044463
31.5816786,74.3045044
31.5837013,74.3016196
31.5770937,74.2969856
31.5809185,74.2924311
31.5827811,74.2938798
31.5852944,74.3023013
31.5872222,74.3037649
31.5862134,74.3041531
31.5852615,74.299465
31.5853105,74.2989898
31.5892015,74.2992256
31.5912698,74.2996931
31.592215,74.2986915
31.5854996,74.2979227
31.5843971,74.29701
31.6021084,74.3031529
31.5846133,74.3064043
31.5803483,74.3296758
31.5783908,74.3328868
31.5772858,74.3268194
31.5553568,74.30765
31.5511779,74.3250205
31.5485756,74.3196087
31.5440059,74.3241218
31.5477648,74.3234091
31.5541389,74.3233329
31.5531435,74.3139091
31.4763637,74.2760904
31.4624897,74.2790193
31.4617666,74.2834969
31.4656146,74.2810822
31.4677819,74.2865851
31.4733642,74.2743562
31.4727051,74.2680223
31.4705609,74.2645647
31.4708747,74.2596235
31.4696619,74.2547303
31.472967,74.2638447
31.4716771,74.2630843
31.4686787,74.2676882
31.4775869,74.2885838
31.4797985,74.2637036
31.484515,74.2598997
31.4914338,74.2696025
31.4940521,74.2713949
31.4959441,74.2746553
31.4950461,74.2745658
31.5009346,74.2710176
31.5062863,74.2752916
31.5019408,74.2694204
31.5015642,74.2733526
31.5188287,74.2951995
31.5070558,74.3065876
31.5095559,74.3014562
31.5180002,74.3196715
31.5089873,74.3158308
31.5527614,74.359139
31.5391726,74.3669953
31.5505565,74.3731204
31.5216719,74.3814535
31.5065417,74.3777361
31.5431973,74.3753876
31.5482441,74.3746433
31.5637756,74.380612
31.5892274,74.3796713
31.5952534,74.3763534
31.5979009,74.3627021
31.6020865,74.3528428
31.6036659,74.3685363
31.6221631,74.2723707
31.4702456,74.2947999
31.4581808,74.2762188
31.4599044,74.2702255
31.4630359,74.2717294
31.4654538,74.2710438
31.4732067,74.2701886
31.4555202,74.2866781
31.4564319,74.2830192
31.4546356,74.2777271
31.4405703,74.2673982
31.4461314,74.2746729
31.4557311,74.2702965
31.4558443,74.270273
31.4568169,74.2726807
31.461123,74.2905514
31.4640644,74.301125
31.4456407,74.2993821
31.4418271,74.2812745
31.4513586,74.3075883
31.4555489,74.3091912
31.4640791,74.2948156
31.4445968,74.2897381
31.4500637,74.249041
31.4359155,74.2654884
31.4300032,74.2629463
31.423223,74.272471
31.4233098,74.2725092
31.428364,74.2601241
31.4270452,74.2549837
31.4304056,74.2418657
31.4336703,74.3081797
31.4084424,74.2716121
31.4085826,74.2715401
31.4643873,74.2303782
31.4537706,74.2384532
31.4461266,74.2069143
31.4540537,74.216088
31.4127651,74.1837841
31.4201159,74.205985
31.4199918,74.20609
31.4419262,74.2516684
31.4437276,74.2497348
31.4449146,74.24704
31.437654,74.2401342
31.4304594,74.2837159
31.4319544,74.2949755
31.4080423,74.3104822
31.4364992,74.3156743
31.4365687,74.2998592
31.4299589,74.2648708
31.4441446,74.3112354
31.4606387,74.2974037
31.4829085,74.3045856
31.4971139,74.3180631
31.4716373,74.3209181
31.4684533,74.4234856
31.4729111,74.4149798
31.4768165,74.4146985
31.4656734,74.4243621
31.4666262,74.3942679
31.4953261,74.4222942
31.5246265,74.4349936
31.4532893,74.2215597
31.4524223,74.2223471
31.4598059,74.2480705
31.459413,74.2620207
31.4594844,74.2572857
31.4708197,74.2594017
31.5685502,74.3333305
31.5364133,74.4253301
31.4954918,74.3165895
31.4913845,74.3073096
31.5065101,74.3355864
31.4696946,74.2351131
31.5359372,74.2749411
31.4897923,74.3374538
31.4719184,74.344944
31.4987862,74.3772527
31.5013078,74.3742664
31.5210084,74.3490188
31.5221645,74.3496166
31.4705648,74.2989079
31.4635853,74.0932357
31.420369,74.0364129
31.4497062,74.062943
31.4590778,74.0827683
31.4598569,74.0962435
31.462305,74.0987827
31.4611179,74.1011168
31.5469514,74.1485021
31.4401234,74.2539092
31.4317082,74.2758981
31.4295275,74.2592938
31.4262448,74.2622022
31.423545,74.2684651
31.4208923,74.2801723
31.4330251,74.2899077
31.4340966,74.27585
31.4423009,74.2703516
31.4447077,74.2650373
31.4489399,74.2636926
31.4453542,74.2613875
31.4445079,74.2731933
31.4390768,74.2694713
31.5710946,74.3988333
31.5681737,74.3748913
31.6014947,74.3956761
31.5829834,74.3866816
31.5952521,74.3980733
31.4948577,74.3924205
31.5586782,74.3806242
31.5786474,74.3065246
31.5458049,74.3612897
31.52426,74.3366345
31.5212221,74.3491079
31.5982856,74.3157863
31.5995219,74.3383594
31.5058437,74.3185796
31.5376877,74.3107635
31.5394718,74.3107932
31.437244,74.3256603
31.5715199,74.3222867
31.4652716,74.277944
31.4225763,74.1880588
31.6075023,74.299987
31.4714248,74.4072217
31.4721341,74.4084367
31.4713667,74.4064996
31.4721551,74.4082529
31.4735163,74.4053945
31.4720225,74.4065897
31.5740576,74.1607779
31.4796162,74.1072056
31.4824453,74.102411
31.4997392,74.1007206
31.4958935,74.1058042
31.5039187,74.2621887
31.4998395,74.2589986
31.5691302,74.3070681
31.4709369,74.245536
31.5384577,74.3095519
31.5593594,74.3440542
31.5458894,74.425354
31.4724768,74.2489345
31.5350069,74.299358
31.6203236,74.2822223
31.4711681,74.3001953
31.4700454,74.2910985
31.4653299,74.3085076
31.450022,74.2701958
31.4655943,74.2921803
31.4237913,74.2341113
31.4224568,74.2299286
31.4490186,74.2694511
31.4220382,74.2299678
31.4467056,74.2691266
31.4329926,74.2886998
31.4333573,74.2888656
31.4346005,74.286638
31.4716725,74.2474113
31.4720723,74.2482352
31.4799527,74.2794868
31.5738601,74.3784771
31.4977919,74.3758006
31.4959152,74.375119
31.4953027,74.3746274
31.4461347,74.2687851
31.4481742,74.2698539
31.4474863,74.2696791
31.4877595,74.3298617
31.486196,74.3313001
31.4864655,74.3245436
31.4887259,74.328473
31.5726857,74.3061266
31.595486,74.3024563
31.6081021,74.2957006
31.5300148,74.3579745
31.6069184,74.3006936
31.6097496,74.3049662
31.6097346,74.3044548
31.604823,74.2988843
31.6047558,74.2989762
31.6092143,74.3372602
31.572394,74.2845904
31.5724833,74.2859816
31.60336,74.2989228
31.5712255,74.2821924
31.571757,74.2834711
31.6047635,74.2999127
31.5729856,74.2839905
31.5735822,74.2837282
31.6049411,74.3002821
31.6044762,74.2972812
31.6047246,74.2977652
31.6063812,74.2999194
31.5743965,74.2780982
31.6083811,74.3016072
31.5693492,74.3133558
31.5718445,74.2853477
31.5731768,74.2862052
31.6059672,74.2988728
31.6025323,74.2986613
31.5026032,74.3507976
31.5019327,74.3586691
31.5016627,74.3639629
31.5019967,74.3586577
31.4520562,74.2668502
31.440154,74.2056534
31.4476194,74.2164446
31.4391839,74.2044116
31.4459665,74.2162462
31.4406995,74.2063779
31.541373,74.4268605
31.5403009,74.4264613
31.5403319,74.4263197
31.5393822,74.4260001
31.5393494,74.4261408
31.5413987,74.4267134
31.5357742,74.4254295
31.5549979,74.4309743
31.5223229,74.3498144
31.5334937,74.3613953
31.4671852,74.3677725
31.4712103,74.3682645
31.4349787,74.1983396
31.5307415,74.3663634
31.4383853,74.2074013
31.4380638,74.2026342
31.4436235,74.2106912
31.5377182,74.3565349
31.5334192,74.3613282
31.4365931,74.2003523
31.4489112,74.21201
31.4298405,74.2167699
31.4151511,74.271278
31.5386309,74.35297
31.5760267,74.3200041
31.5791515,74.3071467
31.4360426,74.2586653
31.4339729,74.2872055
31.4340219,74.2874226
31.4335258,74.2883849
31.4368605,74.2832122
31.6322883,74.2118423
31.6336156,74.2089681
31.6314914,74.2143761
31.6334623,74.2088969
31.6313096,74.2143135
31.6324708,74.2118741
31.6512175,74.1647232
31.6259358,74.2299609
31.492197,74.4161765
31.609161,74.3029518
31.6091194,74.3034129
31.6081645,74.301919
31.6344089,74.2068064
31.6344022,74.2069609
31.6296312,74.2070519
31.6437762,74.2070054
31.4287764,74.2651651
31.429931,74.2647045
31.5396529,74.4252707
31.4184292,74.2814091
31.5949164,74.2580675
31.4368981,74.2701569
31.4274571,74.2849843
31.5965177,74.2202929
31.4311975,74.2643624
31.5782975,74.2692151
31.4347035,74.2899758
31.4415788,74.2755819
31.4288314,74.2653344
31.4347014,74.2897985
31.5782332,74.2691431
31.4337121,74.2894485
31.577034,74.3350861
31.6078865,74.3044512
31.4299351,74.2631209
31.6192804,74.2470763
31.5692805,74.306033
31.6184607,74.2484362
31.4183658,74.2813035
31.5744747,74.2782193
31.4242178,74.2655089
31.4664478,74.2289437
31.4664148,74.2291209
31.511375,74.2473984
31.6240601,74.2072755
31.5114543,74.247245
31.5992486,74.2165092
31.6240803,74.2074248
31.5992752,74.2166594
31.6203822,74.2083171
31.6041465,74.2147274
31.5249493,74.2547432
31.5901267,74.2209517
31.4891268,74.2371032
31.4891315,74.2369542
31.6296266,74.2068977
31.4719365,74.2457835
31.4788814,74.2685081
31.5929027,74.2169203
31.5964916,74.2190345
31.4983066,74.261822
31.4717604,74.2453667
31.5222357,74.373705
31.5634613,74.3478366
31.5533874,74.3585403
31.5534743,74.3586211
31.5516836,74.3693332
31.5804284,74.3702128
31.5778402,74.3453702
31.5802815,74.3702594
31.5241891,74.3657281
31.5242493,74.365774
31.5272515,74.3621919
31.5294873,74.3590858
31.5446157,74.3496032
31.5421357,74.3521185
31.5661272,74.3807029
31.5637754,74.3807068
31.5524451,74.3801904
31.5586714,74.380521
31.5524406,74.3804054
31.5512171,74.3559029
31.5437409,74.3586696
31.5263878,74.3328853
31.5271927,74.3328648
31.5091636,74.3367708
31.5439942,74.3499112
31.5111969,74.3395855
31.5517934,74.3571764
31.5264666,74.3329667
31.5111246,74.3395463
31.5523272,74.3570334
31.5747425,74.3486844
31.5531326,74.3343527
31.5521037,74.3571552
31.5537911,74.3567025
31.5624401,74.3825786
31.5442941,74.3499879
31.5289158,74.3289898
31.5135208,74.3296844
31.5263371,74.3334452
31.5442421,74.3494634
31.5244286,74.33655
31.5264702,74.3327267
31.5621718,74.3787764
31.512525,74.3341094
31.5536381,74.3569165
31.5738887,74.4353564
31.5900432,74.4345629
31.5900819,74.4347258
31.5738949,74.435214
31.5832262,74.4351343
31.5832547,74.4352902
31.6045414,74.4196315
31.570979,74.4352844
31.460619,74.3252005
31.4634663,74.3178992
31.4869226,74.2932005
31.6061313,74.4622007
31.4633138,74.3177841
31.596281,74.4316733
31.4868345,74.293077
31.4749797,74.305462
31.4872664,74.2945439
31.528843,74.301666
31.4331203,74.2760813
31.4212659,74.2730768
31.4670793,74.3960986
31.524948,74.2692158
31.4325781,74.3024882
31.4481248,74.3211433
31.5114061,74.3785343
31.5019467,74.3147686
31.5381746,74.2672405
31.5382778,74.2672619
31.5350599,74.277491
31.4198784,74.2690377
31.5388475,74.4250014
31.4624966,74.2985654
31.4263119,74.2656734
31.5454872,74.2928335
31.4758415,74.3055225
31.4640986,74.301439
31.5117484,74.2831249
31.5391873,74.3060589
31.5119069,74.2832553
31.4782187,74.2533069
31.5467653,74.2909727
31.5490668,74.2809507
31.5700936,74.3177932
31.540687,74.3038859
31.4846234,74.3261758
31.5233621,74.3014078
31.4681261,74.4053622
31.4212957,74.2769914
31.4637537,74.4137737
31.5265638,74.4225779
31.5155286,74.4235497
31.4359837,74.2736052
31.5381239,74.2651157
31.438947,74.2698501
31.4213547,74.2770433
31.5310735,74.3018443
31.5726725,74.3371773
31.443001,74.3057245
31.4370069,74.2570664
31.5632887,74.3072451
31.5743708,74.3088195
31.5617712,74.3085796
31.5687484,74.3068804
31.5617711,74.3081605
31.5049628,74.3035775
31.4952217,74.2984206
31.4995284,74.2984535
31.5220876,74.3065407
31.5922906,74.3167411
31.5893069,74.3218359
31.6048928,74.3072945
31.5968297,74.3260121
31.5922604,74.3243721
31.5946381,74.3277897
31.5909353,74.3225973
31.64012,74.2062054
31.6315267,74.2066956
31.6411088,74.2080826
31.546922,74.2543959
31.4684917,74.3868858
31.4662163,74.3878653
31.5009409,74.2708727
31.512473,74.2612147
31.5104324,74.2687354
31.5135247,74.256925
31.5040052,74.2469038
31.5026356,74.2482596
31.4973325,74.3329849
31.5714888,74.3178705
31.5631923,74.3209942
31.560254,74.3270352
31.565044,74.3447031
31.5519321,74.421103
31.5582289,74.4131809
31.5561469,74.412028
31.539226,74.4274147
31.5044243,74.4230704
31.5551908,74.423114
31.5451687,74.4263437
31.464046,74.443838
31.467713,74.4401514
31.4635094,74.4424264
31.4660236,74.4390687
31.4702339,74.4487333
31.4690289,74.4529498
31.471827,74.4503404
31.4719007,74.4582977
31.4719236,74.4583289
31.4760475,74.4629669
31.4994067,74.4316609
31.4933258,74.463337
31.4758037,74.4454489
31.4681772,74.4666743
31.4937619,74.4710306
31.4582847,74.4161687
31.4673638,74.4332597
31.4685447,74.4339527
31.4581854,74.4124559
31.4662431,74.4324663
31.4458326,74.3979126
31.4672683,74.4318011
31.4645479,74.4338134
31.4774068,74.4238619
31.4687467,74.4302778
31.4889032,74.4258579
31.4663191,74.432344
31.4674079,74.433118
31.4649271,74.4335989
31.4664422,74.4323447
31.4659552,74.4325592
31.4670133,74.4316542
31.4688211,74.4351269
31.4656467,74.431529
31.4676384,74.4323748
31.4664279,74.4322657
31.4675892,74.4328795
31.4503496,74.3952035
31.4497776,74.3950774
31.4639641,74.4341769
31.4638594,74.4342593
31.4640998,74.4310674
31.4642447,74.43341
31.4693559,74.4343405
31.4649239,74.433006
31.4685435,74.4340636
31.465114,74.4325946
31.4685539,74.4337893
31.4884766,74.4291067
31.4618214,74.423205
31.461978,74.4227633
31.4589198,74.4252637
31.4589336,74.4253436
31.4697047,74.4352452
31.4686587,74.4345024
31.4697809,74.4377197
31.4686345,74.4339528
31.4684355,74.4320692
31.4698844,74.4378717
31.4926923,74.4300238
31.4700637,74.433387
31.4700104,74.4337685
31.4698612,74.4346992
31.4735414,74.4337138
31.4805819,74.4320194
31.4861183,74.4321191
31.4943448,74.4289821
31.458873,74.4544953
31.4652181,74.4567991
31.462249,74.4470539
31.460561,74.4548261
31.4606302,74.4548787
31.4971912,74.4239731
31.4877945,74.4123565
31.4974019,74.4280289
31.5209321,74.4243411
31.5030656,74.4246409
31.4988083,74.4252969
31.4995051,74.4270882
31.5028606,74.425695
31.497669,74.4223445
31.4996959,74.4270907
31.4989023,74.425247
31.4978364,74.4231239
31.4970512,74.4201997
31.4999441,74.4287466
31.6082018,74.3813106
31.5351482,74.2636154
31.536732,74.2654679
31.5363052,74.2653583
31.4537488,74.384906
31.5163346,74.423726
31.5416986,74.4093505
31.5407706,74.4199547
31.5408736,74.4174524
31.5401426,74.417501
31.5332879,74.4170778
31.5416592,74.4163272
31.5415295,74.4171285
31.5410616,74.417113
31.541089,74.4184648
31.5409474,74.417731
31.5370349,74.4234426
31.5249662,74.4239266
31.5245635,74.4212531
31.5330505,74.4211493
31.5159321,74.4209558
31.5159347,74.4236716
31.5159971,74.4234192
31.5163146,74.423383
31.5046919,74.4230721
31.5007024,74.429292
31.542004,74.4084199
31.5451796,74.4036178
31.542098,74.400853
31.535751,74.4000364
31.5425693,74.400988
31.5424044,74.4006672
31.5359552,74.399714
31.5294472,74.3936007
31.529557,74.3990785
31.5296376,74.3906113
31.5394845,74.429669
31.5393494,74.4286636
31.5393391,74.4289446
31.5394835,74.4288652
31.5391423,74.4297854
31.539016,74.4293001
31.5296778,74.4269062
31.5210904,74.4312331
31.518944,74.4245806
31.5113871,74.4246036
31.5052353,74.4248018
31.5059276,74.4244183
31.5056964,74.4243945
31.5222708,74.4268181
31.5205903,74.4247742
31.520918,74.4311213
31.5047355,74.4245825
31.504855,74.4244549
31.5356105,74.412716
31.5352535,74.421046
31.5354003,74.4210479
31.5376523,74.4172322
31.5332846,74.4171955
31.535524,74.4127149
31.5352214,74.4237916
31.5165918,74.4214644
31.5775967,74.307662
31.5762767,74.3071719
31.4500752,74.3924321
31.452027,74.3933507
31.4500148,74.3925232
31.4520133,74.3934646
31.4501904,74.392995
31.4535353,74.3951862
31.4543461,74.3935653
31.4593703,74.3931092
31.4967596,74.4203197
31.4972186,74.4209045
31.4974927,74.4209978
31.4934199,74.4632304
31.4815903,74.4524574
31.4992944,74.4314456
31.5272947,74.4452822
31.5168522,74.4587353
31.5548794,74.3050417
31.5542565,74.3048524
31.5515314,74.3098971
31.5617186,74.3250611
31.5622618,74.3360202
31.5681287,74.3197411
31.5211025,74.4469214
31.5213197,74.4429365
31.5210877,74.4429541
31.5170771,74.4367896
31.5198203,74.4361414
31.5180089,74.4365462
31.5161903,74.4372494
31.5391723,74.4276478
31.5392073,74.4290924
31.5393462,74.4293914
31.5395152,74.4296505
31.5404874,74.4306122
31.5457951,74.4356227
31.5560483,74.4369478
31.5662313,74.4384949
31.5622369,74.4313275
31.5626106,74.4331126
31.5626009,74.4350282
31.5623383,74.4370205
31.5534337,74.4314318
31.5667947,74.4353161
31.5549775,74.4311263
31.5687196,74.4352201
31.5709829,74.4351336
31.5687394,74.4350673
31.5418821,74.426586
31.5441635,74.4277825
31.5438835,74.4281896
31.5400047,74.4298091
31.5388622,74.4291202
31.5433864,74.4336524
31.5403951,74.4307022
31.5395379,74.4251431
31.5395587,74.4301242
31.5392417,74.4302284
31.5560392,74.4371734
31.549936,74.3817796
31.5409096,74.4209357
31.5404258,74.4280539
31.5413272,74.4266402
31.5411245,74.4274496
31.5773271,74.435547
31.589628,74.4359963
31.5730906,74.4352377
31.5805438,74.469617
31.5735439,74.4352567
31.5678823,74.4352487
31.5687213,74.4353419
31.5679057,74.4349945
31.5717811,74.4352142
31.5734653,74.437303
31.5687475,74.434947
31.5700071,74.4349297
31.5552138,74.4301368
31.5733881,74.4355505
31.5712121,74.4354609
31.5732595,74.4349184
31.5770674,74.4349091
31.5776089,74.4376389
31.5899406,74.4305589
31.5891714,74.4336609
31.5867899,74.4351381
31.5857988,74.4370565
31.5892399,74.4337689
31.5605398,74.4214532
31.5738401,74.4349412
31.5746325,74.4353178
31.5737201,74.4345152
31.5907216,74.433218
31.5925557,74.4346216
31.5934954,74.435637
31.5937647,74.4324687
31.5877507,74.4131152
31.5881701,74.4141432
31.5896454,74.4036895
31.5953125,74.4022881
31.6089901,74.3932136
31.6084869,74.3919982
31.6084532,74.3933936
31.6086373,74.3901651
31.6093281,74.3930098
31.6093836,74.3932047
31.605821,74.3987529
31.6054145,74.3995308
31.6089793,74.3954849
31.6058774,74.398946
31.6081002,74.3976837
31.6080865,74.3975798
31.6089247,74.3956424
31.6081119,74.3994191
31.6072116,74.3987099
31.6113452,74.412649
31.6100601,74.397183
31.6062655,74.3682349
31.6091432,74.3524561
31.6098762,74.3050174
31.6081168,74.3026328
31.5723811,74.286364
31.572938,74.2883728
31.587414,74.2919667
31.5736937,74.2905943
31.5734558,74.2905605
31.5735013,74.2907916
31.5726212,74.2882257
31.5735562,74.2986295
31.5734122,74.2897257
31.5723906,74.2822655
31.5616182,74.278619
31.5380075,74.2681044
31.5104183,74.2533761
31.5114977,74.2654968
31.5162829,74.2677997
31.5162033,74.2678945
31.5359312,74.2897232
31.5245652,74.2826765
31.5255838,74.2836464
31.5252925,74.283699
31.5258314,74.283981
31.5259884,74.283636
31.5354504,74.4172119
31.535941,74.4096375
31.5367836,74.408648
31.5356269,74.4110864
31.5356212,74.4111833
31.5401823,74.4173364
31.4906881,74.4223847
31.487164,74.4116962
31.4930884,74.4047279
31.4723592,74.3898024
31.5299417,74.3820992
31.5299369,74.3824069
31.5295875,74.382446
31.5295879,74.3820826
31.5295461,74.3909738
31.5295706,74.3903122
31.5401747,74.4216732
31.5474673,74.412442
31.547916,74.4104197
31.5478734,74.4106438
31.5107797,74.4275416
31.5108242,74.4333115
31.5106083,74.4355654
31.5108807,74.4275382
31.5107347,74.43095
31.5108315,74.4316778
31.5106422,74.4358154
31.5220118,74.4468807
31.5236056,74.4468911
31.5123628,74.4347295
31.5123802,74.4348389
31.5151521,74.4376252
31.5147575,74.4378641
31.5152454,74.4403622
31.5151516,74.4436722
31.5152328,74.4420288
31.5151609,74.4420262
31.5151962,74.4390229
31.5152879,74.4390119
31.5164971,74.4438557
31.5138684,74.4437401
31.516509,74.4437825
31.5138607,74.443691
31.5177017,74.4468723
31.516681,74.4466309
31.5158461,74.4452041
31.5061524,74.4411341
31.5106261,74.436194
31.5056463,74.4432035
31.5104579,74.4394115
31.5117671,74.4388567
31.5102829,74.4403169
31.510489,74.4377609
31.5106831,74.4360451
31.5105795,74.4360557
31.501901,74.4426954
31.515001,74.44806
31.5014044,74.4294836
31.5013404,74.429639
31.4613041,74.4748865
31.4870515,74.4653278
31.4773131,74.4777029
31.4772142,74.4776393
31.5473069,74.3927029
31.5483636,74.392813
31.5465382,74.3935782
31.545803,74.3942921
31.5448776,74.3953339
31.5448268,74.3952637
31.546192,74.3938326
31.5492722,74.3928806
31.5690826,74.3407932
31.4583931,74.435533
31.4623143,74.4312061
31.462876,74.4300142
31.4627779,74.4299143
31.460391,74.433381
31.4620841,74.4344579
31.461906,74.4346899
31.5622947,74.3400577
31.5596388,74.3454343
31.6388884,74.2859754
31.5881222,74.3054116
31.6134111,74.2107808
31.6096189,74.2126
31.6096719,74.2127414
31.6041881,74.2148704
31.4353318,74.0291737
31.4590021,74.0827467
31.5947922,74.217667
31.5267796,74.1505374
31.6119151,74.2580026
31.6030873,74.2342756
31.597952,74.2223212
31.6039893,74.2362169
31.5297281,74.2734275
31.5383469,74.2834229
31.5502591,74.2732316
31.5497918,74.2861732
31.5489442,74.2890129
31.5318963,74.3279783
31.5242221,74.3460717
31.5049942,74.3494324
31.5090329,74.3453762
31.5089034,74.3453379
31.5072864,74.3539879
31.5069242,74.3588358
31.5046136,74.3574974
31.5071605,74.353976
31.5012513,74.3572147
31.5004646,74.3570618
31.4704104,74.2388789
31.5185874,74.3453886
31.5277474,74.359967
31.5267838,74.36003
31.524183,74.3583999
31.5175889,74.3604143
31.5819684,74.3322699
31.5446388,74.4205726
31.5415186,74.4269347
31.5418313,74.4260512
31.5420093,74.4256602
31.5420011,74.4263093
31.5417716,74.4260782
31.5415433,74.425623
31.5418653,74.4259328
31.5419248,74.4250363
31.5411505,74.4469005
31.4721076,74.3450902
31.4511811,74.2089267
31.4512906,74.2087858
31.4489927,74.2121021
31.4512414,74.2090065
31.6310909,74.2875074
31.5387075,74.3241035
31.5899247,74.3009025
31.5836777,74.3292519
31.5987632,74.3476338
31.6096727,74.3379655
31.5911861,74.3506089
31.5896526,74.3544476
31.5911445,74.3586543
31.5923042,74.362149
31.5884361,74.3671143
31.5921282,74.3673108
31.5917426,74.2149472
31.600319,74.3382613
31.5844191,74.3007422
31.5784732,74.2977399
31.5750878,74.2897119
31.5751912,74.2949158
31.5669332,74.30336
31.5763944,74.3137962
31.5802325,74.3183894
31.538751,74.2667663
31.538566,74.2665343
31.5409935,74.2666431
31.5848146,74.3161673
31.5841926,74.3156011
31.5854231,74.3125397
31.5887248,74.3182359
31.5883609,74.3190249
31.5757481,74.3172116
31.5757912,74.3194059
31.5757192,74.3167874
31.5774197,74.3095743
31.5755722,74.317822
31.4702707,74.2401449
31.5210427,74.3226542
31.5224696,74.3192533
31.524498,74.3150229
31.497619,74.3191042
31.4986165,74.3220295
31.4489341,74.3913513
31.4491498,74.3912084
31.4490509,74.3912775
31.5743583,74.3157679
31.4354209,74.0291399
31.6575519,74.024357
31.5987887,74.0576111
31.5638826,74.0742504
31.5506963,74.3128875
31.5502046,74.3156193
31.4924296,74.404192
31.4913239,74.4059457
31.4902541,74.4068552
31.4903373,74.4080278
31.5012527,74.3843855
31.4929849,74.3870839
31.4964942,74.2645616
31.4961348,74.2642927
31.5679146,74.3118016
31.5715887,74.3074694
31.571161,74.3085735
31.5711304,74.3085459
31.5702942,74.3107592
31.5673944,74.3106112
31.5549904,74.3320122
31.5260723,74.3792941
31.5374831,74.3797421
31.5305075,74.3715747
31.5219791,74.3836683
31.5260741,74.3791171
31.5221291,74.3737644
31.5221388,74.3790509
31.5144855,74.3813351
31.5586526,74.3154642
31.6092827,74.3026981
31.6089181,74.3024995
31.6093156,74.3209355
31.525128,74.2548914
31.5448331,74.2553843
31.5792521,74.2860439
31.6038476,74.2984456
31.5731645,74.2938288
31.5826973,74.3286825
31.5836468,74.3296996
31.567593,74.3184563
31.5874643,74.4010571
31.5903096,74.4363679
31.5899908,74.4332704
31.5458967,74.3021019
31.5490802,74.3032545
31.5381625,74.3286441
31.5349058,74.328298
31.5375324,74.3306259
31.5378135,74.3285978
31.5307683,74.3274999
31.5492622,74.3146081
31.5407893,74.3144236
31.5103885,74.3504841
31.5050155,74.3493345
31.5318793,74.3247063
31.5317293,74.3234043
31.576119,74.3347613
31.5015875,74.3648271
31.5729381,74.3318262
31.560881,74.3087584
31.5610728,74.3089156
31.5448658,74.2992524
31.5425686,74.3133612
31.5363915,74.3081631
31.5513187,74.3075646
31.5541575,74.3041698
31.5175544,74.2599433
31.5443974,74.2725997
31.5213036,74.2700741
31.5414739,74.2730786
31.521149,74.2666828
31.5448528,74.2791122
31.5348592,74.2676948
31.5176001,74.2600773
31.5211613,74.2609642
31.5249806,74.2632184
31.4700625,74.2437337
31.4703526,74.3011277
31.4708878,74.3028566
31.4716163,74.3026752
31.4704024,74.2984779
31.4712632,74.3002927
31.4765062,74.2988172
31.4760828,74.2992392
31.4564085,74.2779505
31.4617373,74.2850743
31.4596037,74.2872818
31.5206059,74.2940213
31.5188129,74.2919198
31.5142981,74.2967647
31.5016333,74.3217616
31.5000161,74.3173387
31.5002446,74.3167138
31.5069882,74.3064975
31.4948623,74.3025643
31.5040022,74.3118068
31.5040834,74.3118806
31.5041353,74.3116251
31.5005928,74.3173373
31.4916693,74.3070003
31.4860758,74.3052322
31.4772806,74.30729
31.525331,74.2834837
31.5644876,74.3805838
31.5625938,74.3805641
31.5629458,74.3826661
31.5624848,74.3805609
31.562238,74.3804348
31.5616972,74.3789426
31.5619496,74.3805812
31.5620677,74.3805656
31.5615494,74.3777847
31.5554911,74.4003172
31.5585666,74.3846524
31.5473544,74.3802276
31.5125914,74.2611861
31.573451,74.2837859
31.5472227,74.2731718
31.4523244,74.2933302
31.4135534,74.2141852
31.564075,74.3088253
31.5660112,74.3069675
31.5701865,74.3183457
31.5596105,74.3292242
31.5615784,74.3311988
31.566851,74.311975
31.5640979,74.3188272
31.5140479,74.3296255
31.5068514,74.3359861
31.526513,74.3639667
31.4819249,74.3328499
31.4638627,74.3401347
31.4598041,74.3270088
31.4739855,74.2714807
31.5592395,74.311381
31.5616909,74.3125495
31.5649805,74.3101753
31.5624387,74.3102101
31.5653166,74.3057918
31.5548431,74.3025933
31.5550279,74.3039715
31.5558933,74.3014249
31.5789439,74.3069217
31.4341213,74.1944108
31.4664387,74.2294074
31.4685942,74.30379
31.4676122,74.3023435
31.5204684,74.3239656
31.5179043,74.3174852
31.5122894,74.3292928
31.5244343,74.323628
31.5192441,74.3254753
31.5179148,74.3268951
31.5194713,74.3268801
31.5162282,74.3235198
31.5210588,74.3283769
31.5184023,74.3258018
31.5234663,74.3298974
31.5199485,74.3262194
31.6131106,74.2841689
31.6159881,74.2778187
31.6159722,74.2936755
31.6161036,74.2779259
31.5989346,74.3171725
31.5999161,74.3141536
31.5991079,74.3173284
31.6044475,74.3269988
31.5986896,74.3172353
31.5996854,74.3175726
31.6010968,74.3113275
31.6004755,74.3123738
31.5961065,74.3152295
31.5992463,74.3133706
31.5916724,74.3167611
31.5994881,74.3159051
31.5931315,74.3338914
31.609348,74.3043422
31.6088295,74.3028944
31.5791013,74.3254477
31.5807857,74.3268506
31.5764279,74.3233496
31.5759903,74.3175137
31.5766777,74.3238994
31.5755468,74.318289
31.5311371,74.3029741
31.5382556,74.3016923
31.5412904,74.313868
31.4609561,74.3932011
31.6261548,74.2646984
31.4215869,74.4451833
31.4121813,74.2093588
31.4108704,74.2045453
31.4097914,74.2001087
31.4143199,74.1840541
31.4099344,74.2000386
31.4123764,74.2092832
31.4139587,74.2220701
31.4138271,74.222071
31.5108615,74.3578768
31.4888313,74.353308
31.5019991,74.3590645
31.5400045,74.3769894
31.6148776,74.2486112
31.5096628,74.2718983
31.6362202,74.2826273
31.6281189,74.2758653
31.6345402,74.2764632
31.6493406,74.278672
31.6104949,74.2771058
31.5177068,74.4468076
31.5166743,74.4453494
31.4335685,74.2617606
31.576277,74.3076571
31.5524587,74.2753984
31.5209634,74.2968666
31.527605,74.4347316
31.4675648,74.4566027
31.4657447,74.459964
31.4598307,74.4615991
31.4681235,74.4641519
31.4597363,74.4617118
31.4769399,74.4472583
31.4612666,74.4637466
31.4752101,74.4451986
31.479368,74.4507433
31.4791251,74.4503701
31.575129,74.1311309
31.5693262,74.0613084
31.57507,74.1321155
31.5749957,74.1335402
31.5752024,74.0962814
31.4655403,74.2740333
31.4702839,74.4486805
31.5085948,74.0983223
31.5105105,74.152799
31.5071736,74.0988617
31.5201485,74.4247663
31.4862665,74.4754686
31.6064196,74.3387008
31.5999578,74.338072
31.5923118,74.3443418
31.5883283,74.348088
31.5870007,74.3498321
31.5853062,74.3447561
31.5860741,74.3422135
31.5871947,74.3397443
31.5928938,74.3366542
31.5933787,74.3357793
31.6063458,74.3314343
31.4611839,74.4748605
31.5391618,74.4291071
31.523607,74.4467558
31.5220109,74.4469964
31.4306747,74.2703933
31.4323869,74.2688091
31.5039367,74.2743498
31.5046429,74.271903
31.434024,74.2379499
31.4423877,74.2425197
31.4495867,74.3978935
31.5704444,74.3475839
31.5747344,74.3487974
31.5674844,74.3465535
31.5707905,74.3479568
31.5591337,74.3514811
31.5647123,74.3443975
31.5659499,74.3452767
31.5839333,74.330258
31.5841074,74.3301592
31.584087,74.3301143
31.5891934,74.3300464
31.587312,74.3308464
31.5879324,74.3327903
31.609143,74.3376129
31.6011687,74.3113722
31.6055512,74.4120755
31.6342784,74.3954657
31.6157771,74.2921845
31.6147172,74.2949182
31.443288,74.2832727
31.4628375,74.44794
31.4761502,74.4630279
31.4512624,74.2040783
31.5103949,74.2534577
31.5133903,74.2569056
31.5134053,74.2568226
31.5135464,74.2568398
31.5051207,74.2811665
31.4465276,74.3217891
31.455258,74.3783466
31.4538606,74.38489
31.4546641,74.38122
31.4552348,74.3783792
31.4535718,74.3656692
31.4538976,74.384461
31.452322,74.3691461
31.4540516,74.3837945
31.4545108,74.3820618
31.4591865,74.366056
31.4405756,74.383789
31.4499336,74.2106849
31.4476959,74.2137745
31.4298987,74.2168538
31.4450641,74.2132279
31.4459282,74.2141886
31.5844404,74.3490933
31.5838696,74.3401824
31.5866862,74.3472667
31.5230352,74.3203655
31.5261345,74.3332544
31.525225,74.3321835
31.5662747,74.2856576
31.4442995,74.2116754
31.4417913,74.2080168
31.6137362,74.2649976
31.6260658,74.2954012
31.6279119,74.2982478
31.6257331,74.2973826
31.627079,74.3007925
31.6021187,74.3575174
31.6048532,74.3622579
31.6047416,74.3622147
31.6010773,74.3609219
31.5992241,74.3623419
31.5958092,74.3663242
31.5978377,74.4015701
31.5949709,74.4001648
31.5930158,74.3644196
31.5915016,74.3657199
31.5756687,74.3616967
31.56453,74.3807827
31.5667703,74.3846145
31.5672517,74.3881318
31.5704413,74.3796197
31.57498,74.3757049
31.5727088,74.3722417
31.5582459,74.3067331
31.561831,74.3046453
31.5955571,74.3565722
31.6009608,74.3476288
31.599051,74.3659159
31.5990817,74.381358
31.5927278,74.4600385
31.5919713,74.4525144
31.5911317,74.4440809
31.6187819,74.4187115
31.5773694,74.4561683
31.5756137,74.3235477
31.5539952,74.3198119
31.5510389,74.309906
31.5485517,74.2753725
31.5522012,74.2867748
31.5642512,74.2819584
31.5298195,74.3223807
31.5179521,74.3273797
31.5212486,74.3275412
31.4321919,74.3510542
31.4405882,74.278048
31.4557361,74.2842096
31.4702402,74.2849685
31.45704,74.277751
31.4740005,74.2769825
31.4686888,74.278608
31.4596838,74.2769163
31.464006,74.2780963
31.4584738,74.2772984
31.4460736,74.2747726
31.483495,74.287251
31.4867381,74.2933083
31.4762359,74.2641998
31.480997,74.282233
31.4837331,74.2868681
31.4723861,74.2461746
31.4695051,74.2350398
31.4706164,74.2388313
31.5038577,74.3119808
31.5161973,74.3229883
31.5052881,74.3133728
31.5053051,74.3126585
31.515276,74.3167416
31.5126753,74.3199513
31.5125332,74.3200481
31.5127149,74.3197335
31.5362152,74.342489
31.5517396,74.3629683
31.441325,74.2132508
31.4383888,74.2143315
31.4373616,74.2132204
31.4357259,74.2096284
31.433428,74.2125017
31.4360789,74.2118142
31.4348325,74.2103133
31.4333634,74.2124366
31.4319754,74.2146096
31.5065026,74.37595
31.4904093,74.2721115
31.5180255,74.3551744
31.5184659,74.3568886
31.440981,74.351354
31.4469321,74.3208591
31.4447668,74.3259349
31.4388446,74.3180383
31.4364263,74.2784061
31.4434898,74.3024141
31.4382996,74.2867834
31.4412122,74.2074218
31.4425553,74.2075737
31.4434909,74.2104536
31.520419,74.3233716
31.5037469,74.3121805
31.5028026,74.3110325
31.5038721,74.3124225
31.5044571,74.3115296
31.5041768,74.3113583
31.536275,74.3425338
31.5337738,74.3395402
31.5363998,74.3419264
31.5348062,74.3444541
31.5375631,74.3377802
31.5311797,74.3515038
31.5316144,74.3535119
31.5441706,74.3499815
31.5396914,74.3456551
31.5444452,74.3495844
31.5484536,74.3534039
31.5589009,74.3675575
31.4516883,74.3070781
31.4509025,74.3067041
31.4910342,74.310724
31.593426,74.3268636
31.4198963,74.1856374
31.5499443,74.3802266
31.5437602,74.3500091
31.5442108,74.3503712
31.5443397,74.3490793
31.5449364,74.3494985
31.5733159,74.305978
31.5691362,74.3216439
31.5739434,74.3169855
31.575745,74.3171595
31.5748916,74.3137782
31.5835601,74.3065778
31.5775354,74.3095749
31.5814444,74.3368036
31.4668045,74.397696
31.4665124,74.3946444
31.4835185,74.3924693
31.4942074,74.3750268
31.4844028,74.3851357
31.4830815,74.3853132
31.4750218,74.402631
31.4748951,74.4025401
31.4836269,74.3927532
31.4755829,74.4113718
31.4649022,74.3882355
31.4743898,74.3191112
31.4923318,74.3303914
31.4957929,74.33259
31.4959326,74.3322081
31.4970564,74.3336626
31.4860462,74.308194
31.4917875,74.3213809
31.4832983,74.3059802
31.4813853,74.3072115
31.502026,74.269627
31.526867,74.2874872
31.5281782,74.2860644
31.5266329,74.2933182
31.5223412,74.2866637
31.5211815,74.2996551
31.5083289,74.3206225
31.5708382,74.3538418
31.5753493,74.334187
31.5701252,74.3282635
31.5507262,74.3774407
31.5364885,74.3343281
31.5767486,74.3215667
31.5789541,74.3244529
31.5617339,74.3324576
31.5389007,74.3120502
31.5302546,74.306437
31.5299366,74.3094487
31.5163748,74.2804457
31.5149123,74.2703149
31.5115845,74.2691888
31.5108577,74.2695697
31.5142376,74.2706286
31.527417,74.2781431
31.5784313,74.3069329
31.5718272,74.3171806
31.5721151,74.3169706
31.5713578,74.3172698
31.5770009,74.3240217
31.4562953,74.314245
31.45359,74.3081606
31.4595464,74.3129538
31.4324857,74.3025093
31.4496442,74.285138
31.4564877,74.2972894
31.4320746,74.3065312
31.4355362,74.3101703
31.4283813,74.2992516
31.4484266,74.3057736
31.4457545,74.3119203
31.4485092,74.3057635
31.4495953,74.3064964
31.4501223,74.3019625
31.4481373,74.3132615
31.4676791,74.4313115
31.4688777,74.4304068
31.4698395,74.4293946
31.4700303,74.4372789
31.4672271,74.4311191
31.46777,74.4342642
31.4687979,74.4332495
31.4686641,74.4333091
31.468586,74.4356331
31.4466242,74.4091519
31.456152,74.4350393
31.5242134,74.419378
31.4519536,74.3931799
31.4516115,74.3941463
31.4508644,74.3981807
31.4518183,74.392489
31.4498691,74.3940625
31.4324469,74.2076587
31.5603026,74.3904582
31.5636617,74.402113
31.5572456,74.4046241
31.5642323,74.4143483
31.5626898,74.4004806
31.5591673,74.4021417
31.5528549,74.3886598
31.4325073,74.2075926
31.4361448,74.2117482
31.5702844,74.4326359
31.5728204,74.4357797
31.5703048,74.4325997
31.574011,74.4358077
31.5936925,74.4693442
31.5903947,74.4387967
31.590842,74.4347192
31.5892909,74.4345638
31.5894819,74.4308551
31.5891821,74.4254487
31.5876767,74.4106205
31.5885005,74.4178691
31.5909456,74.3982104
31.5844606,74.3849546
31.5862837,74.3963599
31.5858532,74.3926232
31.561457,74.2959437
31.5655952,74.2879372
31.608816,74.3927787
31.607892,74.3992653
31.603961,74.4003669
31.6038618,74.4004123
31.6089662,74.3927353
31.5683771,74.296499
31.5684478,74.284691
31.562271,74.2883058
31.5580798,74.2974604
31.5597219,74.2820153
31.5398309,74.4271288
31.5435068,74.4334154
31.5392356,74.4283496
31.5401116,74.4293105
31.4556635,74.4104515
31.5399729,74.3191658
31.5276724,74.3113127
31.5323511,74.2871853
31.5317747,74.2868533
31.5659945,74.3114812
31.5672937,74.3117066
31.5518834,74.3189933
31.5521825,74.3182109
31.5527263,74.3163582
31.5330807,74.3117285
31.587526,74.3264699
31.5991595,74.3167708
31.5934669,74.3313936
31.6028071,74.3891038
31.5888024,74.356704
31.5896635,74.3475528
31.5905812,74.3881583
31.5584267,74.380436
31.5617539,74.3802982
31.5603383,74.3807259
31.5622989,74.3806982
31.5626306,74.3807591
31.5404403,74.4277861
31.5396523,74.4287266
31.5396132,74.4289596
31.5491063,74.3147608
31.5549996,74.3115643
31.5500942,74.31451
31.5542355,74.319679
31.4639501,74.2186131
31.4624022,74.2203535
31.462464,74.2204843
31.4383763,74.2144093
31.439358,74.2154526
31.5440605,74.2946276
31.545408,74.2927314
31.5431248,74.2981948
31.5441814,74.2947066
31.5363485,74.2927907
31.5308509,74.2917029
31.5322114,74.3088944
31.5234523,74.3104885
31.5198869,74.3141249
31.5239992,74.3113762
31.5233199,74.3173253
31.5274964,74.3173786
31.5719185,74.3092501
31.5746309,74.3115704
31.5716686,74.3129344
31.5833256,74.3216809
31.5843204,74.3148918
31.5855842,74.3125416
31.5617418,74.3149908
31.5650082,74.3162567
31.5639813,74.3252617
31.5824087,74.3186818
31.4475266,74.2164784
31.4476141,74.2164868
31.5092504,74.2715028
31.5154062,74.2759032
31.5157341,74.2761335
31.5582189,74.3065367
31.5676871,74.2976839
31.5666455,74.3033121
31.5667983,74.3032829
31.5667752,74.3035656
31.5666013,74.3035902
31.5668329,74.3012785
31.5693055,74.3048883
31.5699444,74.3051662
31.5548685,74.3119721
31.5621269,74.3083765
31.584517,74.3219807
31.5865207,74.3188295
31.5837828,74.3303131
31.58351,74.3298583
31.5838181,74.3302115
31.5837006,74.3300939
31.5836321,74.330177
31.583527,74.330045
31.5816581,74.3318499
31.5818316,74.3320898
31.5816518,74.3325918
31.5813379,74.3321804
31.5815084,74.3324307
31.5812583,74.3412809
31.5814712,74.3380921
31.5862279,74.3370276
31.5947652,74.3387747
31.587728,74.3435248
31.5850739,74.3470282
31.5839815,74.3459549
31.5868489,74.362422
31.5949737,74.3565809
31.5672221,74.3779453
31.5751709,74.3810232
31.58323,74.3789557
31.5566392,74.3805905
31.5063559,74.3366544
31.5036915,74.3286594
31.5088116,74.3394799
31.5047667,74.33271
31.5064946,74.3351998
31.504534,74.3313108
31.5045236,74.3327306
31.5028557,74.3269968
31.503548,74.3291883
31.4996786,74.3336027
31.5044361,74.3314082
31.5104739,74.3292572
31.5044876,74.3316157
31.5063792,74.330562
31.5032697,74.3282389
31.5026149,74.3258929
31.5008648,74.3197588
31.5010247,74.3203271
31.5007127,74.3332637
31.5040073,74.330923
31.500633,74.3333226
31.5006284,74.33325
31.4987607,74.3338916
31.4977487,74.3345029
31.4876514,74.3387908
31.4735019,74.3446892
31.5036622,74.3317819
31.5062997,74.3309698
31.5046326,74.3315735
31.5049091,74.3319345
31.4710849,74.2455008
31.4699349,74.2375347
31.4714704,74.2437083
31.4733565,74.2498925
31.4733079,74.2496746
31.468867,74.2332782
31.4567499,74.2963286
31.4553108,74.3007828
31.4451297,74.2954868
31.4497448,74.3142644
31.455404,74.3008343
31.4201112,74.2188068
31.4197228,74.21826
31.5297694,74.3991164
31.5295425,74.3988201
31.4711987,74.2427171
31.4841988,74.3061378
31.4758305,74.3089399
31.4757253,74.3055638
31.574682,74.3047479
31.5762351,74.3069306
31.5892225,74.3004543
31.602212,74.297596
31.5882497,74.2913327
31.5652105,74.2786458
31.5719335,74.2822102
31.5475876,74.2696271
31.5457545,74.2681494
31.5738758,74.2784458
31.5436314,74.2770986
31.54238,74.285209
31.4728621,74.2961545
31.4727343,74.29613
31.469771,74.1027065
31.5314114,74.1600379
31.4658221,74.1027701
31.4841974,74.0888584
31.4946185,74.287809
31.5018902,74.2821545
31.586007,74.3072886
31.5857842,74.310885
31.5796117,74.3201102
31.5792437,74.3240204
31.5880283,74.3198002
31.5914604,74.3171414
31.5414171,74.2904569
31.523234,74.3044211
31.5216488,74.3090294
31.5074245,74.3499041
31.4182922,74.1839305
31.4870152,74.2930194
31.495148,74.3023926
31.4863086,74.2911774
31.4081779,74.2075512
31.4083221,74.2136669
31.4081538,74.2138659
31.4720934,74.2445961
31.4684119,74.2671503
31.4676924,74.2558741
31.5039919,74.2469852
31.4557477,74.2017356
31.4513901,74.2042417
31.4533658,74.2021551
31.4540616,74.201823
31.4541557,74.2020194
31.5031811,74.3490387
31.5884915,74.4188016
31.5751809,74.3812037
31.5811714,74.3344424
31.4405718,74.2064345
31.4707316,74.2403574
31.4369369,74.2050944
31.4350903,74.2376598
31.4705054,74.2394455
31.4458651,74.2161517
31.5912753,74.3386354
31.5891045,74.3390424
31.5846979,74.337798
31.5852371,74.3396338
31.6011955,74.3663872
31.6002936,74.3647878
31.6021216,74.365909
31.6021663,74.365772
31.6022722,74.3659118
31.6457281,74.1786074
31.6226539,74.2387394
31.4781652,74.4133165
31.6050934,74.3095638
31.6030335,74.3100592
31.6035099,74.3103655
31.6032425,74.310586
31.5986976,74.3157252
31.5948589,74.2971912
31.598413,74.3296817
31.6045856,74.3424768
31.6068224,74.342046
31.5223709,74.32498
31.4200702,74.2560791
31.4206332,74.2530248
31.4207835,74.2530095
31.4210592,74.2533621
31.4209952,74.2532975
31.4215116,74.2523992
31.4404929,74.2673508
31.4461643,74.2621723
31.4725496,74.2820392
31.4699016,74.3443114
31.4127891,74.3705072
31.4600078,74.3155091
31.4649291,74.2152181
31.4647853,74.2152056
31.463928,74.2166938
31.4639112,74.2134859
31.4639265,74.2151381
31.5727639,74.3058965
31.5474621,74.3161805
31.5170556,74.26335
31.5137695,74.2613049
31.4409399,74.2396993
31.5842628,74.3398456
31.5841121,74.3834407
31.5771742,74.4137133
31.5718914,74.418876
31.6200193,74.2901104
31.6276027,74.2822709
31.5994349,74.2978401
31.5428831,74.3213828
31.5421427,74.3190925
31.5831382,74.3786551
31.5830967,74.3639131
31.5610841,74.3083023
31.5422735,74.2661461
31.5440109,74.276319
31.5386798,74.2635783
31.539247,74.2650053
31.538646,74.265989
31.6252062,74.3063868
31.6277894,74.3093109
31.486431,74.4018739
31.4944295,74.4188008
31.6037725,74.3299401
31.6038057,74.3555019
31.5983363,74.3560896
31.6073222,74.3671153
31.5957806,74.3776882
31.5952821,74.3784488
31.6002698,74.3994079
31.5907531,74.4078238
31.5970528,74.4045416
31.5951719,74.4106455
31.5807068,74.4081063
31.5786762,74.4100026
31.5756479,74.4063331
31.571864,74.4092808
31.5718221,74.387502
31.561821,74.4101258
31.5342489,74.4563456
31.5282723,74.4494336
31.5302199,74.4526901
31.5336493,74.4756786
31.5222339,74.4587215
31.5226772,74.4656229
31.5192891,74.4622657
31.5511843,74.4777089
31.5742862,74.3062831
31.4945357,74.2876373
31.4880311,74.2939642
31.4750906,74.3056031
31.4859004,74.2922814
31.4904285,74.2899675
31.5472174,74.3156173
31.5207701,74.3252141
31.5209231,74.3250989
31.5443557,74.3167883
31.5203173,74.3261328
31.5213032,74.324852
31.5225309,74.3401057
31.6094351,74.4220916
31.6101734,74.4233971
31.6108172,74.4247108
31.6033934,74.4279269
31.6328287,74.454837
31.6012559,74.4284773
31.4466827,74.2151488
31.5808767,74.3955197
31.6037299,74.3999929
31.469835,74.3082102
31.4762866,74.3072585
31.4786737,74.308943
31.4689932,74.3174947
31.4689582,74.3175927
31.473481,74.3200375
31.4608435,74.3592819
31.4970332,74.3592403
31.4565801,74.3135484
31.4564968,74.3137512
31.4937325,74.2602236
31.4575458,74.435473
31.454803,74.4340211
31.517277,74.2693025
31.5113823,74.3044025
31.5208716,74.2853925
31.5222414,74.2877734
31.5154991,74.2765718
31.4767356,74.337522
31.5020304,74.300818
31.5100306,74.3170442
31.4889523,74.3018074
31.5254448,74.3312749
31.5188446,74.3218484
31.5229336,74.3137155
31.5228321,74.3122458
31.5684778,74.3243638
31.5683576,74.3243998
31.561013,74.3011106
31.5619179,74.2872536
31.5583947,74.2857896
31.5617197,74.2854323
31.5582108,74.2813359
31.5793837,74.2915207
31.5804749,74.2940584
31.632384,74.284924
31.6425701,74.289936
31.6332659,74.3096756
31.6309449,74.3077333
31.6365929,74.2986403
31.6460235,74.2994698
31.560434,74.308479
31.5621801,74.3068674
31.4394462,74.2544693
31.4989403,74.2738409
31.5288521,74.2946938
31.4643801,74.2306589
31.4620962,74.2306894
31.4526105,74.2412042
31.4623465,74.2318229
31.4622857,74.2317022
31.4643288,74.2302538
31.4631297,74.2283086
31.4631203,74.2322188
31.4634535,74.2296008
31.4391153,74.2820996
31.43652,74.2782864
31.4392651,74.2820706
31.4421033,74.2875858
31.44193,74.2972512
31.4398719,74.3021317
31.441895,74.2972348
31.4431132,74.2942818
31.4431869,74.294317
31.4909475,74.3106583
31.4401431,74.2882103
31.4349105,74.2918283
31.4368906,74.2905554
31.4367354,74.290959
31.4362273,74.2920919
31.4355981,74.2935011
31.4355521,74.2932794
31.4361433,74.2919297
31.436595,74.2908846
31.4380387,74.2870792
31.4902827,74.3122341
31.4639817,74.2336224
31.5417827,74.3140512
31.542142,74.3160055
31.5358703,74.2899032
31.5494199,74.2996762
31.5469535,74.2948433
31.5428724,74.3065504
31.5428345,74.3195994
31.54023,74.3166974
31.5185128,74.3188991
31.5180611,74.3153073
31.5189603,74.3204402
31.5061147,74.441006
31.5103808,74.4403667
31.5447891,74.3020202
31.5432056,74.3049837
31.5464421,74.3100826
31.5427748,74.3085638
31.5489853,74.280774
31.4625854,74.2790119
31.4654903,74.2821426
31.4666576,74.2875719
31.5352101,74.2863432
31.5368537,74.2891503
31.5300989,74.2830828
31.5308686,74.2743858
31.532535,74.2709582
31.5376464,74.2766153
31.5384816,74.2721632
31.5380199,74.2720879
31.5433672,74.2902083
31.5132972,74.3189101
31.5125695,74.3198522
31.5118751,74.3209124
31.4973736,74.3184299
31.4757404,74.339246
31.4751191,74.3323334
31.47311,74.325756
31.4548463,74.2830134
31.4572503,74.2791177
31.4228634,74.2891197
31.461038,74.2326574
31.4612505,74.232904
31.4621935,74.2318538
31.4286266,74.1911242
31.5708805,74.3122639
31.5853798,74.3605627
31.5850888,74.3638807
31.598856,74.3425337
31.5045379,74.331944
31.433139,74.318068
31.4339648,74.2336619
31.461442,74.3039109
31.6076289,74.3665047
31.6085402,74.3669917
31.6091943,74.3677859
31.5756946,74.3938215
31.5731676,74.4333621
31.5739173,74.4371187
31.5727071,74.4332228
31.5890698,74.3064265
31.589137,74.3068925
31.5981143,74.3137809
31.597158,74.3141595
31.5961136,74.3137008
31.5953143,74.3152093
31.5951644,74.31483
31.5968375,74.3137664
31.5957318,74.3120821
31.5961908,74.3125145
31.5952354,74.312088
31.5940631,74.3098658
31.5944329,74.3098838
31.5919997,74.3073846
31.592119,74.3078263
31.5922485,74.3066972
31.5929614,74.3056593
31.592943,74.304067
31.5925418,74.3038732
31.5912442,74.306088
31.4614859,74.3040249
31.4673675,74.4333851
31.5024801,74.325683
31.5028664,74.3270447
31.5043977,74.3319195
31.5053005,74.3341258
31.6022095,74.2210264
31.6006572,74.2215897
31.5991783,74.2216891
31.6196333,74.2988821
31.6224098,74.2938611
31.6290883,74.2082033
31.5881275,74.3221132
31.5904705,74.3169096
31.5951283,74.3132464
31.5940747,74.3089488
31.5850757,74.4143969
31.5859594,74.4095546
31.5867826,74.4250938
31.571812,74.2982282
31.493786,74.3141478
31.5876142,74.3295342
31.5886471,74.2960026
31.5576035,74.2845388
31.5651428,74.2986837
31.6307585,74.2816878
31.6109408,74.2626474
31.6106368,74.2701335
31.611668,74.2659912
31.6111611,74.2636663
31.6092713,74.265249
31.6070563,74.2725724
31.6112296,74.290091
31.6485113,74.2741334
31.6433822,74.2811971
31.649021,74.2774476
31.6473529,74.2858937
31.6500224,74.2770084
31.6487642,74.2800447
31.6479313,74.2821275
31.6297315,74.2988524
31.6257973,74.2998788
31.5795398,74.3258954
31.5826581,74.3283708
31.5816844,74.3276361
31.5835991,74.3294507
31.6300617,74.2284701
31.6372735,74.2287899
31.6614272,74.2526414
31.60891,74.2731294
31.6227703,74.2579288
31.6083038,74.2762252
31.6165648,74.2643599
31.6228784,74.2765762
31.6321558,74.3108922
31.6356695,74.3070964
31.6271745,74.305166
31.5813063,74.3776104
31.5776562,74.4064662
31.5821049,74.4067058
31.5698132,74.3718573
31.6475737,74.4566357
31.6174107,74.4503917
31.6338346,74.4357007
31.6468903,74.4084728
31.6268237,74.3678034
31.4894135,74.290932
31.4936522,74.2873087
31.4946494,74.2864883
31.5265244,74.4517507
31.5342958,74.4562889
31.5262717,74.4521272
31.5299159,74.4575579
31.5284152,74.4493252
31.5300043,74.4575623
31.4874453,74.4123609
31.5877869,74.3869234
31.5883041,74.3870117
31.4646425,74.4272917
31.4508526,74.4321501
31.4604157,74.4334276
31.4507927,74.4323338
31.4468921,74.4305145
31.4526166,74.4325556
31.4555681,74.4340105
31.4481704,74.4313069
31.4481109,74.4313989
31.4686449,74.2849144
31.5407918,74.3534852
31.541185,74.3530215
31.4678842,74.2703194
31.5827745,74.3253251
31.5821178,74.3265967
31.4458626,74.260093
31.4980064,74.3202596
31.5010907,74.4450273
31.5055819,74.443094
31.4550318,74.1088802
31.4638512,74.0961088
31.5622823,74.3340305
31.561128,74.3434188
31.4570123,74.0635947
31.4536559,74.0656357
31.4546166,74.0636641
31.4529112,74.0650739
31.4512839,74.0596473
31.4886509,74.1111082
31.4787021,74.0601484
31.474201,74.055186
31.4777651,74.0746264
31.4452349,74.2132285
31.4434229,74.2105353
31.5709028,74.3966768
31.5683521,74.3955107
31.5743469,74.4042038
31.5733336,74.4062405
31.5766463,74.4111799
31.572526,74.4017345
31.5716949,74.3919782
31.5719104,74.390862
31.5711037,74.3912446
31.5790529,74.3946466
31.5802478,74.3893703
31.4837066,74.3857343
31.4841332,74.3859148
31.4833239,74.3870788
31.4835219,74.3925081
31.4717262,74.3683037
31.4224223,74.2293953
31.4290959,74.2372055
31.429065,74.2372546
31.4101526,74.2493629
31.4157034,74.2504139
31.4123249,74.2559607
31.41248,74.2559907
31.4159011,74.2503666
31.4156987,74.2499491
31.4101469,74.2495449
31.4206911,74.2530039
31.4207873,74.2530859
31.5540346,74.3048649
31.5927437,74.3384947
31.5931191,74.3364667
31.5939932,74.337557
31.6074478,74.3377167
31.5216881,74.3466643
31.52139,74.3465066
31.5721451,74.3833207
31.5718617,74.3843007
31.5708092,74.3845249
31.5085839,74.2797741
31.5084888,74.2798665
31.5035863,74.3161936
31.4984729,74.3164895
31.4660317,74.2678604
31.4770377,74.4210124
31.5236854,74.3470528
31.4511551,74.2096673
31.4507379,74.2091199
31.5561078,74.2867101
31.5568647,74.2873237
31.4557484,74.2018838
31.4697377,74.4371048
31.4699471,74.4379267
31.4714827,74.4506582
31.471296,74.4504151
31.4717413,74.4503977
31.4715503,74.4501495
31.5817762,74.3274663
31.5815383,74.3274146
31.5453908,74.2773296
31.5041947,74.3326895
31.5835268,74.3178506
31.4962177,74.2720879
31.4968596,74.2731163
31.4980841,74.2740079
31.4990073,74.3358067
31.5040029,74.3301583
31.5034147,74.3281901
31.4825746,74.2860307
31.4823788,74.2838956
31.4824586,74.2840787
31.48228,74.2840461
31.5046658,74.3310058
31.5036573,74.3310835
31.5525173,74.3210457
31.4559041,74.394564
31.5865264,74.3433404
31.5852863,74.3342315
31.5847341,74.3359193
31.5850401,74.3350526
31.5806494,74.3353192
31.5819952,74.3341762
31.5823278,74.3361797
31.4256917,74.2585055
31.422147,74.187664
31.4269934,74.1873476
31.4237787,74.1887125
31.4233182,74.1883148
31.4729903,74.3108139
31.6382335,74.1341068
31.4716604,74.4586988
31.4711182,74.4588661
31.4714234,74.4585556
31.4719204,74.4584444
31.4530484,74.3523835
31.4526594,74.3643576
31.4236212,74.3577795
31.6105356,74.2502616
31.5209069,74.3513721
31.5448181,74.4115024
31.5446692,74.412286
31.5106187,74.3027898
31.5155224,74.3128062
31.5098111,74.3009646
31.5044404,74.2892552
31.5026426,74.2843045
31.5045148,74.2892205
31.5003971,74.277998
31.502475,74.2835771
31.4990353,74.2740929
31.5003245,74.2775378
31.4982099,74.2718656
31.4967308,74.2670806
31.4973983,74.2695504
31.4974735,74.269527
31.4982837,74.2718387
31.4819539,74.2508843
31.4782679,74.2534111
31.4767245,74.2460745
31.4788327,74.2467744
31.4415044,74.3549995
31.4430745,74.3549206
31.4420202,74.3552989
31.4469808,74.354429
31.4522907,74.3527787
31.4623921,74.3488723
31.4548759,74.3519862
31.4609962,74.3496839
31.4637281,74.3488587
31.4801113,74.3612699
31.4655145,74.348427
31.4667945,74.3482387
31.4745724,74.344381
31.4955148,74.3354193
31.4709858,74.4063785
31.5143177,74.328377
31.6070629,74.4250479
31.6051883,74.4262549
31.6042256,74.4269068
31.4684805,74.4183757
31.4479784,74.3131677
31.4467401,74.3205361
31.4236119,74.2658266
31.4235038,74.2658369
31.4184408,74.2782613
31.4184674,74.2780708
31.4263428,74.2434363
31.4802218,74.2808196
31.4803632,74.2811847
31.4803816,74.2808797
31.4806196,74.2808902
31.4808234,74.4027014
31.5524273,74.3581485
31.4244221,74.2052808
31.4247097,74.2056904
31.4207405,74.2022556
31.4847288,74.3928891
31.4443766,74.4321372
31.5503369,74.2864702
31.5723702,74.3067434
31.4758614,74.4162779
31.4765325,74.4184086
31.4660639,74.4018612
31.4670782,74.3970479
31.5314825,74.3221896
31.5069083,74.3758827
31.4633728,74.4487455
31.4633161,74.4486711
31.4643913,74.4500738
31.4664874,74.4530461
31.4652846,74.4570609
31.4646639,74.4422733
31.530423,74.452489
31.530401,74.4529215
31.5299939,74.4529333
31.5300433,74.452426
31.543577,74.3963588
31.5438198,74.3963329
31.5437919,74.3962637
31.5492777,74.3927974
31.5468,74.3931822
31.5461828,74.4040543
31.5742708,74.3235543
31.5781565,74.3255741
31.5798383,74.3278982
31.585916,74.3091795
31.5852731,74.3126042
31.5810776,74.3092152
31.5653293,74.296848
31.5543186,74.2833122
31.5525555,74.3043821
31.5447399,74.2993527
31.5309149,74.298703
31.5236223,74.2986843
31.5238609,74.3086413
31.5170847,74.3809744
31.5175657,74.3816064
31.5172061,74.3815781
31.5174665,74.3779497
31.517639,74.3784962
31.5169263,74.3791581
31.6088833,74.3032184
31.6087291,74.3031891
31.6090152,74.3034909
31.6088195,74.3033927
31.6075581,74.3051341
31.6028339,74.3000393
31.4928035,74.4028361
31.4841257,74.3313899
31.4796924,74.3383348
31.5577489,74.240865
31.5807602,74.2266779
31.5779396,74.2257144
31.5688637,74.2337771
31.4470091,74.2625875
31.6171098,74.2913215
31.6176045,74.2912936
31.4658806,74.2115929
31.4658018,74.2115813
31.4601605,74.2529837
31.5301046,74.323807
31.5586636,74.4038943
31.5580546,74.406684
31.5579528,74.4090469
31.5577137,74.4094495
31.5525462,74.3567982
31.5521787,74.3564522
31.5547057,74.3568303
31.5125642,74.3204336
31.5133488,74.3189615
31.5119293,74.3209601
31.4512708,74.3884164
31.4492683,74.2426374
31.4497589,74.2423502
31.4499923,74.2426824
31.4495123,74.2430638
31.4522798,74.3858381
31.5295633,74.4654337
31.5296438,74.4652343
31.4505438,74.220726
31.5378365,74.3367077
31.5168197,74.3214588
31.6127068,74.2949568
31.6129172,74.2963314
31.5397898,74.3185826
31.5399531,74.3184907
31.539449,74.3194447
31.5417933,74.313746
31.5424678,74.3163947
31.6094391,74.2887146
31.5624815,74.3179436
31.4253585,74.3414334
31.4262113,74.3415379
31.4288301,74.3422112
31.4270835,74.3418403
31.4288096,74.3423597
31.4311394,74.3430282
31.4304297,74.3427417
31.4311758,74.3428892
31.4338358,74.3454751
31.4356111,74.3459913
31.43629,74.3457685
31.518181,74.3265091
31.5904701,74.3767924
31.5988579,74.3800284
31.5319147,74.3265783
31.4231266,74.3184059
31.4218511,74.2474219
31.4161496,74.2500191
31.4352994,74.2568767
31.4196126,74.2298534
31.4162357,74.2494382
31.4279082,74.2183138
31.42863,74.2192501
31.4285423,74.3777384
31.4284677,74.3777108
31.4259325,74.3876048
31.5111376,74.092918
31.5098435,74.0890513
31.5129107,74.0898361
31.4558601,74.2873095
31.4449886,74.27917
31.4498856,74.2844635
31.4516906,74.2864042
31.4534414,74.2882997
31.4474729,74.2827774
31.4528405,74.3886916
31.4536499,74.3851917
31.4369623,74.3831433
31.4396032,74.3564742
31.4276791,74.3811597
31.5855695,74.3164086
31.6239517,74.2505802
31.5764039,74.3302023
31.5849283,74.3302749
31.5491371,74.3830484
31.5485672,74.378839
31.5838878,74.3374932
31.585372,74.3356776
31.5699786,74.3311357
31.5215498,74.3127065
31.5198265,74.3080056
31.56857,74.2931899
31.5666824,74.2865096
31.564602,74.2904022
31.5587264,74.3011119
31.5600467,74.2992891
31.5797815,74.294095
31.5936587,74.3008119
31.5870106,74.3012757
31.5879553,74.2989064
31.5907243,74.2997615
31.5855688,74.2944592
31.5870018,74.2969625
31.5830757,74.2973709
31.5657451,74.3226873
31.5644853,74.296294
31.5556456,74.303827
31.5833023,74.3238468
31.5831622,74.3246105
31.582315,74.3261474
31.5822036,74.3264011
31.5830012,74.3194231
31.5786998,74.308436
31.5789381,74.3088756
31.5772657,74.3176659
31.5754614,74.3065911
31.5534366,74.3042876
31.5975469,74.3416035
31.5977509,74.3394621
31.5145659,74.2824406
31.5173721,74.2856271
31.5699526,74.2993035
31.5374401,74.2725816
31.577821,74.3708984
31.5682804,74.3736933
31.5425424,74.3602322
31.5423978,74.3598512
31.4962691,74.3573475
31.5265167,74.2810041
31.5713088,74.2900505
31.5448206,74.3240335
31.5476391,74.325958
31.5727904,74.3370977
31.5722685,74.3361192
31.5723893,74.3360584
31.5720033,74.3354086
31.5696999,74.330347
31.5927286,74.3317704
31.5887597,74.3319569
31.5930078,74.3961298
31.5735342,74.3867651
31.5583859,74.4089802
31.5581327,74.4080556
31.5036146,74.3121564
31.563919,74.4200721
31.5639671,74.3904729
31.6003462,74.3885593
31.5142123,74.3473556
31.5168933,74.351569
31.5132027,74.3510834
31.5186164,74.3535791
31.4977614,74.3569141
31.4940992,74.3571366
31.5234774,74.3072721
31.5217777,74.3174652
31.5668232,74.3151267
31.5671709,74.2989021
31.5665314,74.297761
31.5596623,74.3013183
31.5598993,74.2922304
31.561491,74.2875522
31.5083221,74.2795158
31.5093457,74.2724412
31.5025683,74.2481864
31.4488189,74.352775
31.4512428,74.345032
31.4511135,74.345026
31.446929,74.3540939
31.4454746,74.3545334
31.4485222,74.3530858
31.4485121,74.3528484
31.4323731,74.3333242
31.457003,74.336592
31.4557451,74.3360149
31.4547486,74.335693
31.4569338,74.3299339
31.4548094,74.3357223
31.4571908,74.3300904
31.4305371,74.3111761
31.4337218,74.2892844
31.4264648,74.2842985
31.4403322,74.2555019
31.4436926,74.2577747
31.4436926,74.2577747
31.4553879,74.3007347
31.4553269,74.3008825
31.4492399,74.2974582
31.4708807,74.2427862
31.4720338,74.2468199
31.5394372,74.2659442
31.5378561,74.2641119
31.4688392,74.3464857
31.4700022,74.3456116
31.4735437,74.3441945
31.4719401,74.3446239
31.4677147,74.3466618
31.5019413,74.4264522
31.4990775,74.4231276
31.5735282,74.4373604
31.5742605,74.4346609
31.5811732,74.4347661
31.5727068,74.4347655
31.5721779,74.434647
31.5737212,74.4348265
31.5742373,74.4345258
31.5792995,74.286221
31.6038988,74.2983304
31.4660222,74.392738
31.4661454,74.3930584
31.45622,74.3937493
31.4488218,74.392156
31.4487409,74.3914984
31.4560303,74.3939904
31.4558746,74.3939642
31.4684004,74.3994641
31.4671597,74.396444
31.4637804,74.3885915
31.4965634,74.3803283
31.4796283,74.3626046
31.496395,74.3843609
31.4962982,74.3847545
31.5012377,74.384461
31.4929868,74.3870445
31.4896673,74.3870093
31.5045487,74.3782512
31.5065994,74.3783146
31.5063181,74.3784414
31.5061711,74.3780579
31.5017111,74.3766443
31.5418787,74.4261734
31.5420436,74.4260599
31.5416285,74.425406
31.5419052,74.4258789
31.5417718,74.4257903
31.4997258,74.3228584
31.4817253,74.3020824
31.5378124,74.3124816
31.5700019,74.3295705
31.5833717,74.2993178
31.5829109,74.2977142
31.5782143,74.2961115
31.5809639,74.2975411
31.5792572,74.2958525
31.576667,74.2928266
31.4891079,74.3150867
31.4748341,74.3273112
31.5174586,74.3730767
31.5198607,74.3778684
31.5544397,74.3161858
31.5172541,74.3316151
31.5302647,74.3205847
31.5191517,74.3094701
31.5072654,74.2798715
31.5124108,74.2706794
31.6090869,74.3372682
31.604638,74.4197145
31.4925788,74.273258
31.530055,74.3741133
31.5187007,74.368414
31.5391486,74.3669275
31.4988212,74.3159582
31.583859,74.3165024
31.541462,74.3062755
31.5414367,74.3072442
31.5404108,74.3069546
31.5763604,74.3310232
31.5776664,74.329334
31.530622,74.2963392
31.5841141,74.316645
31.5844005,74.3161516
31.5685013,74.3085433
31.4604758,74.2519765
31.4536592,74.2864518
31.4538948,74.2846864
31.425792,74.2584325
31.417823,74.2698845
31.4433454,74.308235
31.4376772,74.3090477
31.43369,74.3130594
31.4358439,74.303153
31.424532,74.2846435
31.4305052,74.3219888
31.5886784,74.3393507
31.5881553,74.3338948
31.5908856,74.3672638
31.5953546,74.3712265
31.4635966,74.2685535
31.464018,74.2840491
31.4640112,74.2831119
31.4710281,74.286434
31.4693874,74.2878489
31.4768901,74.2804439
31.4714285,74.2849503
31.5122073,74.2904105
31.564606,74.3906017
31.5825922,74.2972045
31.5817592,74.2960676
31.5723192,74.296106
31.566297,74.2907322
31.5294699,74.3420085
31.5741885,74.4020268
31.5725015,74.3915956
31.5773861,74.4219375
31.5745701,74.4213976
31.5735069,74.4201462
31.5783901,74.4030524
31.5791216,74.4065262
31.4546912,74.2212549
31.451064,74.2651559
31.5887246,74.3020218
31.5901392,74.3049968
31.5912103,74.3036264
31.5943685,74.3493959
31.5959493,74.3430704
31.5945961,74.3639922
31.5894866,74.3339481
31.5891463,74.3348278
31.5892817,74.3332124
31.5919502,74.3049368
31.5903972,74.3066748
31.5911672,74.305534
31.5013822,74.3224247
31.5013075,74.3220683
31.4383455,74.2073544
31.4357565,74.2096643
31.554196,74.359226
31.5565261,74.3626369
31.5538905,74.3594831
31.5482193,74.3537036
31.6100798,74.2500022
31.6119551,74.2579152
31.5949875,74.2582352
31.5729119,74.305874
31.5805608,74.265414
31.5866407,74.2577206
31.5602674,74.3712933
31.5595428,74.3706768
31.5612197,74.3742405
31.5859127,74.3937131
31.5866652,74.4006449
31.6328565,74.3703952
31.6346752,74.3676862
31.6106615,74.4057165
31.6061213,74.3968862
31.6085206,74.3938835
31.6071521,74.3983771
31.6079551,74.3681335
31.6082303,74.3681879
31.6086512,74.367164
31.6091529,74.3296254
31.6091621,74.3293605
31.6097757,74.3160912
31.6098572,74.3150831
31.6097878,74.3164653
31.6100401,74.3089651
31.6100008,74.3150831
31.6099829,74.3155375
31.6099526,74.3146412
31.6074246,74.2790454
31.5300987,74.3767085
31.530246,74.3762561
31.6354058,74.2920773
31.4366197,74.3513629
31.4370671,74.3523392
31.5439497,74.4224529
31.5431694,74.4240172
31.5309958,74.355745
31.5317766,74.3534638
31.5309836,74.3517965
31.5323024,74.3521389
31.5330686,74.3502544
31.535097,74.3436244
31.5388978,74.3523919
31.5345214,74.3464463
31.5320339,74.3532436
31.5313215,74.3547174
31.5255968,74.3543513
31.5321961,74.3525575
31.5363652,74.3418135
31.53465,74.3413016
31.5330055,74.3394007
31.5381865,74.3370278
31.5389738,74.3357618
31.5366859,74.3394196
31.5433152,74.3255679
31.5386298,74.3362659
31.5396215,74.3288401
31.5435639,74.3292377
31.5469826,74.3303316
31.5454781,74.3299707
31.5467812,74.3307896
31.5505966,74.3334827
31.5426646,74.3293698
31.5414437,74.3293882
31.5393706,74.3288758
31.5426628,74.3293159
31.5417116,74.3290684
31.5423386,74.3293077
31.5429047,74.3293723
31.5555987,74.3243829
31.554073,74.3260009
31.5433335,74.3225292
31.5768994,74.307255
31.5733062,74.4337229
31.5725192,74.4349028
31.5602775,74.3730279
31.561684,74.3766439
31.558247,74.3668267
31.5563746,74.3630691
31.5584908,74.3661029
31.5502217,74.35568
31.5529813,74.3576341
31.5528864,74.3586314
31.5547162,74.3598244
31.5395619,74.3450647
31.5350471,74.3405889
31.5305437,74.3370401
31.5935122,74.4664841
31.5883532,74.4179089
31.6042379,74.2984311
31.5951285,74.3028965
31.4569679,74.2017981
31.4569476,74.1926045
31.4569832,74.1961991
31.456911,74.1990015
31.4570259,74.1990029
31.5432102,74.3048878
31.5445734,74.2986317
31.4709777,74.318675
31.5130362,74.3420888
31.5240086,74.2743107
31.5063109,74.3841317
31.5181922,74.3449868
31.5186055,74.3452448
31.4361998,74.3557685
31.4732752,74.2415889
31.5068744,74.3592291
31.5491194,74.3976861
31.4395256,74.3037524
31.5291073,74.4426625
31.5119007,74.2637829
31.5386689,74.4295977
31.5387528,74.42934
31.466122,74.2739877
31.5329239,74.2848349
31.5425305,74.3097774
31.4589768,74.2654769
31.5494884,74.3629685
31.5423315,74.3188368
31.4896154,74.2613729
31.5204592,74.424589
31.4629594,74.3397676
31.410955,74.2633844
31.5378302,74.2916982
31.5769524,74.358578
31.4306592,74.2535143
31.4918785,74.3094556
31.4500087,74.3021221
31.4506858,74.3005251
31.5071113,74.2889107
31.439798,74.3558961
31.4396027,74.3559222
31.4196488,74.2816107
31.5110988,74.4246668
31.5108064,74.4246422
31.5501151,74.3754138
31.5605534,74.349396
31.557278,74.3533593
31.4972759,74.2742891
31.511341,74.3004207
31.5517822,74.3629271
31.4522324,74.2679247
31.4572,74.2363357
31.5769822,74.3345797
31.5768066,74.3347547
31.4714166,74.3636753
31.5357289,74.3487577
31.4560206,74.3512595
31.5511697,74.3609288
31.5818764,74.3813364
31.4740552,74.2768749
31.5812353,74.4351831
31.581226,74.4354556
31.5812221,74.4357524
31.4734469,74.2742588
31.5957284,74.3986793
31.4572828,74.3507929
31.4633479,74.3483561
31.4196638,74.2482786
31.4685277,74.4355403
31.469417,74.4368405
31.4681147,74.4322559
31.5392274,74.2647327
31.4928228,74.4216156
31.4940695,74.4193244
31.4919092,74.4233579
31.4930735,74.4212039
31.4938188,74.4197361
31.6134816,74.3003765
31.6171263,74.2962835
31.5223636,74.3285758
31.4719437,73.9959958
31.5142938,74.0916362
31.4742868,74.3151434
31.4774585,74.317344
31.473331,74.3215563
31.4656501,74.2296501
31.4656879,74.2294703
31.583532,74.3298209
31.5835704,74.3299063
31.5834441,74.3299369
31.5260124,74.3331778
31.5622769,74.3927483
31.5745122,74.4355728
31.5774178,74.4352155
31.5713711,74.4349131
31.5405438,74.4309465
31.5395183,74.428536
31.5408251,74.4308714
31.5012007,74.3222689
31.5018593,74.2831686
31.5015568,74.2823321
31.5066909,74.3357491
31.5221105,74.3816383
31.5058661,74.3878504
31.5058137,74.3878122
31.6105288,74.4234154
31.6106937,74.4234699
31.6104848,74.4237016
31.6100793,74.4237208
31.6097808,74.423362
31.6103713,74.4230099
31.5389016,74.264869
31.5513158,74.3416677
31.5571003,74.3298026
31.5589088,74.3257624
31.4781761,74.2756116
31.4584827,74.2987677
31.5620952,74.3474744
31.5626725,74.3349707
31.4879143,74.4116599
31.4873321,74.4122436
31.4871174,74.4120137
31.487164,74.412333
31.4870467,74.4125449
31.4877333,74.4120078
31.4878757,74.4116186
31.4875165,74.4116845
31.4625637,74.2808081
31.5248498,74.2810774
31.5105512,74.287216
31.4729492,74.2957705
31.4728608,74.2960049
31.494824,74.3357989
31.4848567,74.2950848
31.4836457,74.3208513
31.5054716,74.3494868
31.5098282,74.3007745
31.4821198,74.4161661
31.485825,74.4155696
31.4847253,74.4184829
31.4745998,74.4317526
31.4745839,74.2713797
31.4854542,74.4324769
31.4828857,74.4323758
31.4747647,74.4348087
31.4701889,74.4375359
31.4702765,74.4372599
31.4861376,74.4424386
31.4878773,74.4441989
31.5173982,74.3686251
31.517769,74.3686325
31.5070644,74.3683357
31.504858,74.3783792
31.5299679,74.3685526
31.5299493,74.3690715
31.530409,74.3691958
31.5304259,74.3685366
31.5065766,74.381135
31.5065793,74.3808203
31.5285579,74.4432385
31.5115916,74.4656983
31.439842,74.3021158
31.4406729,74.3001766
31.5107039,74.4329215
31.5398687,74.3768118
31.5398541,74.3772081
31.5396704,74.3795055
31.5170944,74.437006
31.5188233,74.436098
31.5181777,74.4364832
31.5105963,74.4377759
31.5105478,74.4376865
31.5495501,74.380092
31.5300719,74.3795615
31.5296951,74.3795839
31.5295911,74.3791832
31.5298643,74.3793592
31.5299355,74.379442
31.519623,74.4625415
31.5211527,74.4640759
31.5167127,74.4596127
31.5180516,74.461102
31.5170074,74.4599898
31.5181147,74.4610199
31.5166421,74.4597031
31.5200762,74.4611065
31.5214158,74.4594082
31.5208129,74.4601614
31.5201325,74.4611587
31.5213886,74.4593517
31.5746143,74.2291781
31.5728477,74.2267691
31.5729215,74.2266943
31.5745437,74.2292404
31.5727281,74.4335791
31.5739788,74.4370633
31.5748217,74.4350104
31.6264289,74.2364558
31.5900876,74.2129298
31.5917015,74.2143777
31.6183167,74.2984242
31.6443241,74.2927954
31.64069,74.2870751
31.6426455,74.2876373
31.6405975,74.2870309
31.6398137,74.2868586
31.6463902,74.2945232
31.6432993,74.290954
31.6288707,74.270996
31.6408858,74.282348
31.6408256,74.2823518
31.6382707,74.2761584
31.6383179,74.2760954
31.6383629,74.2760397
31.5354045,74.1715188
31.5132797,74.2569413
31.5133481,74.25699
31.5133972,74.2571104
31.6271737,74.3098422
31.6269905,74.3074298
31.6387211,74.2864486
31.5933133,74.3087637
31.5932903,74.3082001
31.5985741,74.3138014
31.6013231,74.3114412
31.5429759,74.3081904
31.5425581,74.3080912
31.5744505,74.33662
31.5755244,74.34846
31.5754363,74.3489311
31.5738414,74.3351665
31.5676009,74.335371
31.5430223,74.3078958
31.5419367,74.3078482
31.5468055,74.2910882
31.4836778,74.3147514
31.6101301,74.3998798
31.6114568,74.4040939
31.4173799,74.2088852
31.4173412,74.2087591
31.4122657,74.2062741
31.4147245,74.2036895
31.4146813,74.2040425
31.4133013,74.2020244
31.4131954,74.2018495
31.420773,74.2023063
31.4225181,74.2581473
31.4292618,74.2351231
31.4263388,74.2621573
31.5400874,74.3795243
31.644003,74.2903481
31.456772,74.4547084
31.5067451,74.375516
31.6172263,74.2555366
31.6258112,74.2297817
31.5454565,74.4368339
31.5456674,74.4359563
31.5458,74.435986
31.5551204,74.455958
31.4174867,74.4351658
31.417613,74.4348771
31.5926194,74.4578437
31.5617799,74.336895
31.5616312,74.336714
31.4115312,74.3565444
31.4258977,74.3573118
31.4106113,74.3555866
31.6127846,74.4124893
31.6117092,74.4014657
31.4521104,74.4631324
31.486722,74.469535
31.4869844,74.4652821
31.486752,74.4695952
31.493734,74.4708808
31.4867159,74.4696504
31.4863367,74.4754763
31.4866859,74.4695902
31.473793,74.4673308
31.5881033,74.4325432
31.5873114,74.420147
31.5839189,74.4053086
31.5863968,74.4219102
31.5877897,74.4305169
31.5871889,74.4269588
31.5860187,74.4203303
31.5859034,74.4195923
31.5857421,74.4185976
31.5863728,74.4223494
31.4594316,74.189094
31.4594334,74.1889612
31.4519804,74.1890022
31.4519813,74.1889588
31.457002,74.1890183
31.4503741,74.2204814
31.4637768,74.2134956
31.4366714,74.3487617
31.4354737,74.3510487
31.6601691,74.4632679
31.5059713,74.3881153
31.4265069,74.3387043
31.4249583,74.3425991
31.4199814,74.3398923
31.4205312,74.3400802
31.4221725,74.3404618
31.4237827,74.3409464
31.4246975,74.3411524
31.4258228,74.3402278
31.4257215,74.3885839
31.4260015,74.3876304
31.4264145,74.3857072
31.4264843,74.3857311
31.426913,74.383745
31.4269849,74.3836124
31.4269833,74.383769
31.4272563,74.3823397
31.4476352,74.384234
31.4498293,74.3847037
31.4507403,74.3862102
31.5662695,74.3994728
31.5664363,74.4010542
31.5631452,74.3915945
31.5701753,74.4057393
31.567647,74.4056141
31.5691163,74.4145506
31.4366579,74.3484433
31.4370902,74.352015
31.4369795,74.3514359
31.4350501,74.350947
31.4369737,74.3513702
31.4328716,74.3503564
31.433966,74.3506239
31.4366123,74.3513013
31.4362844,74.3512628
31.4358776,74.3511851
31.4341663,74.3507314
31.4358804,74.3511265
31.4352672,74.3509706
31.4584012,74.3511248
31.6215415,74.2681851
31.6217351,74.2724935
31.6200353,74.2644365
31.6216718,74.2659467
31.6238695,74.263235
31.6192065,74.2643322
31.6219689,74.2620457
31.5581029,74.0289509
31.4514418,74.3883395
31.623377,74.2548051
31.6085974,74.2702725
31.609674,74.2673952
31.6103842,74.2663029
31.6061001,74.2828
31.4601883,74.4239855
31.4610789,74.4235479
31.4610454,74.4234139
31.4601454,74.4239056
31.4573658,74.4616441
31.4558066,74.4618177
31.4554346,74.4615396
31.4576835,74.4619244
31.4541057,74.4616198
31.4915778,74.4415428
31.4846503,74.44865
31.484436,74.4484177
31.5200393,74.3266394
31.4761197,74.3437105
31.4818546,74.3411904
31.480348,74.3417499
31.4726663,74.3572157
31.4696647,74.2420718
31.4701841,74.2417488
31.5627359,74.3085016
31.4712202,74.4067374
31.4715118,74.4070379
31.511698,74.3044728
31.4719422,74.407031
31.5209314,74.3246132
31.5842358,74.3838713
31.4421971,74.4428422
31.4421375,74.4429995
31.4275171,74.3812497
31.4400062,74.3837772
31.4399793,74.3836213
31.4275556,74.3810946
31.4274439,74.3817945
31.4273479,74.3823719
31.4277795,74.380496
31.4275624,74.3811189
31.4275058,74.3804246
31.4274829,74.3805438
31.4251569,74.3800535
31.4224696,74.3801298
31.4249988,74.3806886
31.4250168,74.3805491
31.4224881,74.3800006
31.4224458,74.379981
31.4225953,74.3800193
31.4227036,74.3806364
31.4226995,74.3805517
31.4224149,74.3805969
31.4248941,74.3811917
31.4271222,74.3817325
31.4271261,74.3818514
31.4228522,74.3795609
31.4228848,74.3794467
31.4226217,74.3794008
31.4222139,74.4601244
31.4572425,74.4621321
31.4769208,74.3765848
31.4770301,74.37693
31.4760971,74.3734698
31.4800735,74.3812419
31.4847754,74.3850633
31.4839742,74.3861669
31.4894404,74.3800537
31.4838649,74.3861972
31.5065935,74.3682381
31.449335,74.395827
31.5711058,74.3185189
31.5710763,74.3185131
31.5690849,74.3215794
31.5673786,74.323591
31.5640639,74.3325458
31.5650486,74.3299372
31.4805741,74.4521659
31.4815025,74.4528506
31.4811641,74.4523947
31.4812185,74.4532723
31.48082,74.4527862
31.475164,74.4550647
31.4775737,74.3987666
31.4772147,74.3991403
31.4765939,74.3996573
31.4782722,74.3981688
31.4758014,74.2631637
31.4755952,74.2606349
31.4589445,74.2193694
31.6246309,74.2459674
31.4475851,74.3143358
31.4363508,74.3155268
31.4950434,74.4389312
31.4913679,74.4412107
31.4442438,74.1989163
31.5693323,74.3211522
31.5710505,74.3185566
31.4753789,74.4462324
31.4204248,74.3793076
31.4221675,74.3806126
31.4221416,74.3793574
31.4223565,74.3794371
31.4223828,74.3792934
31.4195397,74.3795964
31.4219875,74.3805106
31.4221832,74.3804904
31.4222028,74.3855834
31.4217657,74.3908321
31.4219867,74.3855873
31.4201328,74.3946945
31.4185266,74.3986082
31.4165821,74.4050059
31.416372,74.4048405
31.4317659,74.4265197
31.4276312,74.4258496
31.4206292,74.4204299
31.4210747,74.4202116
31.4318058,74.4262538
31.4146568,74.4128233
31.4073252,74.412666
31.4088656,74.4125432
31.4352478,74.4361526
31.4347415,74.4417876
31.4335185,74.4358163
31.4335393,74.4356761
31.4315653,74.4352767
31.4291456,74.4308238
31.4292216,74.4307104
31.4416731,74.4419082
31.4311997,74.3815861
31.4299157,74.3818951
31.4281286,74.3819796
31.4277501,74.3818447
31.4280195,74.3805375
31.4285355,74.3807087
31.4280469,74.4209724
31.4274988,74.417766
31.4276034,74.4132182
31.422848,74.4043379
31.422663,74.4045757
31.4156544,74.3963667
31.4158402,74.3961479
31.4113956,74.3920762
31.4101526,74.390126
31.4101188,74.3841094
31.4102364,74.3840494
31.4159797,74.3905036
31.4159275,74.390238
31.4147554,74.4159801
31.4204324,74.3948612
31.4309188,74.4453752
31.4308699,74.4516412
31.4317197,74.4305921
31.4318379,74.4305854
31.476693,74.0150079
31.4450561,74.0175891
31.5078492,74.0122365
31.4618169,74.2836094
31.5242659,74.4181446
31.516777,74.4192846
31.5203811,74.4184624
31.5230325,74.4182984
31.5203734,74.4177342
31.5194416,74.4180887
31.5167516,74.4180673
31.5213773,74.4181091
31.5106989,74.3405408
31.5221182,74.3687306
31.5221321,74.3683472
31.4739138,74.3540759
31.6211803,74.2995573
31.4518596,74.46308
31.4528138,74.462402
31.4517942,74.3879122
31.451307,74.387669
31.5202184,74.3220756
31.5668503,74.4022893
31.5664636,74.4021316
31.5659538,74.3995627
31.5663574,74.4007639
31.5696579,74.4168087
31.5091209,74.3398198
31.44511,74.2133055
31.4460293,74.2140759
31.6239322,74.2091487
31.6137408,74.2142195
31.6038225,74.2691697
31.5990244,74.2619571
31.5338026,74.3690309
31.5345358,74.3690682
31.5339996,74.3688379
31.5343685,74.3688957
31.5929912,74.3640869
31.5905903,74.3635711
31.5931096,74.3643431
31.5930943,74.3637753
31.577708,74.2895485
31.5766779,74.2884605
31.5911914,74.3020152
31.4458102,74.398062
31.5634807,74.3052218
31.5613481,74.3297162
31.53517,74.3419596
31.4532576,74.3009079
31.4534494,74.3004494
31.5427345,74.3287151
31.5425881,74.3299136
31.608524,74.3373063
31.6065768,74.3388327
31.6064997,74.338768
31.6047684,74.3425386
31.6046758,74.3425073
31.600198,74.3485475
31.6002497,74.3486077
31.5957678,74.3565986
31.5956693,74.3565871
31.6173862,74.3974588
31.6089674,74.4037091
31.6097566,74.4038028
31.6094231,74.401943
31.6089154,74.4037073
31.4658166,74.2608444
31.4760749,74.2628675
31.4756941,74.2618582
31.4752488,74.2605521
31.4756538,74.2616565
31.4522697,74.2683478
31.4600931,74.2584395
31.4482516,74.2695413
31.4499389,74.2703662
31.4610952,74.2596203
31.4341307,74.1946951
31.4480478,74.2695479
31.4332757,74.2566299
31.4508801,74.2707148
31.4604126,74.2849065
31.5760508,74.2004988
31.5730593,74.1975894
31.5699524,74.1946261
31.5689489,74.1936907
31.5652462,74.1878897
31.5632412,74.1850339
31.5591751,74.1801294
31.5534179,74.1752944
31.5495262,74.1721003
31.5485612,74.1709592
31.5451601,74.1671823
31.5414358,74.1632056
31.5392836,74.1603945
31.5369681,74.1574118
31.5308345,74.1505005
31.5278546,74.1482464
31.5260683,74.1468991
31.5222523,74.1446614
31.5195635,74.1428171
31.5172903,74.1404825
31.5067346,74.1322555
31.4866339,74.1224883
31.4688854,74.1071016
31.6107883,74.2525514
31.6101129,74.2575363
31.612855,74.2635551
31.602756,74.2351124
31.5993992,74.2260822
31.5867871,74.2101927
31.585233,74.2090575
31.5656312,74.2349884
31.5295144,74.4683424
31.5224883,74.2969313
31.5237055,74.2965315
31.6215895,74.2960671
31.6213711,74.2979198
31.5315135,74.1602025
31.6612532,74.0906972
31.6538609,74.0980687
31.4481949,74.3976735
31.4441821,74.3975772
31.4749935,74.4024784
31.474962,74.403118
31.4750007,74.4037764
31.4749511,74.4039968
31.4735266,74.4052014
31.4790579,74.4499184
31.4753134,74.4683166
31.4756613,74.4683793
31.4690639,74.2339274
31.4584399,74.4637903
31.5107126,74.4306567
31.5220369,74.3435061
31.5221093,74.3435243
31.4736743,74.3446421
31.4697603,74.2422746
31.5240462,74.3482322
31.5238654,74.3471814
31.5229822,74.3477494
31.465416,74.4423352
31.465545,74.4425335
31.4656983,74.4423796
31.4655644,74.442189
31.4643567,74.4501118
31.4580512,74.4614846
31.4614146,74.4625765
31.4600111,74.4547868
31.6093035,74.3976246
31.4269506,74.1873033
31.4448578,74.2584021
31.442685,74.2573104
31.639676,74.0803438
31.6300315,74.072482
31.6156401,74.0601564
31.4718345,73.9960583
31.5005682,74.0701165
31.5004601,74.070183
31.517913,74.1023579
31.5177989,74.1024083
31.5227978,74.1226399
31.5226792,74.1226768
31.5534467,74.1979104
31.5533548,74.1979875
31.4082275,74.2075968
31.5179335,74.4179088
31.5163543,74.42101
31.5179247,74.4182502
31.5230428,74.4179726
31.5246907,74.4212
31.518749,74.3276906
31.5399151,74.318896
31.4475693,74.2693539
31.4481021,74.2691359
31.5243706,74.2827346
31.5238834,74.2826057
31.5114655,74.265616
31.5128318,74.2660839
31.6351076,74.2050547
31.5251075,74.4237747
31.5245397,74.4237023
31.4892732,74.4696672
31.4894999,74.4696968
31.4627922,74.4298768
31.4638883,74.4342357
31.4481384,74.3537668
31.4590483,74.0813343
31.4593325,74.0812001
31.4593295,74.0808981
31.6087262,74.4010019
31.6160238,74.3677175
31.4546739,74.2178617
31.4631346,74.2321323
31.4698457,74.2365499
31.4386442,74.2651596
31.4327028,74.2552616
31.433613,74.2563962
31.617757,74.2904811
31.6157974,74.2912029
31.6454138,74.3439446
31.6455222,74.344013
31.6619146,74.3335565
31.662019,74.3336453
31.5436572,74.3021246
31.542637,74.3018055
31.5436955,74.3017292
31.5432553,74.3017205
31.5716994,74.3350412
31.5069589,74.2887545
31.6184957,74.2895948
31.6169827,74.290611
31.6173892,74.2912485
31.4762457,74.3411061
31.4763647,74.3410554
31.4764408,74.3389229
31.4764239,74.3390811
31.5050689,74.3407036
31.5033513,74.3473892
31.5984289,74.3358888
31.4861359,74.4318126
31.4861013,74.4324198
31.636811,74.3671262
31.6327516,74.3669765
31.5217555,74.3881771
31.6211254,74.2901466
31.4654094,74.4515255
31.5167345,74.3786923
31.5167341,74.3785865
31.5724097,74.4343947
31.5673745,74.4556953
31.5261841,74.1378395
31.5318227,74.1599815
31.526938,74.1412792
31.5317083,74.1600307
31.5268153,74.1413018
31.52762,74.1448894
31.5283127,74.1485424
31.5274994,74.1449114
31.5281935,74.1485717
31.6221869,74.108032
31.6317157,74.1030164
31.5821369,74.0659908
31.5774188,74.0682508
31.5933891,74.2164486
31.4808114,74.2805943
31.5328051,74.2849229
31.4534619,74.3854078
31.6127188,74.2638409
31.5662177,74.4388174
31.5663134,74.4388088
31.6131052,74.2656002
31.4455759,74.397785
31.4705158,74.4679106
31.4703052,74.4678597
31.5317972,74.3521873
31.5173394,74.3784749
31.5173032,74.3784749
31.517539,74.3781589
31.5175393,74.3782322
31.541926,74.3179191
31.4702334,74.2948669
31.4731835,74.2951619
31.5767359,74.3112805
31.5766943,74.3116098
31.5502404,74.3622219
31.5476215,74.3634556
31.4455585,74.2618557
31.537227,74.0861243
31.6185106,74.2758812
31.4161473,74.2816808
31.418238,74.2815181
31.5577289,74.2412639
31.5835962,74.3299658
31.4712368,74.241116
31.470663,74.2429409
31.4702724,74.2420306
31.5703115,74.3301086
31.5701173,74.3298265
31.5124489,74.0965192
31.5131222,74.0962509
31.5150222,74.095879
31.5149165,74.0959491
31.5160098,74.0982765
31.5161183,74.0982131
31.6144931,74.0780742
31.6564167,74.0547639
31.6065344,74.0157228
31.614209,74.0103413
31.5754861,73.9990802
31.4685686,74.0284125
31.4313157,74.028904
31.4265286,74.0223578
31.4840254,73.9906117
31.4169826,74.0073048
31.4213404,74.0300489
31.4122021,74.0230363
31.6475997,74.2774268
31.649908,74.2773081
31.6463662,74.2787308
31.6315224,74.2837642
31.6382774,74.2792562
31.6222154,74.263717
31.6391046,74.2871105
31.6422386,74.2909653
31.6188669,74.2645768
31.6197768,74.26436
31.6099211,74.2603789
31.6089914,74.2686015
31.635031,74.2288403
31.6479254,74.083916
31.6464086,74.0340576
31.5360849,74.0855687
31.4531822,74.0553096
31.4523087,74.0589621
31.4616154,74.0665818
31.5213279,74.1022789
31.5394217,74.0431045
31.5278794,74.0484029
31.5008549,74.0099632
31.4753326,74.0092779
31.4751341,74.0128212
31.4957463,74.2642012
31.6277031,74.265437
31.6276611,74.2655011
31.6354381,74.2730714
31.6354057,74.2731998
31.6310199,74.2875454
31.6410217,74.2854665
31.6309573,74.2877358
31.6409747,74.2855885
31.6461419,74.294806
31.6460493,74.2949114
31.5789452,74.3246974
31.5988234,74.3660981
31.5989311,74.3660139
31.5446814,74.3600067
31.5368339,74.1680517
31.5434625,74.1612521
31.5461058,74.1601213
31.4569199,74.2163694
31.4420982,74.1959502
31.4172087,74.1668247
31.4142413,74.1649245
31.5619411,74.3193213
31.462369,74.4347363
31.4610954,74.4341423
31.4793424,74.4686939
31.4146864,74.2699298
31.4152884,74.2683253
31.4164222,74.2684769
31.409822,74.337324
31.4098196,74.3371975
31.4156703,74.3388529
31.4156969,74.3387583
31.4124763,74.3380169
31.4141757,74.3383999
31.4125046,74.3379158
31.410823,74.3375219
31.4105449,74.3375188
31.410554,74.3373968
31.5610925,74.3293969
31.5610533,74.32942
31.4262236,74.4694028
31.5940141,74.302792
31.5935967,74.3027083
31.5356462,74.3407112
31.4245423,74.3862013
31.421253,74.3914141
31.4212973,74.3902677
31.4193937,74.3859033
31.4228806,74.4568306
31.4230498,74.4565808
31.4227303,74.4570561
31.4160762,74.276015
31.4796651,74.4507365
31.4133391,74.2098994
31.4132772,74.2095852
31.4174326,74.2019259
31.4431572,74.2327471
31.4597216,74.4644938
31.4320651,74.1939656
31.4323299,74.1943274
31.4336152,74.196045
31.4469896,74.3198661
31.4473475,74.3202136
31.4463712,74.3225858
31.4465087,74.3222806
31.4462877,74.321931
31.4461241,74.3223261
31.4376241,74.2133502
31.4375734,74.2132343
31.4375667,74.213184
31.4225171,74.178663
31.4526354,74.2773311
31.4500623,74.2765194
31.4542984,74.2775321
31.4805731,74.2807686
31.4804282,74.2810003
31.4807625,74.280659
31.4808096,74.2807817
31.453644,74.2198721
31.4536067,74.2172927
31.4541263,74.2141978
31.4536193,74.2153388
31.4539878,74.2160453
31.4570302,74.1926068
31.5295443,74.4688395
31.5157594,74.4374978
31.5153997,74.4374406
31.545875,74.2962208
31.5462901,74.2965178
31.6140083,74.265013
31.6121472,74.2521643
31.615082,74.2553866
31.4682058,74.4197423
31.4671108,74.423974
31.4687945,74.417203
31.4695204,74.4243675
31.4700933,74.4250445
31.4701069,74.424989
31.4695925,74.4243959
31.468471,74.4235677
31.4767789,74.4146325
31.4782067,74.4132321
31.4782403,74.4131639
31.4321207,74.3489412
31.4323761,74.3453822
31.4335157,74.3454124
31.5446144,74.3600041
31.5441338,74.3593265
31.5441985,74.3593048
31.4119923,74.412282
31.4151693,74.4147158
31.5062736,74.2891828
31.5075772,74.288578
31.4197222,74.1857799
31.5479718,74.4274434
31.5506521,74.4282554
31.5266736,74.2917929
31.5590934,74.3675071
31.5585682,74.3663468
31.4685921,74.349765
31.4654921,74.3488876
31.6090466,74.2478195
31.6007383,74.297371
31.6019335,74.3107648
31.6004205,74.3119115
31.5993605,74.3129874
31.4403462,74.2680792
31.4150692,74.2747377
31.5257678,74.3018189
31.4444364,74.2347658
31.5402056,74.36995
31.4928595,74.275074
31.4195035,74.3398125
31.4199603,74.3399793
31.4221482,74.3405871
31.5201845,74.3251979
31.5199069,74.3256071
31.519551,74.3272886
31.5188353,74.3272807
31.5187837,74.3270386
31.5028573,74.3103706
31.5178118,74.3243627
31.452827,74.3234052
31.4525827,74.3232613
31.4527953,74.3231605
31.4527647,74.3231469
31.4468819,74.3208295
31.5568022,74.3301508
31.5543654,74.3042906
31.5334824,74.3207539
31.5650355,74.3115165
31.5642492,74.3112599
31.478842,74.4498373
31.489,74.4635607
31.4717262,74.3682954
31.4712103,74.3682394
31.4187302,74.2706301
31.5927891,74.3364791
31.5930551,74.3366525
31.4516869,74.2222326
31.4512509,74.2217573
31.4515576,74.2223472
31.449826,74.2194884
31.4792527,74.3421589
31.4832791,74.340464
31.4997842,74.3336528
31.6007334,74.2215884
31.4490152,74.4497096
31.4301973,74.2050157
31.4366313,74.2090297
31.5228208,74.2686897
31.6423295,74.0154949
31.6121223,74.0505026
31.6216144,74.0454103
31.5164836,74.0951267
31.5238138,74.092139
31.4674488,74.014618
31.4582901,74.0142143
31.4592412,74.0467153
31.4654002,74.0418053
31.4695992,74.0551148
31.4786926,74.0667303
31.4786922,74.0686356
31.4762941,74.0805613
31.4762411,74.0806831
31.5088987,74.0981997
31.5091136,74.0981217
31.5332935,74.1065977
31.5332078,74.1065974
31.5626981,74.1213815
31.550308,74.1113237
31.5503414,74.1112152
31.4236508,74.2861572
31.534973,74.3419894
31.5350002,74.3416278
31.6248809,74.2632233
31.624695,74.2634035
31.4360622,74.429173
31.4279781,74.2507854
31.4282978,74.2505054
31.4360221,74.2393122
31.4346719,74.238581
31.4346548,74.2386294
31.4334696,74.2372256
31.4331657,74.2359606
31.46949,74.0551604
31.5253777,74.1398656
31.5274071,74.1418681
31.5393094,74.1638218
31.4347384,74.455047
31.4611081,74.2904079
31.56104,74.3299693
31.5580651,74.3282421
31.4805975,74.4323112
31.470235,74.4373113
31.4507397,74.3070967
31.4508195,74.3069029
31.4715624,74.4074098
31.4706804,74.4059836
31.4707424,74.406131
31.4728078,74.4094453
31.4679608,74.4306468
31.4280741,74.4264706
31.4272065,74.4252925
31.428092,74.4252901
31.4271352,74.4263392
31.4274289,74.4454757
31.4275011,74.446059
31.4291955,74.438484
31.428787,74.4390775
31.4281135,74.4420868
31.428145,74.4420905
31.4266173,74.4472022
31.430905,74.4356518
31.4348509,74.4418139
31.4729057,74.4681336
31.4726831,74.4681124
31.4815098,74.4523475
31.4749794,74.4548012
31.4747557,74.4550398
31.4749458,74.4552997
31.4769794,74.4575013
31.4767588,74.4571874
31.4816809,74.4536595
31.4716374,74.458378
31.4634726,74.4656601
31.463742,74.4657451
31.4778412,74.4690551
31.4795128,74.4687057
31.4782012,74.4691399
31.4868394,74.4697783
31.4865846,74.4697436
31.4868575,74.4694385
31.4866102,74.469419
31.4870957,74.4610583
31.4699331,74.4342377
31.4737147,74.4343206
31.4736317,74.4340348
31.4947027,74.4294577
31.4945322,74.4292353
31.6548234,74.2829115
31.5940341,74.4332313
31.5938935,74.4328384
31.5770582,74.435355
31.5770514,74.4358029
31.5897078,74.4321632
31.5896781,74.4302154
31.5929991,74.4318184
31.5027128,74.3507627
31.5030754,74.3489251
31.5034359,74.3472012
31.50299,74.3488918
31.5025875,74.3506933
31.5035437,74.347201
31.5038316,74.3457105
31.5023983,74.3526213
31.5022766,74.3530075
31.502803,74.3490725
31.5028987,74.3487003
31.53004,74.1173653
31.547741,74.1359521
31.6330107,74.038472
31.6444202,74.0315191
31.5906132,74.0618268
31.5946882,74.0597643
31.6267297,74.0682014
31.6267,74.0660156
31.650364,74.0760104
31.6490775,74.0783292
31.4703966,74.3009668
31.644286,74.2928493
31.6442386,74.2929161
31.566553,74.3060195
31.565941,74.3062665
31.5608965,74.3076619
31.5613782,74.3078714
31.5609092,74.3088607
31.5603997,74.3083014
31.419089,74.2040894
31.4189564,74.2038788
31.4191769,74.2044621
31.4187119,74.2037817
31.4120508,74.2062753
31.4124072,74.2069771
31.460641,74.4340911
31.6038908,74.4274023
31.5891542,74.2567209
31.6111772,74.401805
31.6111378,74.4016892
31.5728364,74.1874706
31.5720844,74.1917246
31.5396418,74.4293221
31.5389417,74.4294115
31.5390643,74.4292358
31.5388702,74.4295633
31.4540631,74.2745151
31.4535665,74.273996
31.4377207,74.2797299
31.4582308,74.3369797
31.4670224,74.3962686
31.5292194,74.4483294
31.5102215,74.4412509
31.5117532,74.4390092
31.5663893,74.3166883
31.5171981,74.0946028
31.5166112,74.0948529
31.5512279,74.3666206
31.4950478,74.3746445
31.4943361,74.3752042
31.4949845,74.3747073
31.4659985,74.3924495
31.4958673,74.4276134
31.4968061,74.426525
31.4755368,74.4009239
31.4754626,74.4008363
31.4765491,74.3997579
31.4784775,74.3977141
31.4833279,74.3927592
31.483621,74.3924399
31.4805108,74.3957997
31.483862,74.3885058
31.4836278,74.3922067
31.4838646,74.3872725
31.4845119,74.3853137
31.474764,74.3691909
31.4713731,74.3677551
31.4713641,74.3659372
31.4713556,74.3634481
31.4835508,74.3924301
31.4842385,74.3927078
31.4692705,74.2991454
31.4689206,74.2981621
31.469561,74.2990699
31.4691832,74.2982366
31.5108745,74.4343391
31.5108916,74.4340336
31.4312981,74.2314142
31.431347,74.2315701
31.4539075,74.4617076
31.4665448,74.2365611
31.4123668,74.2646989
31.4140722,74.2662918
31.4131712,74.2654597
31.4244834,74.4476003
31.4607728,74.3495041
31.4138212,74.3946937
31.4129121,74.393935
31.4206282,74.3959646
31.4184383,74.3979424
31.4222759,74.3902952
31.4222292,74.3914444
31.4142505,74.4146685
31.6457797,74.280042
31.4162714,74.3790016
31.4162814,74.3788618
31.6108774,74.3673886
31.6097918,74.3672395
31.4101725,74.3778152
31.4101641,74.3779964
31.6247665,74.3909976
31.6227546,74.3936421
31.617474,74.3976136
31.6228975,74.3938167
31.4244549,74.4475605
31.4258052,74.4478308
31.4449222,74.431755
31.4434521,74.4326825
31.444357,74.4320857
31.4509475,74.451624
31.4512974,74.4518333
31.4511999,74.4520295
31.4510903,74.4519708
31.4520501,74.4526697
31.454007,74.4544308
31.4539081,74.4541328
31.4534723,74.4541248
31.5024195,74.2831372
31.502389,74.2830426
31.4437904,74.3545983
31.4436332,74.3546546
31.4449654,74.3543759
31.5920039,74.4019924
31.589415,74.4288184
31.5900518,74.4325977
31.5963703,74.4319493
31.5864937,74.4354758
31.5865313,74.4358752
31.586458,74.4351138
31.5837699,74.4359017
31.583769,74.4355927
31.5837797,74.4352999
31.5743058,74.4382642
31.4623824,74.4461857
31.5668065,74.4354889
31.5668513,74.435434
31.4705037,74.4597483
31.4815544,74.4596977
31.4816599,74.4600172
31.5856267,74.417941
31.5537082,74.3581622
31.5538665,74.3584303
31.5531868,74.3589987
31.5548224,74.4145946
31.5560896,74.4160042
31.5632066,74.4244002
31.5610275,74.4218025
31.5577411,74.4178637
31.5581167,74.4185922
31.5926209,74.4335669
31.5901285,74.4336569
31.5925716,74.4334107
31.5930137,74.4330504
31.590249,74.4363955
31.6099789,74.4001382
31.610127,74.3880101
31.5573028,74.4045657
31.5556824,74.4017986
31.5579527,74.4071143
31.5597853,74.3999037
31.5598143,74.3999117
31.5563964,74.4029028
31.5395861,74.3542145
31.5482757,74.3644237
31.5502832,74.3620065
31.5483306,74.3644748
31.5378184,74.3565895
31.5399811,74.3541733
31.5398864,74.3540786
31.5398006,74.3541793
31.5431419,74.3581491
31.543222,74.3580664
31.5728566,74.2779917
31.5727864,74.3056227
31.5715667,74.3071935
31.5713661,74.3075641
31.5661233,74.317021
31.5721559,74.3170389
31.5598713,74.3238806
31.5479852,74.3153258
31.5413572,74.3291941
31.5439773,74.3295877
31.5436535,74.3293336
31.5416027,74.3291684
31.5438651,74.3296324
31.5379808,74.3286192
31.6201655,74.2733715
31.618209,74.2754165
31.5423876,74.3176625
31.5401209,74.3190084
31.5397038,74.3194937
31.5400278,74.3190115
31.5446118,74.3170516
31.5401049,74.3187093
31.5336682,74.3206998
31.5402201,74.3186435
31.5401095,74.3186339
31.5367591,74.3361702
31.5372062,74.3363758
31.5350822,74.3415143
31.5335682,74.3400226
31.5341451,74.340622
31.5345724,74.3410275
31.5335235,74.3398406
31.5342446,74.3405015
31.5355248,74.3409468
31.5349783,74.3405111
31.5344201,74.3402388
31.5337306,74.3395889
31.5345175,74.3401523
31.5340694,74.3472541
31.5355517,74.3489454
31.5356414,74.3488503
31.5306446,74.3437167
31.5307788,74.343869
31.534233,74.3471143
31.5337861,74.3484148
31.532593,74.3517899
31.5343979,74.3473445
31.5339826,74.3475548
31.526101,74.3495498
31.5263035,74.3496467
31.5280371,74.3502846
31.5264347,74.3494678
31.6434955,74.4620942
31.646682,74.4633749
31.6606693,74.4445989
31.4861925,74.4423638
31.4798991,74.4512673
31.5114641,74.4390403
31.5147527,74.4365764
31.5141889,74.4355379
31.5143149,74.4357773
31.5146684,74.4366274
31.4968768,74.3979121
31.4119623,74.2726071
31.4104908,74.2716014
31.4109903,74.2719173
31.414722,74.2731431
31.4147188,74.2727005
31.4266228,74.2781471
31.4265706,74.2781417
31.423879,74.2754268
31.4238122,74.2755315
31.4867141,74.304397
31.4841969,74.2893335
31.4838181,74.2891081
31.4842959,74.2892547
31.459544,74.2872001
31.4540226,74.3040176
31.454344,74.3032632
31.4544193,74.3030916
31.4548208,74.3021283
31.4679954,74.2962316
31.468335,74.2968135
31.4546471,74.4337255
31.6165818,74.2569826
31.42713,74.1835322
31.4631941,74.3864842
31.4662724,74.3416514
31.508726,74.2522496
31.5066749,74.3679168
31.504499,74.3677475
31.5044955,74.367919
31.5214318,74.356876
31.5195576,74.3587605
31.5132474,74.3582584
31.5195162,74.3588295
31.5200896,74.3587495
31.4613657,74.3096324
31.4650966,74.290751
31.4647627,74.2900554
31.4591616,74.2909984
31.5263762,74.3684324
31.5263461,74.3684324
31.5261688,74.3739825
31.5354064,74.3688839
31.4387583,74.2853823
31.4418052,74.2974754
31.4413186,74.2986336
31.4404728,74.3006465
31.440569,74.3004062
31.448725,74.3053092
31.4486185,74.3055361
31.4426699,74.2954423
31.4384343,74.3030624
31.4355615,74.3014994
31.4355219,74.3016521
31.4384187,74.3032307
31.4319727,74.2952508
31.4626785,74.4184452
31.5044487,74.3880386
31.5031814,74.3882482
31.5031698,74.3882196
31.4769928,74.420996
31.4768603,74.4215874
31.4764801,74.4183967
31.4728455,74.415036
31.4778831,74.4132017
31.4958301,74.3977345
31.4958771,74.3977394
31.4978407,74.3981589
31.5003884,74.3933067
31.4826988,74.3934954
31.4837005,74.3909934
31.4837994,74.3923779
31.431672,74.3446813
31.4363186,74.3458007
31.4320262,74.3475467
31.4319088,74.3479952
31.4317011,74.3487933
31.4325355,74.3543861
31.4341275,74.3561261
31.4342624,74.3775518
31.4354794,74.3802235
31.432227,74.3822636
31.436931,74.3832703
31.4369089,74.383116
31.4322553,74.382114
31.4428919,74.3841676
31.4428835,74.3840258
31.4475969,74.383273
31.4462941,74.3834257
31.447614,74.3831285
31.44628,74.3832837
31.4446782,74.3836002
31.443678,74.3840028
31.444722,74.383734
31.4436611,74.3838622
31.4291179,74.3753461
31.4291669,74.375009
31.4292009,74.3748683
31.4292543,74.3750447
31.4292967,74.3749064
31.4502069,74.450776
31.4378347,74.263205
31.4388972,74.2647913
31.4403888,74.2742923
31.4398855,74.2737572
31.4348301,74.2749351
31.4344003,74.2754767
31.5074797,74.250228
31.4774149,74.3989616
31.4773818,74.3989047
31.4783235,74.3980454
31.4782798,74.397968
31.4501075,74.3844175
31.4488499,74.3837956
31.4502954,74.3843806
31.4489292,74.383691
31.4551544,74.3783559
31.4551939,74.3783679
31.4545859,74.3811932
31.4546265,74.3812068
31.5413443,74.4164919
31.5396399,74.4172439
31.5407309,74.4277612
31.5509337,74.4369804
31.5410736,74.4313047
31.5416096,74.4318434
31.6104225,74.4235739
31.4534998,74.3656929
31.4535361,74.3656808
31.4551271,74.3697365
31.4551643,74.369715
31.4552038,74.3696931
31.5580973,74.3281775
31.6103201,74.115919
31.6112045,74.1135631
31.6109605,74.1181113
31.6102267,74.1159614
31.6111897,74.1135121
31.4156069,74.1993245
31.4123546,74.1972945
31.4122774,74.1974462
31.4162729,74.1984462
31.4163835,74.1985957
31.4182087,74.1977854
31.4182098,74.197905
31.4170043,74.1977766
31.4712728,74.2423386
31.471522,74.2421422
31.4717879,74.2436953
31.5361033,74.3425382
31.5622178,74.3053932
31.4489222,74.2637438
31.4648336,74.3488399
31.5070628,74.3567029
31.4685863,74.4311177
31.4650458,74.4312205
31.4752693,74.2492366
31.4588579,74.2810575
31.4584318,74.280477
31.4236176,74.2562833
31.5630721,74.3836973
31.5627616,74.3837106
31.5618709,74.3777162
31.5614102,74.3771492
31.5627136,74.3818456
31.5622017,74.3793144
31.5623648,74.3818922
31.5618262,74.3792288
31.5587655,74.3680321
31.5587257,74.3664031
31.5578943,74.3649329
31.5614464,74.375464
31.5611619,74.3759632
31.5577825,74.3655736
31.4672472,74.237368
31.467582,74.2377543
31.5058179,74.3387299
31.5060723,74.3353907
31.5551141,74.2739982
31.5551583,74.274155
31.5494588,74.2703358
31.5400321,74.2652722
31.5307586,74.3367815
31.5264702,74.3327267
31.5021389,74.3098215
31.5127149,74.3197335
31.5084361,74.3157188
31.4786896,74.4595089
31.5377003,74.4544209
31.4869796,74.3047771
31.5030778,74.313509
31.5022723,74.2826875
31.5021499,74.2821406
31.526604,74.3324984
31.5890873,74.3015548
31.585827,74.3011096
31.5791256,74.2895762
31.588425,74.3445146
31.5495585,74.3884317
31.5489703,74.4013595
31.5760858,74.3485791
31.5772441,74.3607631
31.5773939,74.3607236
31.5766191,74.3557369
31.4282027,74.1854575
31.4699943,74.2156277
31.4701059,74.2156306
31.4699328,74.2195526
31.4699231,74.2197491
31.4699995,74.2197858
31.4700153,74.2195801
31.4694711,74.2203235
31.469406,74.2202709
31.4679967,74.2210679
31.4688371,74.2208943
31.4679863,74.2209357
31.4700323,74.2189126
31.46994,74.218902
31.5932676,74.3078717
31.5985343,74.3173638
31.5991576,74.3175478
31.5985406,74.3174483
31.5991512,74.3174764
31.5912443,74.3020004
31.4128633,74.4140307
31.5541688,74.3351889
31.439952,74.2925469
31.4358819,74.2904209
31.4521982,74.3034078
31.4480621,74.3132068
31.4561155,74.2769732
31.5649567,74.3442978
31.5633591,74.3444376
31.5632898,74.3406866
31.5630941,74.3432197
31.5653674,74.3434682
31.5562451,74.3392743
31.5457926,74.3303644
31.5504789,74.3427919
31.4680015,74.4314236
31.4680016,74.4311187
31.4682531,74.4315827
31.4680968,74.4317856
31.4680601,74.4315217
31.4676706,74.4310077
31.4674531,74.4309334
31.467586,74.4307032
31.467578,74.4309013
31.467087,74.4312893
31.4671874,74.4313159
31.6392497,74.2284643
31.6405606,74.2284304
31.6226883,74.2933005
31.6219039,74.2954931
31.6211803,74.2995225
31.566816,74.4437233
31.4249509,74.2134834
31.5637996,74.3332262
31.5673642,74.3252691
31.584641,74.4112757
31.4677099,74.3077821
31.4682782,74.3075425
31.4836065,74.3879955
31.4836022,74.388107
31.4395887,74.2319657
31.425398,74.1816032
31.4576651,74.4614673
31.5206103,74.3250482
31.5088251,74.299063
31.5164768,74.4244637
31.5812707,74.306374
31.6185626,74.2899834
31.6210114,74.2901923
31.6216721,74.291336
31.6200412,74.2897314
31.628653,74.2882198
31.6158433,74.2905432
31.6185926,74.2902111
31.6178012,74.2906227
31.6177728,74.2902486
31.6123409,74.2929294
31.6121692,74.2925687
31.5617551,74.3328091
31.5616579,74.3326444
31.4438035,74.2381831
31.4443215,74.2367531
31.4433042,74.2395455
31.4432255,74.2397412
31.4432344,74.2397412
31.4441164,74.2374306
31.6086312,74.3365717
31.6067937,74.3354953
31.6029905,74.3260482
31.6007616,74.3177913
31.4923083,74.330468
31.4162531,74.2759375
31.5441649,74.3501199
31.5443574,74.3497924
31.5445373,74.3495396
31.5443675,74.3493947
31.5441777,74.3496563
31.5444301,74.3498616
31.5442412,74.3501213
31.5451278,74.3488117
31.5438977,74.3502241
31.4736931,74.3023086
31.4729612,74.3025868
31.4609751,74.3240111
31.4612715,74.3233235
31.462818,74.4480815
31.4666323,74.4246912
31.4696661,74.4239652
31.4170418,74.3589829
31.4269737,74.4480924
31.436656,74.2835994
31.4372202,74.2828758
31.513044,74.0374011
31.5218216,74.0598639
31.4865365,74.0149904
31.4962437,74.0149659
31.4964409,74.3756117
31.5383232,74.3286821
31.5383279,74.3286437
31.4713859,74.3683297
31.5492699,74.4082693
31.5218758,74.3835156
31.5222613,74.3761275
31.5219674,74.3762439
31.5222513,74.3764243
31.5748725,74.4408277
31.5745037,74.4394658
31.5116732,74.3378136
31.5117695,74.3378366
31.5125256,74.3376209
31.5135113,74.3366635
31.5133,74.3189495
31.512189,74.3200929
31.5119083,74.3209194
31.5156593,74.3220884
31.5136916,74.3473224
31.513077,74.349893
31.5130845,74.349813
31.5140765,74.3473714
31.5137866,74.3293757
31.4763159,74.3364632
31.5479733,74.293517
31.4859565,74.3394146
31.4802084,74.3418102
31.4935104,74.3454287
31.4934712,74.3451891
31.5049456,74.3364521
31.5054444,74.3356919
31.5044235,74.3364957
31.5042408,74.3357245
31.5042563,74.3351402
31.5049093,74.3346641
31.5044092,74.333135
31.5042979,74.3338193
31.6044169,74.3341959
31.5968934,74.3642378
31.5978567,74.3640419
31.6387652,74.1957381
31.6438152,74.1832142
31.6388721,74.1958875
31.6438815,74.1834335
31.6437833,74.2071598
31.4598311,74.3159599
31.4599214,74.3157256
31.4641029,74.3160798
31.4637728,74.3167959
31.4646125,74.3153222
31.4628054,74.3194524
31.462481,74.3201197
31.4593747,74.3281362
31.4576938,74.3285544
31.4576119,74.3288117
31.4573683,74.3287079
31.4580275,74.3288156
31.4578993,74.3290425
31.5810666,74.3871636
31.58342,74.4012877
31.4225046,74.2335532
31.4353089,74.2586706
31.4474397,74.2558652
31.4474506,74.2558652
31.6073059,74.3817471
31.6064824,74.3814089
31.6031553,74.3664274
31.6026511,74.3678556
31.6025033,74.3678275
31.6057068,74.3606221
31.4747312,74.3779359
31.475102,74.3778251
31.4745778,74.3774947
31.460562,74.2612036
31.4611261,74.2604557
31.467369,74.3806202
31.4675177,74.381001
31.4676984,74.3804706
31.4678458,74.3808962
31.5066037,74.3781975
31.5064932,74.3756347
31.4560842,74.2779556
31.517509,74.3760319
31.5172509,74.3760613
31.4520093,74.2669648
31.4510245,74.2652128
31.4518307,74.2658259
31.4640017,74.2830505
31.5071092,74.3578011
31.506966,74.3580965
31.5068677,74.3593667
31.5060685,74.3593083
31.5077381,74.359453
31.5070129,74.3580994
31.5021044,74.3571121
31.4715784,74.242531
31.4713866,74.2425622
31.4814587,74.2519371
31.4876656,74.3297833
31.4959361,74.3298808
31.4958804,74.331113
31.5021425,74.3145875
31.5069173,74.3575034
31.5068919,74.3577715
31.5071348,74.3574853
31.4562552,74.3512955
31.4507453,74.3530325
31.4511449,74.353301
31.6150866,74.2486047
31.4733963,74.3202753
31.4734472,74.3202987
31.4782934,74.3421342
31.4780917,74.3422237
31.5757277,74.3507491
31.5764732,74.3557682
31.5758742,74.3507266
31.5761571,74.3485628
31.5743067,74.3810775
31.5796027,74.3812476
31.5015553,74.2498791
31.5006769,74.2512073
31.5007081,74.251293
31.503139,74.2676143
31.4991906,74.2701875
31.5001241,74.2705739
31.4994351,74.2718418
31.4995511,74.2719737
31.4988558,74.2733031
31.4995505,74.2754329
31.4691399,74.2783886
31.5070551,74.307724
31.5073141,74.3073538
31.5179647,74.2655654
31.5236176,74.2681895
31.5211365,74.2667225
31.5167826,74.2661592
31.5167472,74.2661001
31.5647221,74.3445509
31.5616776,74.3370524
31.5618343,74.3369667
31.5615492,74.3369596
31.5629896,74.3351588
31.5629424,74.3350736
31.5210919,74.288996
31.5090249,74.2726016
31.5089144,74.2721024
31.5316907,74.2737714
31.5232554,74.2746585
31.5247569,74.2812032
31.5248679,74.2812772
31.5233828,74.2746829
31.468166,74.305541
31.4683103,74.3052307
31.4668072,74.3090011
31.4669511,74.3086927
31.566468,74.2305257
31.4811014,74.2986555
31.47696,74.3012557
31.4772535,74.3011117
31.4395022,74.2822048
31.4805635,74.4316965
31.4583883,74.2639373
31.4571131,74.2664689
31.4567897,74.2667404
31.5928647,74.2555353
31.4867589,74.4602427
31.5697252,74.4189311
31.4788767,74.4135098
31.5512859,74.2705171
31.5531317,74.27221
31.4329019,74.2250817
31.4329212,74.2248973
31.4509158,74.2684022
31.5443721,74.268643
31.5442696,74.2677135
31.5473208,74.268716
31.5470848,74.2697563
31.5429758,74.2840953
31.5433729,74.2839027
31.5502017,74.2754202
31.5362709,74.290213
31.5363679,74.2902922
31.5466958,74.3524345
31.546499,74.3522459
31.547929,74.3295714
31.6102627,74.2495953
31.6098668,74.2503665
31.4088968,74.1840095
31.5874868,74.3067766
31.5872904,74.3065722
31.5763564,74.3146818
31.5763272,74.3149251
31.5779662,74.3080235
31.578386,74.3081321
31.5015019,74.3677755
31.5016593,74.3677387
31.5016704,74.3644917
31.5015785,74.3680497
31.5015886,74.3674683
31.5014016,74.3710266
31.5014796,74.3695456
31.5015463,74.3695512
31.5015712,74.3662867
31.501626,74.3662822
31.5015399,74.3678556
31.5015981,74.3678546
31.501466,74.3726407
31.5613272,74.3294442
31.5609673,74.3297497
31.5609541,74.3296972
31.561314,74.3294047
31.6224343,74.2392441
31.62518,74.2316529
31.5843924,74.3290041
31.5811024,74.3319343
31.5843789,74.3288916
31.5811552,74.3319988
31.5864276,74.3260882
31.6051115,74.2417588
31.4585433,74.2635926
31.4547782,74.2579133
31.4548682,74.2579414
31.627617,74.2655665
31.6193574,74.24843
31.6198806,74.2467608
31.6214945,74.2720966
31.6188701,74.2748838
31.6214042,74.2702274
31.5233798,74.4517954
31.5254936,74.4408627
31.5295114,74.4679574
31.4743263,74.4436521
31.4764155,74.4465679
31.4719606,74.440444
31.4759317,74.4457995
31.4591532,74.3271135
31.4317548,74.2146839
31.4321502,74.2145528
31.5070222,74.3075477
31.5070679,74.30748
31.4739494,74.4587736
31.4738139,74.4590448
31.6218274,74.2955582
31.41345,74.2975052
31.4134646,74.2974009
31.4134391,74.2974035
31.4134742,74.2975035
31.4120325,74.2967864
31.4120342,74.296667
31.4653962,74.373782
31.4675326,74.3805346
31.4220954,74.3862193
31.4157716,74.3902587
31.4217263,74.4029956
31.4846997,74.4185499
31.5876627,74.4351424
31.5901531,74.4348301
31.5899484,74.4337185
31.5908165,74.4341146
31.5901117,74.4343772
31.5903303,74.4356131
31.4164067,74.421176
31.5298292,74.3767041
31.5297981,74.3764259
31.5259657,74.3765472
31.526162,74.3763241
31.5259759,74.3763179
31.5261518,74.3765535
31.5507225,74.3333371
31.5541271,74.335886
31.4795911,74.4688335
31.4792456,74.4688034
31.4667877,74.466888
31.4677845,74.4672467
31.5681283,74.2825245
31.4564496,74.3516117
31.4589638,74.3503111
31.4590791,74.3505961
31.4551501,74.3657901
31.4543354,74.365721
31.4549534,74.369265
31.4549875,74.3692486
31.455021,74.369233
31.4385557,74.2990451
31.4370018,74.2965804
31.4357508,74.2932983
31.4357472,74.2929972
31.4358032,74.2932177
31.4358182,74.2933356
31.4354412,74.2940773
31.4354818,74.2940055
31.4112953,74.4122899
31.4162875,74.4115237
31.4164143,74.4141581
31.5635796,74.3257422
31.5632279,74.3350788
31.5539888,74.3258632
31.5540207,74.3258806
31.5672912,74.3240895
31.5471752,74.3800858
31.5500336,74.3780869
31.5501941,74.3734428
31.5520183,74.3612133
31.5513389,74.3659168
31.5508195,74.3693069
31.5520328,74.3600661
31.4121642,74.412256
31.522593,74.4246734
31.5187188,74.4245365
31.5298262,74.4250023
31.4764846,74.2761244
31.4212052,74.20788
31.4213483,74.2081161
31.4225221,74.2005265
31.4217094,74.2079845
31.4215505,74.2077077
31.4169752,74.2015771
31.4170965,74.2018341
31.4868556,74.4603738
31.4654512,74.2863511
31.4598029,74.2988996
31.4624158,74.2829859
31.5025462,74.3780191
31.5014517,74.3749489
31.5013299,74.3783332
31.5007553,74.3783049
31.5014078,74.3749117
31.499075,74.3776761
31.5003531,74.3767156
31.5013111,74.377508
31.5011822,74.3781266
31.5067224,74.3809685
31.5067213,74.3810089
31.4688482,74.3465389
31.4752405,74.3438659
31.4721313,74.3451849
31.4742832,74.3445012
31.4772053,74.3431889
31.477682,74.3428983
31.5058848,74.335582
31.4990339,74.3413745
31.4992534,74.3413829
31.4929204,74.3483446
31.4931634,74.3481977
31.4858442,74.257066
31.6085489,74.3367229
31.502783,74.4220557
31.4972327,74.4205834
31.6099581,74.4310476
31.609959,74.4307171
31.6090335,74.4308895
31.6077975,74.4284623
31.6079302,74.4282193
31.4750365,74.3017339
31.4701278,74.303392
31.4708035,74.3033869
31.4657931,74.3118959
31.46541,74.312395
31.4581763,74.3312299
31.4578128,74.3321167
31.4604708,74.2608249
31.4964795,74.419818
31.4878223,74.4123266
31.4966952,74.4205806
31.4472168,74.2159194
31.4751459,74.4158815
31.4823338,74.4054019
31.4871918,74.4116662
31.467587,74.3807503
31.4676832,74.3810073
31.4771661,74.3986029
31.4771347,74.3986353
31.6096235,74.4024313
31.6096657,74.4025333
31.5036715,74.3591761
31.5069391,74.3594139
31.4317316,74.4314639
31.4328017,74.4263348
31.5262068,74.3686007
31.5264837,74.368817
31.5264653,74.3685604
31.4775165,74.343152
31.4789376,74.3424329
31.414348,74.2295826
31.4141155,74.2295982
31.4140954,74.2255076
31.4226655,74.2471137
31.4215819,74.2475498
31.4254168,74.2461937
31.482679,74.3935781
31.4837642,74.3909747
31.4839462,74.3926472
31.4839541,74.392602
31.5516061,74.3641277
31.4432619,74.3182508
31.4431166,74.3181689
31.5101331,74.4411699
31.5101375,74.4412703
31.510218,74.4411506
31.5386047,74.3365463
31.5391393,74.3357607
31.5376048,74.4173586
31.5286708,74.4427361
31.5272171,74.4417655
31.5272455,74.4417169
31.4638049,74.2135377
31.5062669,74.384122
31.506211,74.3859131
31.5063085,74.3841841
31.4514878,74.2985982
31.4514383,74.2985753
31.6139058,74.2657653
31.6139053,74.2656813
31.5228835,74.4508524
31.5223937,74.4514893
31.5147202,74.4377202
31.461932,74.4345219
31.5844352,74.203116
31.5841667,74.2054468
31.584266,74.2054773
31.506564,74.3756263
31.4837347,74.3925946
31.4837621,74.3925195
31.4834563,74.3927838
31.5629186,74.3355233
31.5630685,74.3351739
31.563211,74.3352249
31.5628757,74.3352457
31.452404,74.28693
31.4524828,74.2870161
31.4555783,74.2211373
31.4142906,74.22976
31.4142043,74.2297597
31.5186819,74.2920644
31.5187394,74.2920001
31.518674,74.2918997
31.5142476,74.2966528
31.5122617,74.2840808
31.5046812,74.2900348
31.478068,74.4690536
31.4779844,74.468991
31.5646929,74.3443277
31.4537485,74.2999516
31.4423844,74.2763422
31.465581,74.4423362
31.4647113,74.4413257
31.4640517,74.4439386
31.4655803,74.4423942
31.4646743,74.441398
31.4655317,74.4423881
31.4676597,74.4400859
31.4655324,74.4423301
31.4671905,74.4406355
31.4671175,74.4407113
31.574608,74.3281281
31.4699295,74.4377487
31.4700155,74.437792
31.4678397,74.4351795
31.4698601,74.437763
31.4451914,74.2131493
31.4452871,74.2132944
31.4453439,74.2132259
31.445362,74.2131089
31.4452617,74.2130943
31.5998002,74.2274445
31.5988949,74.224462
31.5522531,74.3598186
31.4776612,74.3992508
31.477424,74.3989206
31.4773612,74.3989854
31.4776298,74.3992832
31.4776556,74.3985179
31.4773217,74.3988564
31.4766951,74.3998015
31.4774635,74.3990496
31.4960995,74.3858343
31.496224,74.3845125
31.4961672,74.3845557
31.4961951,74.3844494
31.5273586,74.3341532
31.5276746,74.33349
31.5993129,74.3641688
31.5993099,74.3641715
31.5991311,74.3638564
31.4524404,74.3078985
31.4539361,74.3043292
31.4538277,74.3042676
31.4523183,74.3078185
31.5621877,74.4386365
31.5624011,74.4386736
31.5622722,74.4315845
31.5623532,74.4315452
31.566813,74.4347434
31.5668018,74.4350547
31.4275532,74.2384738
31.445175,74.2686681
31.4450694,74.2685167
31.5118987,74.3388929
31.5119812,74.3388026
31.5760264,74.4354091
31.576029,74.4352614
31.4794685,74.4505976
31.4811402,74.4528428
31.481223,74.4528545
31.4813937,74.4526702
31.4812228,74.4527557
31.4813141,74.4525593
31.48114,74.4527441
31.4873154,74.4609753
31.4873815,74.4610608
31.4811131,74.4690202
31.4754754,74.4685006
31.4755316,74.4685802
31.4754098,74.4685661
31.4765324,74.4574416
31.4767439,74.4577248
31.4767223,74.4574942
31.4774131,74.458444
31.4767909,74.4575206
31.4790006,74.4551959
31.4774862,74.4584215
31.4767783,74.4574391
31.4789179,74.4550861
31.4767097,74.4574126
31.4845781,74.4693914
31.5091782,74.3393416
31.5045314,74.3318738
31.5345229,74.2631313
31.534743,74.2633603
31.5346377,74.2631656
31.5349833,74.2633584
31.5349745,74.2635073
31.529832,74.3794104
31.5298492,74.3808571
31.5298919,74.3794127
31.5298596,74.3794639
31.5299379,74.3793903
31.5219382,74.381682
31.5258507,74.3819653
31.5223443,74.3790515
31.5225029,74.3686898
31.5224463,74.3684552
31.5299605,74.3765779
31.5214329,74.3762337
31.5401315,74.3769727
31.5732765,74.2942824
31.5493389,74.4141504
31.5500695,74.4091887
31.588379,74.4188176
31.5879573,74.4143879
31.5171746,74.45834
31.5048836,74.3123655
31.5032687,74.3108414
31.5030128,74.311171
31.5046937,74.3127411
31.4273474,74.1864374
31.4261778,74.187897
31.5761003,74.3337414
31.5736899,74.3323447
31.5773998,74.334044
31.5770079,74.3344162
31.5739286,74.3326962
31.4749839,74.4550813
31.4771876,74.4527543
31.4758737,74.4562193
31.4749866,74.4550232
31.4771439,74.4526953
31.4749375,74.4550196
31.4749348,74.4550777
31.4758198,74.4562746
31.4574654,74.461424
31.5104457,74.4395376
31.4584884,74.3508781
31.5618773,74.3808122
31.4128363,74.1839147
31.4128956,74.1839147
31.572631,74.2862746
31.5213793,74.4378855
31.5151452,74.4237061
31.5108712,74.4236893
31.5215541,74.4353954
31.5204655,74.4356301
31.5215549,74.4356482
31.5246234,74.4352492
31.5126444,74.4436803
31.5512276,74.3568077
31.5520331,74.357692
31.5524274,74.3563824
31.5523964,74.356351
31.5550761,74.3604006
31.5535937,74.358457
31.5531548,74.3579618
31.5527517,74.3575154
31.552589,74.3573444
31.5523577,74.3571082
31.5508485,74.3556595
31.5517359,74.3565153
31.5517944,74.3571754
31.5520185,74.3574172
31.5522267,74.3576437
31.5532354,74.3587403
31.5527097,74.3581674
31.5548706,74.3606976
31.5511574,74.356509
31.5502836,74.3556538
31.5529265,74.3587645
31.6090434,74.3937488
31.6089413,74.393569
31.6090122,74.3935749
31.6089328,74.3936615
31.5353521,74.4200933
31.5353582,74.4199282
31.5376747,74.4112229
31.4244864,74.3575321
31.4179764,74.358573
31.4176834,74.3587714
31.4183687,74.3586944
31.4688199,74.4332495
31.5708171,74.3186608
31.4660111,74.4324117
31.4663007,74.4326736
31.4515684,74.3944731
31.426598,74.285382
31.4534362,74.2774505
31.5393945,74.4258824
31.5393177,74.4262495
31.5404275,74.4266013
31.5376815,74.4257374
31.5378405,74.4255
31.5404799,74.4262607
31.5411008,74.4265516
31.5410387,74.4267782
31.5454492,74.4183437
31.5497124,74.3853642
31.5496021,74.3875276
31.5401537,74.3752965
31.4403056,74.2786026
31.4398858,74.2791809
31.4913419,74.3089648
31.5642844,74.3051449
31.5641561,74.305753
31.5653166,74.3057937
31.5687263,74.306967
31.5674832,74.3064952
31.5668638,74.3047213
31.5653117,74.3086905
31.5660112,74.3069675
31.5623133,74.318786
31.544232,74.2725213
31.5443077,74.272556
31.564219,74.3051488
31.546273,74.2915061
31.5431985,74.2839929
31.5432892,74.283947
31.5438245,74.2771185
31.5437223,74.277108
31.5470819,74.2695177
31.5470832,74.2696451
31.5453537,74.2927174
31.5453276,74.2924869
31.5435605,74.2970163
31.5436878,74.2970778
31.5445436,74.294602
31.544008,74.2942043
31.5437459,74.2947559
31.5442546,74.2951379
31.4257465,74.2772594
31.4256811,74.2773313
31.4248427,74.2765174
31.4581393,74.3511405
31.4756645,74.3570903
31.4745396,74.3546869
31.4743901,74.3545995
31.4759569,74.3568684
31.4753536,74.3558842
31.5031737,74.3133602
31.6183014,74.2900287
31.6184645,74.2905617
31.426585,74.2780733
31.4389048,74.2807645
31.4826238,74.2516443
31.4366321,74.2577472
31.5043589,74.3314108
31.5043165,74.3319514
31.5042123,74.3316006
31.5046861,74.3318098
31.504067,74.3315342
31.5740797,74.3062721
31.5641264,74.3057524
31.4784752,74.3586317
31.4777906,74.3580053
31.4889361,74.382268
31.4724424,74.3529164
31.4719119,74.3523468
31.4758499,74.356436
31.5013773,74.3326066
31.5075735,74.330165
31.5078338,74.3302926
31.5454083,74.3510893
31.5455445,74.3506464
31.5430565,74.34888
31.5431428,74.3484014
31.5022034,74.378282
31.5048898,74.378196
31.5289434,74.3509504
31.5336477,74.3492806
31.5328434,74.3509471
31.5298545,74.3512387
31.4669399,74.3473162
31.4689985,74.3461585
31.4752258,74.3438245
31.4749095,74.3437151
31.4492977,74.2700275
31.4510092,74.2706511
31.5855657,74.3274478
31.5786857,74.3339536
31.5787135,74.3340648
31.5856267,74.3275645
31.4963362,74.3327565
31.4342974,74.3774195
31.4369113,74.3670381
31.4369055,74.3670381
31.4486106,74.2696949
31.6065466,74.3002796
31.6048688,74.2988221
31.6009647,74.2970166
31.602598,74.297827
31.5844911,74.4105007
31.4323075,74.3518015
31.4235633,74.2297566
31.4757203,74.3772903
31.4405128,74.2533672
31.5016992,74.3650258
31.5016621,74.3649921
31.501706,74.3645707
31.4688062,74.3461906
31.4845131,74.3919345
31.4930872,74.3724792
31.492601,74.3719943
31.4877239,74.3671548
31.4873544,74.3668118
31.4811808,74.3522842
31.4811536,74.3521976
31.4789247,74.3570104
31.4781058,74.356252
31.4884196,74.3533383
31.4880845,74.3534201
31.5396899,74.4173962
31.4444276,74.2731758
31.4441164,74.2735784
31.4940451,74.3736095
31.5345062,74.2631767
31.5345234,74.2632162
31.6456624,74.2846239
31.6421519,74.2853376
31.64698,74.2843157
31.6469684,74.2841946
31.6421652,74.2852031
31.6466913,74.2846464
31.6500806,74.2834226
31.6493011,74.283583
31.6484752,74.2837531
31.6453766,74.2844466
31.6428684,74.2853249
31.4362044,74.4291127
31.4724297,74.2127735
31.4723979,74.2112414
31.4712632,74.2128214
31.4712666,74.212668
31.4701001,74.2127113
31.4655325,74.1891282
31.4655306,74.1889685
31.4619215,74.1890535
31.4492492,74.3978498
31.5916211,74.3058415
31.4724973,74.2118022
31.4631499,74.2316626
31.5386382,74.2632824
31.5338548,74.2617264
31.5397269,74.265258
31.5357664,74.2628121
31.5357664,74.2628121
31.5458735,74.2679622
31.5387518,74.2632534
31.5578114,74.2411594
31.5576217,74.2411195
31.5576587,74.241079
31.5577013,74.2412846
31.5577386,74.2412426
31.5578567,74.2411089
31.5575507,74.2411964
31.5577736,74.2412018
31.5578029,74.2411676
31.5576559,74.2413375
31.5579511,74.2411626
31.5577356,74.2410045
31.5576893,74.2410448
31.5577767,74.240972
31.557718,74.2412662
31.5575849,74.2411598
31.557718,74.2410134
31.5702714,74.2320074
31.5900828,74.2208067
31.576427,74.228054
31.5992905,74.2167391
31.5981071,74.2188442
31.5976381,74.2209681
31.6203488,74.208168
31.6171111,74.2091078
31.6134568,74.2109258
31.617152,74.2092569
31.6376039,74.2078376
31.6344158,74.2067479
31.6343917,74.2070301
31.6328855,74.2069506
31.6376576,74.2061201
31.4733624,74.3727621
31.4278931,74.2192661
31.4276225,74.2187176
31.5388977,74.2649785
31.5039876,74.3319506
31.4951481,74.3744103
31.4733898,74.346276
31.4756534,74.3475127
31.457792,74.4611034
31.431912,74.3435033
31.432009,74.3456269
31.432056,74.3456237
31.4320363,74.3456891
31.5000225,74.4285302
31.499823,74.4285162
31.4957551,74.3323297
31.4959389,74.3325038
31.4486965,74.2698492
31.4461407,74.2689936
31.4476337,74.2691942
31.4249594,74.2459453
31.4177137,74.2184167
31.4216877,74.2228371
31.4357509,74.2274723
31.4349859,74.2265339
31.4358206,74.2264443
31.4348736,74.2262455
31.6090806,74.4308762
31.6071662,74.4261571
31.4461418,74.2374418
31.4329818,74.1899799
31.4479271,74.4489221
31.522346,74.2967934
31.5223902,74.2967018
31.5224582,74.2965626
31.4664466,74.2518068
31.4662172,74.2520865
31.4543083,74.2129937
31.4537372,74.2126988
31.4538146,74.2126027
31.515212,74.2760377
31.5156978,74.2763913
31.4571518,74.0773232
31.548111,74.3646983
31.4333361,74.2318897
31.436434,74.427494
31.5607061,74.3080041
31.5608042,74.307803
31.5609255,74.3084406
31.5608987,74.3080118
31.5615733,74.3063758
31.5609862,74.3078685
31.4844726,74.3642685
31.4848305,74.3646416
31.4831616,74.3628426
31.4864319,74.3659303
31.4943891,74.3734695
31.5863403,74.3982803
31.5867857,74.4024099
31.5869085,74.4023904
31.5866602,74.3999632
31.5852498,74.3892211
31.5856489,74.3922862
31.5855449,74.3902262
31.5853902,74.3891878
31.5851674,74.3881612
31.4678736,74.1014699
31.4683267,74.1039503
31.5775124,74.3340257
31.5769451,74.3343809
31.5719347,74.335229
31.5721023,74.3352066
31.5720142,74.3352574
31.5769183,74.3342814
31.576887,74.3343627
31.5769057,74.3343294
31.5769873,74.3343269
31.5771502,74.3343875
31.5718805,74.3354104
31.583985,74.3300024
31.5838872,74.3298748
31.5939925,74.4074754
31.4221045,74.447321
31.4234605,74.447506
31.6106715,74.2587304
31.6124357,74.2626334
31.5703334,74.3964306
31.570221,74.3961429
31.5687926,74.3717808
31.5683126,74.3744289
31.5835327,74.3796688
31.5833872,74.3797331
31.5836597,74.3807922
31.5845025,74.384406
31.4550519,74.0747022
31.5092914,74.3041738
31.568994,74.3068813
31.5690737,74.3068804
31.5689336,74.3069834
31.5689173,74.3070771
31.5690044,74.3071293
31.5724876,74.3060542
31.5716187,74.3075142
31.575953,74.3210852
31.5692191,74.318172
31.5689961,74.3182243
31.5399975,74.3538413
31.5713621,74.3053972
31.5731934,74.3060198
31.569685,74.3047876
31.5691273,74.306905
31.5691508,74.3069436
31.5714849,74.379575
31.5716847,74.3809724
31.5020017,74.3240425
31.5030481,74.3267465
31.5696036,74.3048954
31.5693582,74.3061144
31.5722102,74.306694
31.5717597,74.307241
31.5762378,74.3217929
31.5661162,74.3807963
31.5550888,74.3804973
31.5550939,74.3803754
31.4781992,74.3423231
31.476579,74.3430139
31.4540055,74.3941699
31.4182395,74.2487016
31.4168186,74.2491093
31.4571703,74.3341876
31.4718692,74.3446785
31.4165625,74.2496251
31.4189594,74.2486701
31.4500636,74.3535498
31.4538395,74.3523674
31.4561702,74.3513992
31.4497064,74.35339
31.5233818,74.3303873
31.5260563,74.3328456
31.5213067,74.3276824
31.5184631,74.3249656
31.5183559,74.3256758
31.5212998,74.3285279
31.5083111,74.3160984
31.5125332,74.3200481
31.5019413,74.3101263
31.5059063,74.3138563
31.5060058,74.3134472
31.4875288,74.29445
31.4878659,74.294283
31.4860216,74.2913609
31.485994,74.2920307
31.4799795,74.2794292
31.4810238,74.2821754
31.4724995,74.2483368
31.4448603,74.2685714
31.4427778,74.2678883
31.4159238,74.2494908
31.4159887,74.2497503
31.4161454,74.2498032
31.415734,74.249716
31.4684797,74.3463924
31.4322627,74.2998784
31.4462542,74.3174384
31.4482357,74.3127939
31.4487601,74.3115365
31.4495955,74.3095876
31.4420339,74.2763106
31.4418961,74.2762282
31.4342472,74.2871155
31.4342059,74.2868818
31.5297109,74.3828108
31.5296233,74.3858407
31.4747982,74.4442533
31.476977,74.4472312
31.4760828,74.4459995
31.4753515,74.4449399
31.5659998,74.3163709
31.5658706,74.3164049
31.4838423,74.3863349
31.4829589,74.3852964
31.4837725,74.3885993
31.4850787,74.3844948
31.4765952,74.3998368
31.4557215,74.2997462
31.4291919,74.4410953
31.4270919,74.4474078
31.4471189,74.2705517
31.4422515,74.2760129
31.442166,74.2758715
31.4473166,74.2701157
31.4487669,74.2692606
31.4482799,74.2693233
31.4717678,74.2475338
31.4718102,74.2477657
31.4734523,74.3201313
31.501594,74.3640775
31.5016467,74.364731
31.5023484,74.3532732
31.6096466,74.2890185
31.607076,74.2909182
31.6080147,74.290085
31.5107689,74.3031385
31.4616832,74.4625043
31.4616484,74.4624216
31.4608362,74.4647344
31.4611762,74.4647992
31.4610386,74.4649769
31.4614149,74.4636529
31.4635801,74.4655858
31.4636805,74.4656147
31.5352337,74.423511
31.440026,74.2683917
31.4229338,74.1784495
31.4228851,74.1785074
31.4229429,74.1785851
31.4229923,74.1785212
31.5647371,74.3113214
31.4699808,74.4377747
31.5606747,74.3806414
31.5838127,74.2075461
31.4650878,74.4049408
31.4655113,74.4047336
31.4683278,74.4307843
31.4673055,74.4315769
31.5654659,74.3143114
31.5654468,74.3141485
31.5655299,74.3143621
31.5655843,74.3142166
31.5656393,74.3141216
31.5635763,74.316844
31.5654722,74.3140633
