h3_index,population_in_hex,avg_rent_in_hex,dist_to_nearest_road,commercial_density_1km,education_density_1km,parking_density_1km,lifestyle_density_1km,luxury_density_1km,is_hotspot
89424d00003ffff,285.0,35000.0,1728.22,0,0,0,0,0,0
89424d00023ffff,9317.0,100909.09090909091,1354.38,0,0,0,0,0,0
89424d00043ffff,1553.0,35000.0,1339.87,0,0,0,0,0,0
89424d00063ffff,10268.0,35000.0,812.69,0,0,0,0,0,0
89424d000a3ffff,190.0,35000.0,2308.25,0,0,0,0,0,0
89424d000c3ffff,222.0,35000.0,2253.47,0,0,0,0,0,0
89424d00103ffff,15116.0,40000.0,1075.76,0,0,0,0,0,0
89424d00123ffff,8081.0,40000.0,201.03,0,0,0,0,0,0
89424d00127ffff,0.0,15000.0,177.95,0,0,0,0,0,0
89424d0012bffff,0.0,40000.0,440.57,0,0,0,0,0,0
89424d0012fffff,0.0,15000.0,242.82,0,0,0,0,0,0
89424d00143ffff,15148.0,47220.0,775.32,0,0,0,0,0,0
89424d00163ffff,8620.0,47220.0,129.83,0,0,0,0,0,0
89424d0016fffff,0.0,47220.0,108.39,0,0,0,0,0,0
89424d00183ffff,3.0,40000.0,1181.94,0,0,0,0,0,0
89424d001a3ffff,1363.0,40000.0,372.6,0,0,0,0,0,0
89424d001b7ffff,0.0,52367.64705882353,83.11,0,0,0,0,0,0
89424d001c3ffff,3961.0,40000.0,1727.68,0,0,0,0,0,0
89424d00283ffff,919.0,35000.0,1375.81,0,0,0,0,0,0
89424d002a3ffff,5705.0,35000.0,469.2,0,0,0,0,0,0
89424d002afffff,0.0,35000.0,104.75,0,0,0,0,0,0
89424d00303ffff,10553.0,55060.606060606064,232.35,0,0,0,0,0,0
89424d00307ffff,0.0,55060.606060606064,78.38,0,0,0,0,0,0
89424d0030fffff,0.0,55060.606060606064,190.2,0,0,0,0,0,0
89424d00313ffff,0.0,100909.09090909091,254.57,0,0,0,0,0,0
89424d00317ffff,0.0,100909.09090909091,113.59,0,0,0,0,0,0
89424d00323ffff,11630.0,69400.0,475.28,0,0,0,0,0,0
89424d00333ffff,0.0,55060.606060606064,117.86,0,0,0,0,0,0
89424d00343ffff,14007.0,35000.0,676.32,0,0,0,0,0,0
89424d00363ffff,13342.0,55060.606060606064,353.65,0,0,0,0,0,0
89424d00373ffff,0.0,55060.606060606064,64.18,0,0,0,0,0,0
89424d00383ffff,14831.0,100909.09090909091,406.13,0,0,0,0,0,0
89424d0038fffff,0.0,100909.09090909091,57.2,0,0,0,0,0,0
89424d003a3ffff,9159.0,69400.0,149.36,0,0,0,0,0,0
89424d003a7ffff,0.0,69400.0,174.25,0,0,0,0,0,0
89424d003afffff,0.0,69400.0,77.26,0,0,0,0,0,0
89424d003b3ffff,0.0,100909.09090909091,162.26,0,0,0,0,0,0
89424d003b7ffff,0.0,47220.0,148.17,0,0,0,0,0,0
89424d003bbffff,0.0,100909.09090909091,64.28,0,0,0,0,0,0
89424d003c3ffff,9317.0,35000.0,398.51,0,0,0,0,0,0
89424d003dbffff,0.0,35000.0,139.06,0,0,0,0,0,0
89424d00483ffff,1.0,35000.0,2087.2,0,0,0,0,0,0
89424d004a3ffff,100.0,35000.0,3027.88,0,0,0,0,0,0
89424d004c3ffff,319.0,35000.0,2118.81,0,0,0,0,0,0
89424d00523ffff,190.0,40000.0,1689.79,0,0,0,0,0,0
89424d00603ffff,63.0,35000.0,3024.55,0,0,0,0,0,0
89424d00623ffff,222.0,35000.0,2145.26,0,0,0,0,0,0
89424d00643ffff,222.0,35000.0,3314.69,0,0,0,0,0,0
89424d00663ffff,2566.0,35000.0,2341.34,0,0,0,0,0,0
89424d006c3ffff,1.0,35000.0,3950.98,0,0,0,0,0,0
89424d00803ffff,3803.0,35900.0,211.56,0,0,0,1,0,0
89424d00817ffff,0.0,35900.0,201.46,0,0,0,1,0,0
89424d0081bffff,0.0,35900.0,99.67,0,0,0,1,0,0
89424d00823ffff,6021.0,54935.114503816796,168.32,0,0,0,0,0,0
89424d0082bffff,0.0,54935.114503816796,130.78,0,0,0,0,0,0
89424d00833ffff,0.0,70300.0,182.02,0,0,0,0,0,0
89424d00837ffff,0.0,70300.0,115.83,0,0,0,0,0,0
89424d00843ffff,5039.0,35900.0,331.78,0,1,0,0,2,0
89424d00847ffff,0.0,64504.854368932036,131.93,0,1,0,0,2,0
89424d00853ffff,0.0,35900.0,180.37,0,0,1,3,0,0
89424d00857ffff,0.0,35900.0,173.91,0,1,0,0,0,0
89424d00863ffff,9571.0,64504.854368932036,232.48,0,1,0,0,1,0
89424d0086bffff,0.0,64504.854368932036,145.31,0,1,0,0,2,0
89424d00873ffff,0.0,64504.854368932036,110.1,0,1,0,0,1,0
89424d00877ffff,0.0,64504.854368932036,87.07,0,0,0,0,0,0
89424d0087bffff,0.0,64504.854368932036,184.68,0,1,0,0,2,0
89424d00883ffff,4658.0,35900.0,710.84,0,0,1,1,2,0
89424d00887ffff,0.0,32427.14285714286,553.65,0,0,0,3,1,0
89424d008a3ffff,3645.0,70300.0,155.98,0,0,0,1,0,0
89424d008a7ffff,0.0,70300.0,153.81,0,0,0,0,0,0
89424d008abffff,0.0,70300.0,183.98,0,0,0,1,0,0
89424d008afffff,0.0,70300.0,24.32,0,0,0,1,0,0
89424d008c3ffff,7003.0,35900.0,539.64,0,0,1,4,0,0
89424d008d3ffff,0.0,35900.0,179.24,0,0,2,4,1,0
89424d008d7ffff,0.0,35900.0,514.77,0,0,2,5,2,0
89424d00903ffff,13500.0,32500.0,53.34,0,0,0,1,0,0
89424d0090fffff,0.0,58136.36363636364,124.37,0,9,0,1,1,0
89424d0091bffff,0.0,47363.63636363636,360.29,0,0,0,0,0,0
89424d00923ffff,18444.0,60833.333333333336,188.39,0,9,5,3,7,0
89424d00927ffff,0.0,91756.09756097561,90.19,0,9,5,3,7,1
89424d0092bffff,0.0,60833.333333333336,97.38,0,9,5,3,6,0
89424d0092fffff,0.0,60833.333333333336,31.09,0,9,5,4,10,1
89424d00937ffff,0.0,91756.09756097561,25.73,0,9,5,3,7,0
89424d0093bffff,0.0,60833.333333333336,53.66,0,9,5,3,7,0
89424d00943ffff,6157.0,47363.63636363636,209.51,0,0,0,0,1,0
89424d00947ffff,0.0,58136.36363636364,131.42,0,0,0,0,1,0
89424d0094fffff,0.0,58136.36363636364,146.11,0,0,0,0,1,0
89424d00957ffff,0.0,47363.63636363636,138.07,0,0,0,0,0,0
89424d00963ffff,15216.0,58136.36363636364,378.36,0,8,0,1,3,0
89424d00967ffff,0.0,60833.333333333336,265.95,0,10,1,3,6,0
89424d0096bffff,0.0,65505.28541226216,191.06,0,0,0,1,2,0
89424d0096fffff,0.0,60833.333333333336,23.54,0,7,0,1,2,0
89424d00973ffff,0.0,58136.36363636364,96.18,0,2,0,0,0,0
89424d00977ffff,0.0,60833.333333333336,142.58,0,9,1,2,4,0
89424d00983ffff,13627.0,53711.11111111111,508.63,0,1,0,1,2,0
89424d0098bffff,0.0,53711.11111111111,150.19,0,1,0,0,0,0
89424d009a3ffff,18508.0,34000.0,180.83,0,0,0,1,2,0
89424d009a7ffff,0.0,34000.0,170.87,1,0,0,1,2,0
89424d009abffff,0.0,30200.0,297.48,0,2,0,1,3,0
89424d009b3ffff,0.0,39750.0,243.17,1,0,0,0,1,0
89424d009bbffff,0.0,39750.0,182.26,0,0,0,1,1,0
89424d009c3ffff,7098.0,70300.0,274.24,0,0,0,0,0,0
89424d009cfffff,0.0,47363.63636363636,127.67,0,0,0,0,0,0
89424d009d3ffff,0.0,70300.0,95.04,0,1,0,0,0,0
89424d00a03ffff,11155.0,48000.0,170.15,0,1,0,0,1,0
89424d00a0bffff,0.0,48000.0,247.65,0,1,0,0,0,0
89424d00a0fffff,0.0,48000.0,185.14,0,1,0,0,0,1
89424d00a17ffff,0.0,48000.0,144.05,0,2,0,0,2,0
89424d00a1bffff,0.0,48000.0,58.98,0,1,0,0,0,0
89424d00a23ffff,11916.0,48000.0,827.35,0,0,0,0,0,0
89424d00a3bffff,0.0,48000.0,518.5,0,1,0,0,0,0
89424d00a83ffff,5578.0,82049.18032786885,88.53,0,1,0,0,2,0
89424d00a9bffff,0.0,53142.857142857145,95.13,0,0,0,0,0,0
89424d00aa3ffff,14261.0,82049.18032786885,128.7,0,1,0,0,2,0
89424d00aafffff,0.0,82049.18032786885,240.4,0,1,0,0,2,0
89424d00ab3ffff,0.0,82049.18032786885,179.9,0,1,0,0,2,0
89424d00ab7ffff,0.0,82049.18032786885,326.18,0,1,0,0,2,0
89424d00abbffff,0.0,82049.18032786885,61.71,0,1,0,0,2,0
89424d00ac3ffff,10267.0,53142.857142857145,353.87,0,1,0,0,0,0
89424d00acfffff,0.0,53142.857142857145,140.47,0,1,0,0,0,0
89424d00ad7ffff,0.0,53142.857142857145,7.5,0,0,0,0,0,0
89424d00adbffff,0.0,53142.857142857145,61.54,0,0,0,0,0,0
89424d00b03ffff,10679.0,37431.818181818184,263.23,0,0,0,0,1,0
89424d00b07ffff,0.0,37431.818181818184,165.19,0,0,0,0,1,0
89424d00b0bffff,0.0,37431.818181818184,72.47,0,0,0,1,0,0
89424d00b0fffff,0.0,62553.1914893617,18.65,1,0,0,2,0,0
89424d00b13ffff,0.0,37431.818181818184,126.94,0,0,0,0,1,0
89424d00b23ffff,17366.0,65505.28541226216,113.93,1,0,0,1,0,0
89424d00b27ffff,0.0,65505.28541226216,190.13,1,0,0,1,1,0
89424d00b2fffff,0.0,66345.45454545454,106.51,1,0,0,1,0,0
89424d00b33ffff,0.0,65505.28541226216,34.04,0,0,0,0,1,0
89424d00b37ffff,0.0,65505.28541226216,78.63,0,0,0,1,2,0
89424d00b3bffff,0.0,62553.1914893617,159.7,1,0,0,2,0,0
89424d00b43ffff,10442.0,48562.5,72.34,0,0,0,0,0,0
89424d00b4bffff,0.0,48562.5,196.08,0,0,0,0,0,0
89424d00b4fffff,0.0,48562.5,164.48,0,0,0,1,0,0
89424d00b57ffff,0.0,37431.818181818184,146.28,0,0,0,0,0,0
89424d00b63ffff,15729.0,62553.1914893617,316.6,1,0,0,2,0,0
89424d00b67ffff,0.0,62553.1914893617,37.76,1,0,0,2,0,0
89424d00b6bffff,0.0,62553.1914893617,105.46,1,0,0,2,0,0
89424d00b73ffff,0.0,62553.1914893617,20.34,1,0,0,2,0,0
89424d00b77ffff,0.0,62553.1914893617,164.45,1,0,0,2,0,0
89424d00b83ffff,8652.0,54935.114503816796,528.64,0,0,0,0,1,0
89424d00b9bffff,0.0,54935.114503816796,162.07,0,0,0,0,0,0
89424d00ba3ffff,10539.0,65505.28541226216,69.33,0,0,0,0,2,0
89424d00ba7ffff,0.0,65505.28541226216,133.4,0,0,0,1,2,0
89424d00bb7ffff,0.0,58136.36363636364,36.42,0,0,0,0,2,0
89424d00bbbffff,0.0,54935.114503816796,119.26,0,0,0,0,1,0
89424d00bc3ffff,9951.0,64504.854368932036,232.74,0,0,0,0,0,0
89424d00bc7ffff,0.0,37431.818181818184,37.33,0,0,0,0,0,0
89424d00bcfffff,0.0,64504.854368932036,100.51,0,0,0,0,0,0
89424d00bd3ffff,0.0,64504.854368932036,195.17,0,1,0,0,2,0
89424d00bd7ffff,0.0,64504.854368932036,132.72,0,0,0,0,0,0
89424d00c03ffff,12676.0,193750.0,76.88,0,0,1,1,5,0
89424d00c07ffff,0.0,45000.0,196.21,0,0,1,1,6,0
89424d00c0bffff,0.0,193750.0,184.78,0,0,1,0,2,0
89424d00c0fffff,0.0,45000.0,48.48,0,0,1,1,5,0
89424d00c13ffff,0.0,48933.333333333336,152.83,0,0,0,0,0,0
89424d00c1bffff,0.0,48933.333333333336,222.9,0,0,0,0,1,0
89424d00c23ffff,17778.0,32427.14285714286,227.47,0,0,1,3,6,1
89424d00c27ffff,0.0,32427.14285714286,54.71,0,0,1,3,5,0
89424d00c2bffff,0.0,32427.14285714286,189.39,0,0,1,2,6,0
89424d00c2fffff,0.0,32427.14285714286,122.32,0,0,1,4,5,0
89424d00c33ffff,0.0,45000.0,9.83,0,0,1,1,5,0
89424d00c37ffff,0.0,32427.14285714286,101.76,1,0,1,3,5,0
89424d00c43ffff,11504.0,193750.0,327.22,0,0,0,0,1,0
89424d00c4bffff,0.0,100082.19178082192,65.24,0,0,0,1,0,0
89424d00c4fffff,0.0,100082.19178082192,16.66,0,0,1,3,1,0
89424d00c63ffff,10933.0,100082.19178082192,169.42,0,0,1,0,2,0
89424d00c67ffff,0.0,35900.0,71.58,0,0,1,2,4,0
89424d00c6bffff,0.0,100082.19178082192,104.47,0,0,2,4,2,0
89424d00c73ffff,0.0,193750.0,163.7,0,0,1,1,2,0
89424d00c77ffff,0.0,45000.0,63.04,0,0,1,1,6,1
89424d00c7bffff,0.0,100082.19178082192,107.43,0,0,2,4,2,0
89424d00c83ffff,13754.0,52367.64705882353,79.82,0,0,0,0,0,0
89424d00c8bffff,0.0,52367.64705882353,27.77,0,0,0,0,0,0
89424d00c9bffff,0.0,52367.64705882353,85.13,0,0,0,0,0,0
89424d00ca3ffff,11504.0,50139.47368421053,411.26,0,0,0,2,4,0
89424d00cabffff,0.0,45000.0,140.6,0,0,1,1,4,0
89424d00cafffff,0.0,45000.0,67.32,1,0,0,2,6,0
89424d00cc3ffff,9887.0,52367.64705882353,559.87,0,0,0,0,0,0
89424d00d03ffff,11409.0,20000.0,68.17,1,0,1,2,1,0
89424d00d0fffff,0.0,20000.0,166.24,1,1,1,2,3,0
89424d00d13ffff,0.0,21260.869565217392,86.25,2,0,1,2,1,0
89424d00d17ffff,0.0,21260.869565217392,37.98,1,0,1,0,2,0
89424d00d23ffff,16288.0,45600.0,489.28,0,1,1,1,3,0
89424d00d27ffff,0.0,45600.0,361.25,0,1,0,1,5,0
89424d00d2fffff,0.0,45600.0,149.53,0,1,0,1,4,0
89424d00d33ffff,0.0,21260.869565217392,492.02,1,1,1,1,4,0
89424d00d43ffff,9951.0,32427.14285714286,615.55,0,0,0,3,1,0
89424d00d53ffff,0.0,32427.14285714286,387.93,1,0,0,3,4,0
89424d00d57ffff,0.0,32427.14285714286,660.23,1,0,0,2,1,1
89424d00d63ffff,10046.0,40000.0,62.99,0,1,0,0,0,0
89424d00d67ffff,0.0,200000.0,303.74,0,1,0,1,2,0
89424d00d6fffff,0.0,70300.0,135.32,0,1,0,0,0,0
89424d00d77ffff,0.0,20000.0,295.93,0,1,0,1,2,0
89424d00d83ffff,9539.0,50139.47368421053,99.0,2,0,1,0,1,0
89424d00d87ffff,0.0,21260.869565217392,117.87,2,0,1,0,2,0
89424d00d8fffff,0.0,21260.869565217392,48.91,2,0,1,0,2,0
89424d00da3ffff,12011.0,21260.869565217392,98.1,1,0,1,0,3,0
89424d00da7ffff,0.0,52619.04761904762,83.1,1,0,1,1,7,0
89424d00dabffff,0.0,21260.869565217392,161.22,1,0,1,1,4,0
89424d00db3ffff,0.0,21260.869565217392,116.08,1,0,1,0,2,0
89424d00db7ffff,0.0,21260.869565217392,160.0,1,0,1,0,4,0
89424d00dbbffff,0.0,21260.869565217392,217.53,1,0,1,0,2,1
89424d00dc3ffff,10806.0,32427.14285714286,327.64,1,0,0,3,4,0
89424d00dcbffff,0.0,32427.14285714286,147.67,1,0,0,3,4,1
89424d00dd3ffff,0.0,50139.47368421053,138.78,1,0,0,2,4,0
89424d00dd7ffff,0.0,50139.47368421053,248.51,2,0,0,2,1,0
89424d00ddbffff,0.0,32427.14285714286,90.15,1,0,0,4,5,0
89424d00e03ffff,12518.0,47220.0,236.75,0,0,1,4,2,0
89424d00e07ffff,0.0,100082.19178082192,359.38,0,0,2,5,2,0
89424d00e0bffff,0.0,53142.857142857145,35.17,0,0,1,1,2,0
89424d00e0fffff,0.0,53142.857142857145,383.31,0,0,1,4,2,0
89424d00e17ffff,0.0,100082.19178082192,167.77,0,0,2,5,2,0
89424d00e23ffff,8017.0,100082.19178082192,84.67,0,0,2,5,2,0
89424d00e2fffff,0.0,35900.0,58.61,0,0,2,4,2,0
89424d00e33ffff,0.0,100082.19178082192,173.61,0,0,2,5,2,0
89424d00e43ffff,4437.0,53142.857142857145,55.54,0,0,0,0,0,0
89424d00e4bffff,0.0,53142.857142857145,26.72,0,0,0,0,0,0
89424d00e4fffff,0.0,53142.857142857145,82.95,0,0,0,0,0,0
89424d00e53ffff,0.0,69400.0,184.71,0,0,0,0,0,0
89424d00e5bffff,0.0,69400.0,96.78,0,0,0,0,0,0
89424d00e63ffff,3201.0,53142.857142857145,375.31,0,0,1,1,2,0
89424d00e73ffff,0.0,53142.857142857145,186.63,0,0,1,1,2,0
89424d00e77ffff,0.0,53142.857142857145,109.37,0,0,1,1,2,0
89424d00e7bffff,0.0,53142.857142857145,148.73,0,0,1,1,2,0
89424d00e83ffff,9253.0,15000.0,150.11,0,0,0,0,0,0
89424d00e87ffff,0.0,15000.0,163.74,0,0,0,2,0,0
89424d00e9bffff,0.0,40000.0,33.51,0,0,0,0,0,0
89424d00ea3ffff,14166.0,100082.19178082192,60.07,0,0,2,5,3,0
89424d00ea7ffff,0.0,100082.19178082192,39.3,0,0,1,4,1,0
89424d00eafffff,0.0,100082.19178082192,123.84,0,0,2,5,2,1
89424d00eb3ffff,0.0,100082.19178082192,62.46,0,0,1,4,1,0
89424d00eb7ffff,0.0,100082.19178082192,311.25,0,0,2,4,1,0
89424d00ec3ffff,10490.0,47220.0,462.15,0,0,0,0,0,0
89424d00ed3ffff,0.0,47220.0,142.36,0,0,0,0,0,0
89424d00edbffff,0.0,69400.0,323.15,0,0,0,0,0,0
89424d01d83ffff,3233.0,53142.857142857145,38.84,0,0,0,0,0,0
89424d01d87ffff,0.0,53142.857142857145,109.99,0,0,0,0,0,0
89424d01d97ffff,0.0,53142.857142857145,69.95,0,0,0,0,0,0
89424d01da3ffff,4563.0,53142.857142857145,155.13,0,0,0,0,0,0
89424d01dafffff,0.0,53142.857142857145,171.1,0,0,0,0,0,0
89424d01db3ffff,0.0,53142.857142857145,99.09,0,0,0,0,0,0
89424d01db7ffff,0.0,53142.857142857145,80.89,0,0,0,0,0,0
89424d01dbbffff,0.0,53142.857142857145,145.61,0,0,0,0,0,0
89424d02003ffff,2325.0,52367.64705882353,856.87,0,0,0,0,0,0
89424d02023ffff,3696.0,52367.64705882353,819.09,0,0,0,0,0,0
89424d02043ffff,3746.0,35000.0,540.21,0,0,0,0,0,0
89424d0205bffff,0.0,35000.0,175.21,0,0,0,0,0,0
89424d02063ffff,1673.0,35000.0,1491.05,0,0,0,0,0,0
89424d02083ffff,3278.0,52367.64705882353,311.08,0,0,0,0,0,0
89424d02097ffff,0.0,52367.64705882353,86.42,0,0,0,0,0,0
89424d020a3ffff,1238.0,52367.64705882353,200.39,0,0,0,0,0,0
89424d020c3ffff,953.0,35000.0,201.79,0,0,0,0,0,0
89424d02103ffff,1187.0,52367.64705882353,1769.06,0,0,0,0,0,0
89424d02123ffff,636.0,52367.64705882353,2296.58,0,0,0,0,0,0
89424d02143ffff,100.0,52367.64705882353,1487.88,0,0,0,0,0,0
89424d02163ffff,1840.0,52367.64705882353,2382.66,0,0,0,0,0,0
89424d02183ffff,2509.0,52367.64705882353,1243.81,0,0,0,0,0,0
89424d021a3ffff,618.0,52367.64705882353,1650.55,0,0,0,0,0,0
89424d021c3ffff,402.0,52367.64705882353,790.28,0,0,0,0,0,0
89424d02203ffff,1154.0,35000.0,512.99,0,0,0,0,0,0
89424d0221bffff,0.0,35000.0,148.44,0,0,0,0,0,0
89424d02223ffff,83.0,35000.0,1482.82,0,0,0,0,0,0
89424d02243ffff,1276.0,35000.0,699.24,0,0,0,0,0,0
89424d02263ffff,2098.0,35000.0,1209.7,0,0,0,0,0,0
89424d02283ffff,5737.0,35000.0,549.63,0,0,0,0,0,0
89424d02293ffff,0.0,35000.0,188.94,0,0,0,0,0,0
89424d022a3ffff,301.0,35000.0,1156.72,0,0,0,0,0,0
89424d022c3ffff,3278.0,35000.0,496.37,0,0,0,0,0,0
89424d02303ffff,117.0,40000.0,2722.74,0,0,0,0,0,0
89424d02343ffff,101.0,35000.0,2460.33,0,0,0,0,0,0
89424d02363ffff,535.0,40000.0,3438.99,0,0,0,0,0,0
89424d02383ffff,351.0,52367.64705882353,1768.84,0,0,0,0,0,0
89424d023a3ffff,84.0,52367.64705882353,2372.74,0,0,0,0,0,0
89424d023c3ffff,33.0,35000.0,2056.04,0,0,0,0,0,0
89424d02403ffff,67.0,35000.0,969.29,0,0,0,0,0,0
89424d02423ffff,351.0,52367.64705882353,379.6,0,0,0,0,0,0
89424d02437ffff,0.0,52367.64705882353,137.72,0,0,0,0,0,0
89424d02443ffff,468.0,35000.0,71.81,0,0,0,0,0,0
89424d02463ffff,653.0,35000.0,372.82,0,0,0,0,0,0
89424d0246fffff,0.0,35000.0,102.81,0,0,0,0,0,0
89424d02483ffff,1605.0,9500.0,1242.8,0,0,0,0,0,0
89424d024a3ffff,435.0,9500.0,263.44,0,0,0,0,0,0
89424d024a7ffff,0.0,9500.0,165.29,0,0,0,0,0,0
89424d024c3ffff,937.0,35000.0,899.16,0,0,0,0,0,0
89424d02503ffff,585.0,9500.0,1362.29,0,0,0,0,0,0
89424d02523ffff,1388.0,9500.0,563.74,0,0,0,0,0,0
89424d02543ffff,820.0,52367.64705882353,649.31,0,0,0,0,0,0
89424d02563ffff,635.0,52367.64705882353,928.8,0,0,0,0,0,0
89424d02583ffff,853.0,9500.0,1291.56,0,0,0,0,0,0
89424d025a3ffff,218.0,9500.0,957.49,0,0,0,0,0,0
89424d025c3ffff,1990.0,9500.0,577.51,0,0,0,0,0,0
89424d02603ffff,736.0,35000.0,659.96,0,0,0,0,0,0
89424d02623ffff,6439.0,35000.0,107.06,0,0,0,0,0,0
89424d0262bffff,0.0,35000.0,85.92,0,0,0,0,0,0
89424d0262fffff,0.0,35000.0,99.91,0,0,0,0,0,0
89424d02643ffff,1605.0,35000.0,509.34,0,0,0,0,0,0
89424d0265bffff,0.0,35000.0,149.97,0,0,0,0,0,0
89424d02663ffff,7593.0,35000.0,114.04,0,0,0,0,0,0
89424d0266bffff,0.0,35000.0,117.55,0,0,0,0,0,0
89424d0266fffff,0.0,35000.0,57.85,0,0,0,0,0,0
89424d02673ffff,0.0,35000.0,135.34,0,0,0,0,0,0
89424d02683ffff,184.0,35000.0,447.85,0,0,0,0,0,0
89424d026a3ffff,402.0,35000.0,866.92,0,0,0,0,0,0
89424d026c3ffff,182.0,35000.0,878.96,0,0,0,0,0,0
89424d02843ffff,238.0,52367.64705882353,1481.26,0,0,0,0,0,0
89424d02923ffff,1141.0,28900.0,1555.85,0,0,0,0,0,0
89424d02943ffff,64.0,50139.47368421053,1740.78,0,0,0,0,0,0
89424d02963ffff,31.0,28900.0,1704.12,0,0,0,0,0,0
89424d02983ffff,381.0,28900.0,3226.54,0,0,0,0,0,0
89424d029c3ffff,95.0,28900.0,2619.83,0,0,0,0,0,0
89424d02a03ffff,56.0,52367.64705882353,348.31,0,0,0,0,0,0
89424d02a07ffff,0.0,52367.64705882353,78.16,0,0,0,0,0,0
89424d02a0fffff,0.0,52367.64705882353,30.07,0,0,0,0,0,0
89424d02a23ffff,4912.0,52367.64705882353,674.59,0,0,0,0,0,0
89424d02a43ffff,42.0,52367.64705882353,712.53,0,0,0,0,0,0
89424d02a63ffff,4690.0,52367.64705882353,72.69,0,0,0,0,0,0
89424d02a67ffff,0.0,52367.64705882353,133.64,0,0,0,0,0,0
89424d02a73ffff,0.0,52367.64705882353,112.91,0,0,0,0,0,0
89424d02a83ffff,222.0,52367.64705882353,1021.4,0,0,0,0,0,0
89424d02aa3ffff,158.0,52367.64705882353,646.87,0,0,0,0,0,0
89424d02ac3ffff,634.0,52367.64705882353,1277.92,0,0,0,0,0,0
89424d02b03ffff,64.0,50139.47368421053,112.58,0,0,0,1,1,0
89424d02b0fffff,0.0,50139.47368421053,94.34,0,0,0,1,1,0
89424d02b23ffff,9982.0,50139.47368421053,480.27,0,0,0,0,0,0
89424d02b2bffff,0.0,50139.47368421053,132.47,1,0,0,1,1,0
89424d02b43ffff,7130.0,50139.47368421053,492.7,0,0,0,1,1,0
89424d02b63ffff,7099.0,50139.47368421053,213.4,1,0,0,1,1,0
89424d02b67ffff,0.0,50139.47368421053,72.36,1,0,0,1,1,0
89424d02b6bffff,0.0,50139.47368421053,89.73,1,0,0,1,3,0
89424d02b6fffff,0.0,50139.47368421053,138.6,1,0,0,1,1,0
89424d02b77ffff,0.0,50139.47368421053,137.27,1,0,0,1,1,0
89424d02b7bffff,0.0,50139.47368421053,125.03,1,0,0,1,1,0
89424d02ba3ffff,1426.0,50139.47368421053,979.84,0,0,0,0,0,0
89424d02bc3ffff,856.0,50139.47368421053,1035.26,0,0,0,0,0,0
89424d02c03ffff,368.0,52367.64705882353,1793.54,0,0,0,0,0,0
89424d02c23ffff,200.0,50139.47368421053,2504.77,0,0,0,0,0,0
89424d02c63ffff,101.0,52367.64705882353,2746.22,0,0,0,0,0,0
89424d02c83ffff,1990.0,9500.0,848.06,0,0,0,0,0,0
89424d02ca3ffff,301.0,9500.0,1678.56,0,0,0,0,0,0
89424d02cc3ffff,569.0,52367.64705882353,1442.63,0,0,0,0,0,0
89424d02d03ffff,830.0,28900.0,3488.9,0,0,0,0,0,0
89424d02dc3ffff,578.0,9500.0,2614.9,0,0,0,0,0,0
89424d02e03ffff,50.0,52367.64705882353,2696.83,0,0,0,0,0,0
89424d02e23ffff,32.0,52367.64705882353,1942.6,0,0,0,0,0,0
89424d02e43ffff,217.0,52367.64705882353,2836.31,0,0,0,0,0,0
89424d02ea3ffff,84.0,52367.64705882353,2886.39,0,0,0,0,0,0
89424d02ec3ffff,84.0,52367.64705882353,3170.35,0,0,0,0,0,0
89424d03003ffff,1109.0,35000.0,3610.01,0,0,0,0,0,0
89424d03023ffff,697.0,35000.0,3484.26,0,0,0,0,0,0
89424d03063ffff,158.0,35000.0,4436.23,0,0,0,0,0,0
89424d03083ffff,285.0,35000.0,2673.1,0,0,0,0,0,0
89424d030a3ffff,1201.0,35000.0,2986.47,0,0,0,0,0,0
89424d030c3ffff,1338.0,35000.0,3209.78,0,0,0,0,0,0
89424d03103ffff,571.0,35000.0,2341.1,0,0,0,0,0,0
89424d03123ffff,160.0,35000.0,2540.01,0,0,0,0,0,0
89424d03143ffff,729.0,35000.0,3198.84,0,0,0,0,0,0
89424d03163ffff,127.0,35000.0,3200.44,0,0,0,0,0,0
89424d03183ffff,348.0,35000.0,1594.98,0,0,0,0,0,0
89424d031a3ffff,381.0,35000.0,1599.23,0,0,0,0,0,0
89424d031c3ffff,126.0,35000.0,2535.32,0,0,0,0,0,0
89424d03383ffff,856.0,35000.0,4100.32,0,0,0,0,0,0
89424d03403ffff,1354.0,35000.0,1417.9,0,0,0,0,0,0
89424d03423ffff,1740.0,35000.0,1718.89,0,0,0,0,0,0
89424d03443ffff,1053.0,35000.0,2293.5,0,0,0,0,0,0
89424d03463ffff,134.0,35000.0,2289.95,0,0,0,0,0,0
89424d03483ffff,870.0,35000.0,776.46,0,0,0,0,0,0
89424d034a3ffff,1087.0,35000.0,767.7,0,0,0,0,0,0
89424d034c3ffff,585.0,35000.0,1727.52,0,0,0,0,0,0
89424d03503ffff,117.0,35000.0,1487.49,0,0,0,0,0,0
89424d03523ffff,1162.0,35000.0,1197.09,0,0,0,0,0,0
89424d03543ffff,820.0,35000.0,2037.93,0,0,0,0,0,0
89424d03563ffff,432.0,35000.0,2109.18,0,0,0,0,0,0
89424d03583ffff,368.0,35000.0,593.89,0,0,0,0,0,0
89424d035a3ffff,1907.0,35000.0,637.19,0,0,0,0,0,0
89424d035c3ffff,552.0,35000.0,1101.34,0,0,0,0,0,0
89424d03603ffff,16.0,35000.0,2537.19,0,0,0,0,0,0
89424d03683ffff,1071.0,35000.0,1878.27,0,0,0,0,0,0
89424d036a3ffff,267.0,35000.0,2856.38,0,0,0,0,0,0
89424d036c3ffff,335.0,35000.0,1663.31,0,0,0,0,0,0
89424d04003ffff,10014.0,30000.0,150.44,0,10,1,4,23,0
89424d04007ffff,0.0,236000.0,152.94,0,10,1,4,24,0
89424d0400bffff,0.0,17055.555555555555,66.93,0,10,1,4,33,0
89424d0400fffff,0.0,17055.555555555555,68.46,0,7,1,1,20,1
89424d04017ffff,0.0,30000.0,61.36,0,11,1,13,25,0
89424d04023ffff,10722.0,17055.555555555555,165.38,1,4,0,7,18,0
89424d04027ffff,0.0,17055.555555555555,213.14,3,1,2,10,26,0
89424d04043ffff,10893.0,123111.21495327103,253.07,1,2,1,8,34,0
89424d04047ffff,0.0,123111.21495327103,123.54,1,4,1,9,34,0
89424d0404bffff,0.0,123111.21495327103,96.81,1,2,1,12,36,1
89424d04053ffff,0.0,123111.21495327103,231.09,1,4,2,8,39,0
89424d0405bffff,0.0,123111.21495327103,133.3,1,2,1,13,27,1
89424d04063ffff,10039.0,17055.555555555555,237.73,0,3,0,1,10,1
89424d0406bffff,0.0,17055.555555555555,45.22,0,1,1,3,17,1
89424d04073ffff,0.0,17055.555555555555,92.63,0,5,1,2,19,0
89424d04083ffff,11504.0,30000.0,56.78,0,8,2,19,36,0
89424d04087ffff,0.0,30000.0,69.32,0,8,1,22,26,0
89424d0408bffff,0.0,30000.0,70.14,0,12,2,11,31,0
89424d0408fffff,0.0,30000.0,110.65,0,11,2,18,26,0
89424d04093ffff,0.0,30000.0,201.55,0,7,2,17,30,0
89424d04097ffff,0.0,30000.0,147.97,0,8,1,19,25,0
89424d0409bffff,0.0,30000.0,186.1,0,11,2,12,33,0
89424d040a3ffff,7669.0,236000.0,63.1,2,6,3,25,33,0
89424d040a7ffff,0.0,236000.0,27.56,2,1,3,34,44,1
89424d040abffff,0.0,236000.0,18.23,0,10,2,16,27,0
89424d040afffff,0.0,236000.0,72.61,3,6,3,16,33,0
89424d040b3ffff,0.0,30000.0,300.43,0,7,2,25,27,0
89424d040b7ffff,0.0,236000.0,160.44,2,1,3,35,45,0
89424d040bbffff,0.0,30000.0,135.64,0,11,2,23,27,0
89424d040c3ffff,12627.0,30000.0,27.19,0,8,1,12,24,1
89424d040c7ffff,0.0,30000.0,231.45,0,13,2,8,29,0
89424d040cbffff,0.0,123111.21495327103,179.07,1,5,1,16,43,0
89424d040d3ffff,0.0,95454.54545454546,115.82,0,8,2,13,22,1
89424d040d7ffff,0.0,30000.0,35.65,0,10,2,9,30,1
89424d040dbffff,0.0,95454.54545454546,16.48,0,5,2,15,21,0
89424d04103ffff,13385.0,11000.0,201.47,4,2,0,17,51,0
89424d04107ffff,0.0,37186.4406779661,232.88,4,2,0,13,30,0
89424d0410bffff,0.0,11000.0,110.79,5,2,0,13,48,1
89424d0410fffff,0.0,11000.0,58.35,4,2,0,11,50,0
89424d04113ffff,0.0,301219.0542420028,177.23,6,2,2,22,70,0
89424d04117ffff,0.0,37186.4406779661,134.49,4,2,1,19,54,0
89424d0411bffff,0.0,301219.0542420028,98.74,7,2,1,19,54,1
89424d04123ffff,11968.0,18000.0,375.86,3,1,0,2,11,0
89424d0412bffff,0.0,18000.0,119.9,3,1,0,4,27,0
89424d04143ffff,14728.0,17055.555555555555,97.33,1,2,0,5,31,0
89424d04147ffff,0.0,11000.0,127.39,3,2,0,8,41,0
89424d0414fffff,0.0,17000.0,122.99,1,2,0,7,35,0
89424d04153ffff,0.0,17055.555555555555,34.77,4,2,1,12,37,1
89424d04157ffff,0.0,17055.555555555555,257.11,7,2,1,12,40,0
89424d0415bffff,0.0,17055.555555555555,301.84,1,1,0,4,20,0
89424d04163ffff,14532.0,77782.35294117648,136.1,2,2,0,3,32,0
89424d04167ffff,0.0,77782.35294117648,147.89,2,1,0,3,29,0
89424d0416bffff,0.0,54136.36363636364,301.66,1,0,0,3,29,0
89424d0416fffff,0.0,77782.35294117648,107.94,1,0,0,3,28,1
89424d04173ffff,0.0,11000.0,80.21,3,2,0,8,45,0
89424d0417bffff,0.0,11000.0,108.16,2,2,0,5,40,0
89424d04183ffff,17024.0,301219.0542420028,114.11,6,0,2,43,101,1
89424d04187ffff,0.0,301219.0542420028,101.21,4,1,2,29,77,0
89424d0418bffff,0.0,301219.0542420028,48.4,6,2,3,40,93,1
89424d0418fffff,0.0,301219.0542420028,233.38,6,1,2,29,86,0
89424d04193ffff,0.0,301219.0542420028,212.1,5,1,3,44,100,1
89424d04197ffff,0.0,301219.0542420028,72.97,4,1,3,38,87,1
89424d0419bffff,0.0,301219.0542420028,64.76,4,0,3,41,106,0
89424d041a3ffff,11382.0,37186.4406779661,75.29,3,0,1,12,27,0
89424d041b3ffff,0.0,37186.4406779661,101.59,2,1,1,16,46,0
89424d041c3ffff,12212.0,236000.0,127.24,5,1,2,33,74,1
89424d041c7ffff,0.0,236000.0,83.58,7,2,2,29,79,1
89424d041cbffff,0.0,17055.555555555555,150.59,4,1,2,19,49,0
89424d041cfffff,0.0,17055.555555555555,102.22,7,2,2,19,54,1
89424d041d3ffff,0.0,236000.0,228.55,4,1,2,35,69,0
89424d041d7ffff,0.0,236000.0,241.45,5,1,2,40,90,1
89424d04203ffff,12359.0,16000.0,330.4,0,1,2,6,9,0
89424d0420fffff,0.0,25000.0,53.45,0,2,2,0,10,0
89424d04213ffff,0.0,123111.21495327103,326.92,0,2,0,8,9,0
89424d04217ffff,0.0,123111.21495327103,326.06,1,2,2,7,18,0
89424d0421bffff,0.0,16000.0,143.3,0,1,1,5,7,0
89424d04223ffff,9990.0,15000.0,195.03,0,1,2,0,5,0
89424d04227ffff,0.0,15000.0,113.04,0,1,2,0,6,0
89424d0422bffff,0.0,10000.0,110.82,0,1,2,0,6,0
89424d0422fffff,0.0,15000.0,45.44,0,1,2,0,6,0
89424d04233ffff,0.0,25000.0,150.63,0,2,2,3,14,0
89424d04237ffff,0.0,15000.0,110.22,0,1,2,2,9,0
89424d0423bffff,0.0,25000.0,33.91,0,2,2,0,12,0
89424d04243ffff,11968.0,57500.0,432.82,1,1,1,6,7,0
89424d04247ffff,0.0,16000.0,414.83,0,0,2,1,1,0
89424d04253ffff,0.0,57500.0,144.44,1,0,1,2,7,0
89424d04257ffff,0.0,16000.0,74.72,1,1,1,1,8,0
89424d04263ffff,13457.0,25000.0,636.74,0,1,2,0,3,0
89424d0427bffff,0.0,35000.0,703.19,0,0,1,0,1,0
89424d04283ffff,6424.0,123111.21495327103,255.8,1,2,1,13,32,0
89424d04287ffff,0.0,123111.21495327103,118.93,1,2,1,13,32,0
89424d0428bffff,0.0,123111.21495327103,282.76,1,2,1,11,30,0
89424d0428fffff,0.0,123111.21495327103,86.53,1,2,1,11,32,1
89424d04293ffff,0.0,123111.21495327103,194.66,1,3,2,13,33,0
89424d04297ffff,0.0,123111.21495327103,92.44,1,2,1,13,32,0
89424d0429bffff,0.0,123111.21495327103,145.84,1,3,3,10,30,0
89424d042a3ffff,10161.0,123111.21495327103,213.88,1,1,2,5,39,0
89424d042a7ffff,0.0,123111.21495327103,164.52,0,0,1,3,20,1
89424d042abffff,0.0,123111.21495327103,72.98,0,1,3,6,21,0
89424d042b3ffff,0.0,123111.21495327103,80.38,1,2,1,11,38,0
89424d042bbffff,0.0,123111.21495327103,122.07,1,2,1,10,34,1
89424d042c3ffff,13799.0,57500.0,55.51,1,3,3,9,8,0
89424d042c7ffff,0.0,123111.21495327103,104.22,0,2,1,7,7,0
89424d042cbffff,0.0,57500.0,113.99,1,0,1,6,7,1
89424d042cfffff,0.0,57500.0,143.75,1,1,1,6,8,0
89424d042d3ffff,0.0,123111.21495327103,118.83,1,4,3,10,5,0
89424d042dbffff,0.0,57500.0,82.26,1,2,4,9,10,0
89424d04303ffff,7425.0,70000.0,172.67,0,1,0,1,6,0
89424d04307ffff,0.0,70000.0,65.89,0,1,0,1,3,0
89424d04313ffff,0.0,17000.0,197.72,0,1,0,0,5,0
89424d04317ffff,0.0,17000.0,191.17,0,1,0,1,5,0
89424d04323ffff,11675.0,26858.695652173912,187.19,0,1,0,1,3,0
89424d04327ffff,0.0,33000.0,189.71,0,1,0,3,7,0
89424d0432bffff,0.0,26858.695652173912,13.08,0,1,0,1,4,0
89424d0432fffff,0.0,33000.0,189.31,0,1,0,3,6,0
89424d0433bffff,0.0,26858.695652173912,208.96,0,1,0,1,4,0
89424d04343ffff,4397.0,15000.0,305.74,1,2,0,1,8,0
89424d04347ffff,0.0,40000.0,167.2,1,1,0,1,9,0
89424d04363ffff,8109.0,32571.428571428572,75.01,1,1,0,2,6,0
89424d0436fffff,0.0,32571.428571428572,198.19,1,1,0,2,7,0
89424d04377ffff,0.0,26858.695652173912,189.68,1,1,0,1,4,0
89424d0437bffff,0.0,40000.0,42.5,1,1,0,3,7,0
89424d04383ffff,9501.0,17055.555555555555,57.33,0,0,0,0,3,1
89424d04387ffff,0.0,17000.0,409.45,1,1,0,1,7,1
89424d0439bffff,0.0,17055.555555555555,138.32,0,0,0,0,10,0
89424d043a3ffff,11699.0,70000.0,154.43,0,1,0,3,20,0
89424d043a7ffff,0.0,54136.36363636364,301.29,1,1,0,3,29,0
89424d043afffff,0.0,70000.0,469.52,0,1,0,1,11,0
89424d043b3ffff,0.0,17000.0,181.34,0,2,0,4,23,0
89424d043b7ffff,0.0,11000.0,92.47,1,2,0,3,31,0
89424d043c3ffff,9428.0,15000.0,450.2,0,0,0,0,7,0
89424d043cbffff,0.0,15000.0,264.0,0,1,2,0,7,0
89424d043dbffff,0.0,15000.0,130.16,0,1,1,3,11,0
89424d04403ffff,13042.0,25000.0,274.21,0,2,1,3,8,0
89424d04407ffff,0.0,95454.54545454546,170.71,0,2,0,4,12,0
89424d0440bffff,0.0,25000.0,213.36,0,2,2,4,11,0
89424d0440fffff,0.0,95454.54545454546,164.28,0,2,2,2,8,0
89424d04413ffff,0.0,25000.0,326.2,0,1,0,2,7,0
89424d04417ffff,0.0,25000.0,272.6,0,2,0,4,9,0
89424d0441bffff,0.0,25000.0,165.29,0,1,1,2,10,0
89424d04423ffff,9599.0,238091.7372881356,63.89,0,2,0,13,19,0
89424d04427ffff,0.0,30000.0,167.03,0,3,0,18,20,0
89424d0442fffff,0.0,30000.0,207.8,0,5,1,17,21,0
89424d04433ffff,0.0,95454.54545454546,20.77,0,2,0,8,19,0
89424d04437ffff,0.0,238091.7372881356,123.78,0,3,0,12,24,0
89424d0443bffff,0.0,95454.54545454546,208.98,0,2,0,5,13,0
89424d04443ffff,5105.0,41163.63636363636,180.03,0,2,2,5,12,0
89424d04447ffff,0.0,25000.0,173.68,0,3,2,7,9,0
89424d0444bffff,0.0,41163.63636363636,410.79,0,2,2,8,9,0
89424d0444fffff,0.0,95454.54545454546,129.93,0,4,2,10,13,1
89424d04453ffff,0.0,41163.63636363636,199.18,0,2,2,1,12,1
89424d04457ffff,0.0,25000.0,107.85,0,2,2,2,11,0
89424d0445bffff,0.0,41163.63636363636,153.51,0,2,2,2,11,0
89424d04463ffff,10429.0,95454.54545454546,179.31,0,8,3,10,21,0
89424d04467ffff,0.0,95454.54545454546,126.23,0,8,1,10,26,0
89424d0446bffff,0.0,95454.54545454546,62.71,0,6,3,13,24,0
89424d0446fffff,0.0,95454.54545454546,129.59,0,9,3,10,22,0
89424d04473ffff,0.0,95454.54545454546,168.75,0,4,2,7,14,0
89424d04477ffff,0.0,95454.54545454546,37.31,0,2,2,8,20,0
89424d0447bffff,0.0,95454.54545454546,24.16,0,3,3,12,19,0
89424d04483ffff,18001.0,34333.333333333336,368.37,0,0,0,2,8,0
89424d04487ffff,0.0,15555.555555555555,121.68,0,0,0,1,3,0
89424d04493ffff,0.0,34333.333333333336,66.02,0,0,1,4,9,0
89424d04497ffff,0.0,34333.333333333336,108.37,0,0,0,1,3,0
89424d0449bffff,0.0,34333.333333333336,113.92,0,0,1,5,11,0
89424d044a3ffff,13336.0,15555.555555555555,41.4,0,3,0,10,15,0
89424d044a7ffff,0.0,20000.0,29.86,0,5,0,10,22,0
89424d044abffff,0.0,95454.54545454546,167.7,0,2,0,9,16,0
89424d044afffff,0.0,20000.0,64.39,0,3,0,11,22,1
89424d044b3ffff,0.0,15555.555555555555,84.0,0,1,0,6,11,0
89424d044b7ffff,0.0,20000.0,61.37,0,1,0,9,18,0
89424d044bbffff,0.0,15555.555555555555,87.85,0,1,0,5,12,0
89424d044c3ffff,13018.0,41163.63636363636,104.63,0,0,0,3,14,1
89424d044c7ffff,0.0,25000.0,192.16,0,0,0,3,11,0
89424d044cbffff,0.0,41163.63636363636,77.81,0,1,0,2,11,0
89424d044cfffff,0.0,25000.0,101.01,0,0,1,2,11,0
89424d044d3ffff,0.0,41163.63636363636,130.68,0,0,1,5,15,0
89424d044dbffff,0.0,41163.63636363636,335.44,0,0,0,4,12,0
89424d04503ffff,7449.0,165189.1891891892,325.22,1,3,1,9,12,0
89424d04507ffff,0.0,165189.1891891892,149.56,2,2,1,20,26,0
89424d0450bffff,0.0,144812.5,289.63,0,3,1,25,20,1
89424d04513ffff,0.0,68750.0,92.5,1,4,1,3,11,0
89424d04517ffff,0.0,165189.1891891892,165.42,1,3,1,3,4,0
89424d0451bffff,0.0,68750.0,228.65,0,3,1,10,14,0
89424d04523ffff,12213.0,301219.0542420028,95.03,3,1,3,29,66,0
89424d04527ffff,0.0,301219.0542420028,42.17,3,1,3,24,55,1
89424d0452bffff,0.0,301219.0542420028,133.92,1,1,3,38,83,1
89424d0452fffff,0.0,301219.0542420028,113.0,2,1,3,37,83,1
89424d04533ffff,0.0,165189.1891891892,98.1,3,2,2,22,38,0
89424d04537ffff,0.0,301219.0542420028,247.71,5,1,3,19,44,0
89424d0453bffff,0.0,301219.0542420028,137.42,2,2,1,30,57,0
89424d04543ffff,9989.0,144812.5,54.73,0,4,2,21,18,1
89424d04547ffff,0.0,144812.5,195.72,0,3,2,31,26,0
89424d0454bffff,0.0,30000.0,81.38,0,6,1,20,23,0
89424d0454fffff,0.0,236000.0,71.98,0,2,2,33,36,1
89424d04557ffff,0.0,144812.5,108.89,0,3,1,21,17,0
89424d0455bffff,0.0,30000.0,233.46,0,2,1,22,23,0
89424d04563ffff,11699.0,236000.0,287.5,2,2,2,33,54,0
89424d04567ffff,0.0,301219.0542420028,201.53,4,0,3,48,101,1
89424d0456bffff,0.0,236000.0,100.75,3,1,2,36,51,0
89424d0456fffff,0.0,236000.0,152.0,3,0,2,41,82,0
89424d04573ffff,0.0,236000.0,55.43,0,2,2,34,40,0
89424d04577ffff,0.0,236000.0,98.54,3,2,2,35,58,0
89424d0457bffff,0.0,236000.0,40.14,2,2,2,34,41,0
89424d04583ffff,13190.0,165189.1891891892,66.31,1,5,1,6,12,0
89424d04587ffff,0.0,165189.1891891892,311.29,2,3,2,4,15,0
89424d0458fffff,0.0,165189.1891891892,110.29,1,4,1,4,13,0
89424d04593ffff,0.0,165189.1891891892,130.43,0,4,0,7,12,0
89424d04597ffff,0.0,165189.1891891892,67.25,2,2,1,5,10,0
89424d045a3ffff,10136.0,165189.1891891892,162.31,3,1,0,7,18,0
89424d045a7ffff,0.0,91111.11111111111,160.64,5,1,1,9,22,0
89424d045afffff,0.0,165189.1891891892,157.22,5,1,2,13,26,0
89424d045b3ffff,0.0,165189.1891891892,171.07,2,2,3,3,17,0
89424d045b7ffff,0.0,91111.11111111111,48.11,2,1,4,1,14,0
89424d045bbffff,0.0,165189.1891891892,151.86,1,2,1,4,13,0
89424d045c3ffff,10966.0,144812.5,53.74,0,6,1,11,24,1
89424d045c7ffff,0.0,68750.0,61.56,0,4,1,10,21,0
89424d045cbffff,0.0,144812.5,58.77,0,4,1,21,27,1
89424d045cfffff,0.0,144812.5,30.15,0,3,1,19,21,1
89424d045d3ffff,0.0,20000.0,50.15,0,3,1,9,21,0
89424d045d7ffff,0.0,68750.0,75.89,0,5,1,12,20,1
89424d045dbffff,0.0,238091.7372881356,83.81,0,4,1,10,23,0
89424d04603ffff,6326.0,91950.0,176.2,0,5,0,11,15,1
89424d04607ffff,0.0,82150.86206896552,19.18,0,3,0,9,13,0
89424d0460bffff,0.0,82150.86206896552,133.96,1,7,4,8,23,1
89424d0460fffff,0.0,82150.86206896552,304.23,1,5,2,9,15,0
89424d04617ffff,0.0,91950.0,160.04,0,3,0,8,14,0
89424d0461bffff,0.0,91950.0,187.32,1,6,3,7,22,0
89424d04623ffff,15461.0,123111.21495327103,296.71,1,4,0,11,28,1
89424d04627ffff,0.0,123111.21495327103,50.43,1,4,2,9,36,0
89424d0462fffff,0.0,123111.21495327103,215.22,1,2,1,10,25,1
89424d04633ffff,0.0,123111.21495327103,134.42,0,3,0,14,14,0
89424d0463bffff,0.0,123111.21495327103,106.85,0,4,2,13,15,0
89424d04643ffff,13775.0,82150.86206896552,96.81,1,8,5,10,26,1
89424d04647ffff,0.0,82150.86206896552,58.96,1,7,5,11,25,1
89424d0464bffff,0.0,82150.86206896552,227.02,1,7,6,10,32,0
89424d0464fffff,0.0,82150.86206896552,163.73,1,7,5,10,30,1
89424d04653ffff,0.0,91950.0,312.33,1,6,5,10,21,0
89424d04657ffff,0.0,91950.0,194.22,1,7,5,10,25,1
89424d0465bffff,0.0,32400.0,52.81,1,7,3,10,28,1
89424d04663ffff,12188.0,82150.86206896552,157.17,1,6,2,11,11,0
89424d0466bffff,0.0,82150.86206896552,247.89,1,6,2,10,8,1
89424d0466fffff,0.0,123111.21495327103,107.93,0,4,2,9,4,0
89424d04673ffff,0.0,82150.86206896552,232.63,1,6,2,7,13,0
89424d0467bffff,0.0,82150.86206896552,207.8,1,5,2,8,18,0
89424d04683ffff,3444.0,41163.63636363636,203.1,0,4,0,3,5,0
89424d04687ffff,0.0,41163.63636363636,391.5,0,2,2,9,9,0
89424d0468fffff,0.0,41163.63636363636,173.33,0,3,1,7,12,0
89424d04693ffff,0.0,41163.63636363636,124.65,0,3,0,2,4,0
89424d04697ffff,0.0,41163.63636363636,248.78,0,2,2,3,7,0
89424d0469bffff,0.0,41163.63636363636,72.97,0,4,0,2,2,0
89424d046a3ffff,4958.0,95454.54545454546,446.0,0,5,3,12,20,0
89424d046a7ffff,0.0,95454.54545454546,93.11,0,5,3,14,24,1
89424d046abffff,0.0,123111.21495327103,294.02,0,4,1,10,13,0
89424d046afffff,0.0,95454.54545454546,185.2,0,4,2,14,18,0
89424d046b7ffff,0.0,95454.54545454546,200.33,0,5,3,12,21,0
89424d046bbffff,0.0,41163.63636363636,505.18,0,4,2,8,12,1
89424d046c3ffff,8768.0,91950.0,277.96,0,5,5,6,17,0
89424d046c7ffff,0.0,91950.0,186.92,0,5,5,6,17,0
89424d046cbffff,0.0,91950.0,171.17,1,4,5,8,19,0
89424d046cfffff,0.0,91950.0,264.59,1,5,5,8,17,1
89424d046dbffff,0.0,91950.0,62.21,0,4,5,5,11,0
89424d04803ffff,1124.0,35500.0,998.74,0,0,0,0,1,0
89424d0480fffff,0.0,104648.14814814815,640.46,0,0,0,0,2,0
89424d04823ffff,2540.0,104648.14814814815,817.13,1,0,2,2,1,0
89424d04843ffff,6863.0,35500.0,166.49,1,0,0,2,7,0
89424d0484bffff,0.0,35500.0,164.93,1,0,0,2,6,0
89424d0484fffff,0.0,33307.692307692305,312.96,2,0,0,2,7,0
89424d04853ffff,0.0,35500.0,308.26,1,0,0,3,5,0
89424d0485bffff,0.0,35500.0,161.87,1,0,0,4,7,0
89424d04863ffff,15827.0,104648.14814814815,183.82,4,0,1,7,11,0
89424d04877ffff,0.0,104648.14814814815,298.81,2,0,1,2,2,1
89424d0487bffff,0.0,33307.692307692305,552.89,1,0,0,1,3,1
89424d04883ffff,5374.0,79471.81628392484,1223.94,0,0,0,1,1,0
89424d048a3ffff,2515.0,47500.0,981.48,0,0,3,0,0,0
89424d048c3ffff,8305.0,35500.0,533.55,0,0,0,1,3,0
89424d04903ffff,10087.0,91891.30434782608,409.37,0,0,0,3,0,0
89424d04913ffff,0.0,91891.30434782608,136.57,0,0,0,2,0,0
89424d0491bffff,0.0,91891.30434782608,153.63,0,0,0,2,0,0
89424d04923ffff,13385.0,91891.30434782608,187.65,0,0,0,3,1,0
89424d04927ffff,0.0,66951.04895104896,236.25,0,0,0,2,2,0
89424d0492bffff,0.0,91891.30434782608,135.82,0,0,0,3,2,0
89424d0492fffff,0.0,91891.30434782608,19.44,0,0,0,2,2,0
89424d04933ffff,0.0,91891.30434782608,25.53,0,0,0,4,1,0
89424d04937ffff,0.0,91891.30434782608,143.53,0,0,0,2,3,0
89424d0493bffff,0.0,91891.30434782608,138.43,0,0,0,3,1,0
89424d04943ffff,1734.0,72857.14285714286,252.65,2,0,1,2,0,0
89424d04947ffff,0.0,72857.14285714286,141.66,1,0,0,2,0,0
89424d0494bffff,0.0,72857.14285714286,28.62,3,0,1,5,6,1
89424d04957ffff,0.0,91891.30434782608,25.46,0,0,0,2,0,0
89424d04963ffff,13433.0,91891.30434782608,176.82,0,0,0,2,1,0
89424d04967ffff,0.0,91891.30434782608,54.81,0,0,0,1,1,0
89424d04973ffff,0.0,91891.30434782608,17.58,0,0,0,2,0,0
89424d04977ffff,0.0,91891.30434782608,29.58,0,0,0,2,1,0
89424d04983ffff,4079.0,91891.30434782608,191.09,1,0,1,6,1,0
89424d04987ffff,0.0,91891.30434782608,229.93,0,0,0,4,1,0
89424d0498fffff,0.0,91891.30434782608,117.78,0,0,0,4,1,1
89424d04993ffff,0.0,91891.30434782608,56.2,2,0,2,6,1,0
89424d04997ffff,0.0,91891.30434782608,66.66,2,0,0,6,1,0
89424d0499bffff,0.0,91891.30434782608,99.17,2,0,3,6,1,0
89424d049a3ffff,13287.0,91891.30434782608,210.83,0,0,0,4,1,0
89424d049a7ffff,0.0,91891.30434782608,137.29,0,0,0,3,4,0
89424d049abffff,0.0,91891.30434782608,142.03,0,0,0,4,1,0
89424d049afffff,0.0,91891.30434782608,71.25,0,0,0,3,1,0
89424d049b7ffff,0.0,91891.30434782608,148.0,0,0,0,3,2,0
89424d049c3ffff,415.0,91891.30434782608,191.59,0,0,3,0,0,0
89424d049c7ffff,0.0,91891.30434782608,53.82,0,0,2,2,0,0
89424d049d7ffff,0.0,91891.30434782608,65.87,0,0,3,2,0,0
89424d049dbffff,0.0,47500.0,453.59,0,0,3,0,0,0
89424d04a03ffff,15143.0,78250.0,148.09,0,1,9,24,76,1
89424d04a0bffff,0.0,78250.0,138.82,1,1,11,24,85,1
89424d04a0fffff,0.0,78250.0,70.54,1,1,8,19,58,0
89424d04a13ffff,0.0,30625.0,96.05,0,0,6,18,63,0
89424d04a17ffff,0.0,78250.0,62.66,1,0,6,22,66,0
89424d04a1bffff,0.0,78250.0,221.34,1,1,11,18,74,1
89424d04a23ffff,12823.0,48400.0,264.67,1,0,0,15,19,1
89424d04a27ffff,0.0,25500.0,36.21,1,0,0,20,27,1
89424d04a2bffff,0.0,48400.0,347.92,0,0,1,16,18,1
89424d04a2fffff,0.0,25500.0,135.17,0,0,0,15,21,0
89424d04a33ffff,0.0,78250.0,291.38,1,0,0,13,18,0
89424d04a37ffff,0.0,25857.14285714286,17.29,1,0,0,19,25,1
89424d04a3bffff,0.0,78250.0,300.68,1,1,0,13,17,1
89424d04a43ffff,15363.0,60000.0,176.14,1,1,9,13,72,0
89424d04a47ffff,0.0,78250.0,129.32,1,1,9,12,69,0
89424d04a4fffff,0.0,60000.0,149.72,1,1,10,6,22,1
89424d04a53ffff,0.0,60000.0,339.72,1,1,11,17,79,0
89424d04a57ffff,0.0,60000.0,77.07,1,1,11,16,79,0
89424d04a63ffff,16853.0,42272.72727272727,159.52,1,3,16,17,32,0
89424d04a67ffff,0.0,42272.72727272727,185.67,1,2,7,20,29,0
89424d04a6bffff,0.0,42272.72727272727,184.64,1,3,17,12,23,1
89424d04a6fffff,0.0,42272.72727272727,72.67,1,3,17,14,26,0
89424d04a7bffff,0.0,42272.72727272727,64.86,1,3,13,10,24,1
89424d04a83ffff,13702.0,30625.0,301.0,1,0,6,17,62,0
89424d04a87ffff,0.0,35500.0,155.75,2,0,2,4,14,0
89424d04a8bffff,0.0,30625.0,13.88,1,0,6,15,60,0
89424d04a93ffff,0.0,30625.0,266.41,1,0,4,11,25,0
89424d04a97ffff,0.0,30625.0,192.41,1,0,0,5,7,0
89424d04aa3ffff,12261.0,33307.692307692305,32.63,1,0,0,13,16,0
89424d04aa7ffff,0.0,25857.14285714286,320.67,2,0,0,16,24,1
89424d04aafffff,0.0,78250.0,113.13,1,0,0,15,22,0
89424d04ab3ffff,0.0,33307.692307692305,49.66,2,0,0,2,5,0
89424d04ac3ffff,15436.0,60000.0,103.27,0,0,6,14,59,0
89424d04ac7ffff,0.0,30625.0,196.37,0,0,6,13,58,1
89424d04acbffff,0.0,60000.0,279.22,0,0,6,14,58,0
89424d04acfffff,0.0,60000.0,131.65,0,1,9,15,68,1
89424d04ad3ffff,0.0,30625.0,93.63,0,0,6,18,68,0
89424d04ad7ffff,0.0,30625.0,170.82,0,0,6,17,63,1
89424d04adbffff,0.0,60000.0,76.6,0,0,6,15,61,0
89424d04b03ffff,14240.0,50000.0,263.85,5,0,2,9,19,0
89424d04b07ffff,0.0,50000.0,48.63,2,0,1,6,8,0
89424d04b0bffff,0.0,50000.0,155.89,2,0,1,10,16,0
89424d04b0fffff,0.0,50000.0,119.58,1,0,1,4,4,0
89424d04b13ffff,0.0,72857.14285714286,83.54,6,0,2,11,20,0
89424d04b17ffff,0.0,72857.14285714286,19.99,6,0,2,11,17,0
89424d04b1bffff,0.0,50000.0,54.75,4,0,2,9,21,1
89424d04b23ffff,3248.0,50000.0,225.23,0,0,0,0,1,0
89424d04b27ffff,0.0,50000.0,149.94,0,0,0,1,0,0
89424d04b43ffff,13214.0,50000.0,359.4,0,0,0,10,14,0
89424d04b47ffff,0.0,50000.0,203.09,0,0,0,5,7,0
89424d04b4bffff,0.0,62000.0,396.46,0,0,0,6,8,0
89424d04b57ffff,0.0,50000.0,198.41,2,0,1,14,23,0
89424d04b5bffff,0.0,25500.0,44.85,0,0,0,16,20,0
89424d04b63ffff,5715.0,50000.0,60.78,0,0,0,0,1,0
89424d04b6bffff,0.0,50000.0,66.38,0,0,0,1,2,0
89424d04b73ffff,0.0,50000.0,12.25,0,0,0,5,4,0
89424d04b83ffff,12725.0,72857.14285714286,303.24,6,0,2,11,16,1
89424d04b87ffff,0.0,72857.14285714286,162.56,6,0,2,8,12,1
89424d04b8bffff,0.0,72857.14285714286,24.5,6,0,2,11,19,1
89424d04b8fffff,0.0,72857.14285714286,69.02,6,0,2,12,16,1
89424d04b93ffff,0.0,104648.14814814815,472.83,6,0,2,7,14,0
89424d04b97ffff,0.0,72857.14285714286,160.49,6,0,2,6,10,0
89424d04b9bffff,0.0,104648.14814814815,389.36,6,0,2,11,19,0
89424d04ba3ffff,6570.0,72857.14285714286,90.4,2,0,2,2,5,0
89424d04babffff,0.0,72857.14285714286,172.9,3,0,2,4,8,0
89424d04bb3ffff,0.0,72857.14285714286,161.97,3,0,2,4,6,0
89424d04bbbffff,0.0,72857.14285714286,27.61,6,0,2,8,11,0
89424d04bc3ffff,15021.0,65000.0,40.5,5,0,2,16,25,1
89424d04bc7ffff,0.0,65000.0,16.97,6,0,2,11,19,0
89424d04bcfffff,0.0,65000.0,292.59,5,0,1,15,27,0
89424d04bd7ffff,0.0,65000.0,269.13,7,0,2,11,20,0
89424d04c03ffff,12091.0,79471.81628392484,165.3,1,0,1,3,7,0
89424d04c0bffff,0.0,79471.81628392484,140.86,1,0,0,4,6,0
89424d04c0fffff,0.0,79471.81628392484,301.49,1,0,1,5,7,0
89424d04c13ffff,0.0,79471.81628392484,122.02,1,0,0,6,10,1
89424d04c17ffff,0.0,79471.81628392484,30.14,1,0,1,6,10,0
89424d04c1bffff,0.0,79471.81628392484,18.73,1,0,0,4,7,1
89424d04c23ffff,8670.0,79471.81628392484,397.79,1,0,2,6,4,0
89424d04c2bffff,0.0,79471.81628392484,635.31,1,0,2,1,4,0
89424d04c2fffff,0.0,79471.81628392484,762.22,0,0,2,1,2,0
89424d04c33ffff,0.0,79471.81628392484,44.71,1,0,2,6,7,0
89424d04c37ffff,0.0,79471.81628392484,413.11,0,0,4,7,2,0
89424d04c3bffff,0.0,79471.81628392484,348.9,1,0,2,2,6,0
89424d04c43ffff,12750.0,18000.0,114.23,0,0,0,3,2,0
89424d04c47ffff,0.0,79471.81628392484,211.76,1,0,0,3,4,1
89424d04c4bffff,0.0,18000.0,162.77,0,0,0,1,1,0
89424d04c4fffff,0.0,79471.81628392484,293.31,0,0,0,2,1,0
89424d04c5bffff,0.0,18000.0,184.93,0,0,0,1,0,0
89424d04c63ffff,11675.0,79471.81628392484,648.8,1,0,0,3,3,0
89424d04c83ffff,13677.0,79471.81628392484,78.58,1,1,0,6,9,1
89424d04c87ffff,0.0,79471.81628392484,137.44,1,2,0,6,10,1
89424d04c8bffff,0.0,79471.81628392484,104.25,1,0,0,6,9,0
89424d04c8fffff,0.0,79471.81628392484,197.23,1,1,0,6,11,0
89424d04c97ffff,0.0,79471.81628392484,93.22,0,2,0,6,12,1
89424d04ca3ffff,10918.0,79471.81628392484,305.56,1,2,2,8,11,0
89424d04ca7ffff,0.0,79471.81628392484,173.01,0,1,4,7,3,0
89424d04cb3ffff,0.0,79471.81628392484,99.38,0,2,1,6,11,0
89424d04cb7ffff,0.0,79471.81628392484,58.11,0,2,2,7,8,0
89424d04cbbffff,0.0,79471.81628392484,48.1,1,2,1,7,11,0
89424d04cc3ffff,11064.0,37186.4406779661,184.32,0,0,0,3,4,0
89424d04ccfffff,0.0,79471.81628392484,185.39,1,0,0,4,4,0
89424d04cd3ffff,0.0,37186.4406779661,138.75,0,0,0,2,3,0
89424d04cdbffff,0.0,37186.4406779661,114.38,0,0,0,2,1,0
89424d04d03ffff,2247.0,47500.0,693.13,2,0,2,6,0,0
89424d04d23ffff,18612.0,47500.0,395.59,2,0,0,10,8,0
89424d04d2fffff,0.0,91891.30434782608,301.8,2,0,1,10,5,0
89424d04d33ffff,0.0,47500.0,395.44,2,0,0,12,9,0
89424d04d37ffff,0.0,48380.95238095238,37.28,2,0,0,10,9,0
89424d04d3bffff,0.0,47500.0,661.46,2,0,2,9,6,0
89424d04d43ffff,97.0,47500.0,997.46,0,0,4,2,1,0
89424d04d63ffff,7010.0,47500.0,533.89,2,0,3,2,0,0
89424d04d67ffff,0.0,47500.0,194.63,2,0,2,5,1,0
89424d04d6fffff,0.0,47500.0,203.91,2,0,3,3,1,0
89424d04d77ffff,0.0,47500.0,521.17,2,0,2,6,1,0
89424d04d7bffff,0.0,47500.0,840.84,2,0,3,0,0,0
89424d04d83ffff,2418.0,25714.285714285714,24.61,0,0,4,5,0,0
89424d04da3ffff,12872.0,48380.95238095238,115.13,0,0,0,14,8,1
89424d04dafffff,0.0,48380.95238095238,128.08,2,0,0,12,8,0
89424d04db3ffff,0.0,25714.285714285714,221.52,0,0,2,12,5,0
89424d04dc3ffff,7401.0,79471.81628392484,293.79,0,0,4,6,0,0
89424d04dc7ffff,0.0,47500.0,61.33,0,0,3,6,0,0
89424d04dd3ffff,0.0,79471.81628392484,74.59,0,1,4,6,1,0
89424d04ddbffff,0.0,79471.81628392484,349.44,0,1,4,6,1,0
89424d04e03ffff,10307.0,96426.02040816327,106.77,0,0,0,4,8,1
89424d04e0fffff,0.0,96426.02040816327,189.88,0,0,0,6,12,0
89424d04e13ffff,0.0,45100.0,66.53,1,0,0,0,9,0
89424d04e17ffff,0.0,96426.02040816327,161.22,0,0,0,1,2,0
89424d04e1bffff,0.0,45100.0,92.53,0,0,0,3,9,0
89424d04e23ffff,10698.0,30625.0,327.34,1,0,0,4,6,0
89424d04e27ffff,0.0,30625.0,168.48,1,0,0,5,6,0
89424d04e2bffff,0.0,30625.0,242.94,1,0,0,4,7,1
89424d04e2fffff,0.0,30625.0,39.58,1,0,0,5,8,0
89424d04e3bffff,0.0,96426.02040816327,10.23,1,0,0,5,10,0
89424d04e43ffff,11845.0,35371.333333333336,136.58,0,0,0,5,12,0
89424d04e47ffff,0.0,46200.0,162.67,0,0,0,7,14,1
89424d04e4bffff,0.0,13000.0,417.88,0,0,2,5,11,0
89424d04e4fffff,0.0,46200.0,284.58,0,0,1,6,13,0
89424d04e57ffff,0.0,35371.333333333336,254.31,0,0,0,5,12,0
89424d04e63ffff,14850.0,96426.02040816327,60.96,0,0,2,13,22,0
89424d04e6bffff,0.0,46200.0,159.54,0,0,3,16,58,0
89424d04e6fffff,0.0,30625.0,125.65,0,0,6,18,69,0
89424d04e77ffff,0.0,96426.02040816327,136.87,1,0,0,7,12,0
89424d04e7bffff,0.0,46200.0,21.17,0,0,0,9,16,1
89424d04e83ffff,12359.0,18000.0,220.58,1,0,0,4,22,1
89424d04e87ffff,0.0,18000.0,144.63,1,0,0,1,4,0
89424d04e8bffff,0.0,18000.0,142.8,1,0,0,3,26,1
89424d04e8fffff,0.0,18000.0,32.5,1,0,0,0,12,0
89424d04e97ffff,0.0,18000.0,194.23,1,0,0,1,12,0
89424d04e9bffff,0.0,18000.0,52.0,1,0,0,3,26,0
89424d04ea3ffff,12921.0,96426.02040816327,221.89,0,0,0,2,1,1
89424d04ea7ffff,0.0,96426.02040816327,81.68,0,0,0,2,2,0
89424d04eabffff,0.0,96426.02040816327,124.53,0,0,0,3,1,0
89424d04eafffff,0.0,96426.02040816327,167.32,0,0,0,3,4,0
89424d04eb3ffff,0.0,18000.0,72.16,0,0,0,2,1,0
89424d04eb7ffff,0.0,79471.81628392484,145.69,0,0,0,2,1,0
89424d04ebbffff,0.0,96426.02040816327,173.6,0,0,0,2,1,0
89424d04ec3ffff,15167.0,22000.0,150.3,1,0,0,3,27,0
89424d04ecbffff,0.0,22000.0,323.87,0,0,0,1,2,0
89424d04ecfffff,0.0,16500.0,81.76,0,0,0,2,12,0
89424d05003ffff,15705.0,41570.17543859649,145.97,1,1,0,2,6,0
89424d0500fffff,0.0,63798.245614035084,8.03,0,0,0,2,7,0
89424d05013ffff,0.0,41570.17543859649,108.18,1,2,1,2,5,0
89424d0501bffff,0.0,15000.0,86.31,0,1,0,2,5,0
89424d05023ffff,13409.0,63798.245614035084,83.99,0,0,0,0,4,0
89424d05027ffff,0.0,63798.245614035084,139.86,0,0,0,0,5,0
89424d05033ffff,0.0,63798.245614035084,220.35,0,0,0,1,4,0
89424d05037ffff,0.0,63798.245614035084,90.69,0,0,0,0,5,0
89424d0503bffff,0.0,63798.245614035084,154.12,0,0,0,1,3,0
89424d05043ffff,14337.0,25333.333333333332,145.19,0,1,0,4,12,0
89424d05047ffff,0.0,25333.333333333332,107.09,0,0,0,3,4,0
89424d0504fffff,0.0,28250.0,41.54,0,0,0,3,4,0
89424d05057ffff,0.0,25333.333333333332,126.39,0,1,0,3,12,0
89424d0505bffff,0.0,25333.333333333332,76.5,0,2,0,3,12,0
89424d05063ffff,14850.0,32566.666666666668,46.02,0,0,0,1,1,0
89424d0506bffff,0.0,32566.666666666668,118.04,0,0,0,0,1,0
89424d0506fffff,0.0,32566.666666666668,173.59,0,0,0,0,1,0
89424d05073ffff,0.0,32566.666666666668,164.75,0,0,0,2,3,0
89424d05083ffff,14366.0,41570.17543859649,195.2,1,2,1,2,2,0
89424d05087ffff,0.0,41570.17543859649,58.12,1,2,1,1,3,1
89424d0508bffff,0.0,24772.727272727272,149.3,1,2,1,2,4,0
89424d0508fffff,0.0,41570.17543859649,121.44,1,2,1,2,5,0
89424d05093ffff,0.0,48500.0,127.3,1,3,1,0,4,0
89424d0509bffff,0.0,24772.727272727272,232.29,1,2,1,1,4,0
89424d050a3ffff,10649.0,30800.0,101.92,1,1,0,2,5,0
89424d050abffff,0.0,30800.0,21.83,1,1,0,1,6,0
89424d050afffff,0.0,63798.245614035084,138.93,1,1,0,1,5,0
89424d050b3ffff,0.0,63417.47572815534,33.46,2,1,0,4,3,0
89424d050b7ffff,0.0,63417.47572815534,197.45,2,1,0,5,5,0
89424d050bbffff,0.0,30800.0,106.72,1,2,0,2,4,0
89424d050c3ffff,19466.0,15000.0,201.11,0,3,1,5,11,0
89424d050c7ffff,0.0,15000.0,37.28,1,3,1,2,7,0
89424d050cbffff,0.0,25333.333333333332,89.88,0,2,0,5,12,0
89424d050cfffff,0.0,15000.0,74.35,0,2,0,5,13,0
89424d050d3ffff,0.0,59629.62962962963,130.18,0,3,1,3,9,0
89424d050dbffff,0.0,25333.333333333332,120.58,0,2,0,4,11,0
89424d05103ffff,8695.0,34428.57142857143,339.58,0,1,0,5,4,0
89424d05107ffff,0.0,25000.0,142.36,0,1,0,5,3,0
89424d0510bffff,0.0,34428.57142857143,160.39,0,1,0,0,4,0
89424d05117ffff,0.0,25000.0,83.53,0,2,0,5,5,0
89424d0511bffff,0.0,34428.57142857143,52.54,0,1,0,5,6,0
89424d05123ffff,6986.0,29750.0,153.77,0,1,0,0,0,0
89424d0512fffff,0.0,29750.0,483.41,0,0,0,0,1,0
89424d05133ffff,0.0,25000.0,27.79,0,1,0,0,2,0
89424d05137ffff,0.0,29750.0,106.86,0,1,0,0,0,0
89424d0513bffff,0.0,29750.0,168.43,0,1,0,0,0,0
89424d05143ffff,8670.0,150000.0,65.52,0,0,0,0,2,0
89424d0514fffff,0.0,150000.0,41.28,1,0,1,0,1,0
89424d05153ffff,0.0,150000.0,123.32,0,0,0,0,6,0
89424d0515bffff,0.0,150000.0,46.16,1,0,0,0,3,0
89424d05163ffff,6473.0,29750.0,779.35,0,0,1,0,1,0
89424d0516fffff,0.0,29750.0,988.29,0,0,1,0,0,0
89424d05183ffff,11528.0,34428.57142857143,162.34,1,2,1,7,14,1
89424d0518bffff,0.0,34428.57142857143,410.61,0,2,0,6,8,0
89424d0518fffff,0.0,34428.57142857143,134.35,0,2,0,5,6,0
89424d05193ffff,0.0,34428.57142857143,29.1,1,1,1,13,21,1
89424d05197ffff,0.0,44300.0,276.23,1,1,1,7,15,0
89424d0519bffff,0.0,34428.57142857143,169.76,1,1,0,10,20,0
89424d051a3ffff,13507.0,25000.0,463.82,0,1,0,5,2,0
89424d051abffff,0.0,25000.0,108.52,0,1,0,5,2,0
89424d051bbffff,0.0,25000.0,161.03,0,2,0,5,5,0
89424d051c3ffff,14435.0,34428.57142857143,187.34,0,1,0,2,6,0
89424d051c7ffff,0.0,34428.57142857143,187.15,0,2,0,6,8,0
89424d051d3ffff,0.0,63798.245614035084,105.54,0,1,0,4,9,0
89424d051dbffff,0.0,63798.245614035084,280.19,0,0,0,1,6,0
89424d05203ffff,17805.0,28250.0,683.56,0,0,0,0,1,0
89424d05223ffff,318.0,32566.666666666668,745.85,0,0,0,0,0,0
89424d05243ffff,4005.0,13000.0,168.62,0,0,0,0,0,0
89424d0524bffff,0.0,13000.0,122.65,0,0,0,0,0,0
89424d05263ffff,2858.0,28250.0,865.57,0,0,0,0,0,0
89424d05283ffff,20150.0,28250.0,320.31,0,0,0,1,6,0
89424d0528fffff,0.0,28250.0,210.54,0,0,0,0,2,0
89424d05297ffff,0.0,28250.0,61.7,0,2,0,2,10,0
89424d0529bffff,0.0,17000.0,517.55,0,0,0,1,4,0
89424d052a3ffff,14215.0,28250.0,292.5,0,0,0,0,2,0
89424d052a7ffff,0.0,32566.666666666668,153.08,0,0,0,0,1,0
89424d052b3ffff,0.0,28250.0,132.36,0,0,0,0,3,0
89424d052bbffff,0.0,28250.0,164.24,0,0,0,0,3,0
89424d052c3ffff,17610.0,46000.0,190.19,0,0,0,1,1,0
89424d052d3ffff,0.0,46000.0,83.03,0,0,0,1,1,0
89424d05303ffff,9184.0,40000.0,333.32,1,0,0,0,0,0
89424d0531bffff,0.0,40000.0,51.76,1,0,0,0,0,0
89424d05323ffff,11699.0,40000.0,197.79,0,0,0,0,1,0
89424d0533bffff,0.0,40000.0,172.14,1,0,0,0,1,0
89424d05343ffff,1417.0,40000.0,258.13,0,0,0,0,0,0
89424d0535bffff,0.0,32566.666666666668,112.38,0,0,0,0,0,0
89424d05363ffff,8060.0,40000.0,738.18,0,0,0,0,1,0
89424d05383ffff,12529.0,150000.0,85.54,1,0,0,0,1,0
89424d05393ffff,0.0,150000.0,301.98,1,0,0,0,2,1
89424d05397ffff,0.0,150000.0,152.63,1,0,0,0,2,0
89424d0539bffff,0.0,150000.0,115.22,1,0,0,0,0,0
89424d053a3ffff,4153.0,40000.0,445.03,1,0,1,0,1,0
89424d053b3ffff,0.0,150000.0,342.39,1,0,1,0,1,0
89424d053bbffff,0.0,40000.0,136.8,1,0,0,0,1,0
89424d053c3ffff,7351.0,32566.666666666668,330.77,0,0,0,0,0,0
89424d053c7ffff,0.0,40000.0,76.33,1,0,0,0,0,0
89424d053d3ffff,0.0,32566.666666666668,168.74,0,0,0,0,1,0
89424d053dbffff,0.0,32566.666666666668,94.36,0,0,0,0,0,0
89424d05403ffff,21169.0,91756.09756097561,103.22,0,1,0,2,3,1
89424d05407ffff,0.0,12000.0,199.36,0,1,0,2,3,0
89424d0540bffff,0.0,103714.28571428571,204.76,0,1,4,2,3,1
89424d0540fffff,0.0,12000.0,77.7,0,1,1,1,3,0
89424d05413ffff,0.0,91756.09756097561,36.89,0,0,0,1,4,0
89424d05417ffff,0.0,91756.09756097561,203.35,0,1,0,3,5,1
89424d0541bffff,0.0,91756.09756097561,30.45,0,0,4,2,5,0
89424d05423ffff,17317.0,48500.0,89.18,0,2,1,2,4,0
89424d05433ffff,0.0,12000.0,80.25,0,1,0,2,5,0
89424d05437ffff,0.0,48500.0,70.08,0,2,0,2,5,0
89424d0543bffff,0.0,12000.0,143.74,0,2,1,1,2,0
89424d05443ffff,21930.0,58276.119402985074,63.39,0,9,5,3,10,0
89424d0544bffff,0.0,58276.119402985074,96.41,0,9,5,3,9,0
89424d05453ffff,0.0,91756.09756097561,209.5,0,9,5,4,11,1
89424d05457ffff,0.0,91756.09756097561,101.03,0,3,5,3,11,0
89424d0545bffff,0.0,58276.119402985074,224.52,0,9,5,4,10,0
89424d05463ffff,20294.0,59629.62962962963,113.04,0,2,1,0,4,1
89424d05467ffff,0.0,12000.0,207.71,1,3,1,0,4,1
89424d0546fffff,0.0,59629.62962962963,419.01,0,2,1,1,3,0
89424d05477ffff,0.0,12000.0,29.5,0,2,1,1,2,0
89424d0547bffff,0.0,103714.28571428571,177.57,0,1,3,2,3,0
89424d05483ffff,21993.0,78379.86381322957,127.87,7,0,0,5,15,0
89424d05487ffff,0.0,78379.86381322957,63.78,6,0,0,2,8,0
89424d0548bffff,0.0,91756.09756097561,283.82,6,0,0,3,6,0
89424d0548fffff,0.0,78379.86381322957,160.68,5,0,0,2,8,0
89424d05493ffff,0.0,78379.86381322957,85.34,7,0,0,5,16,0
89424d05497ffff,0.0,78379.86381322957,101.8,7,0,0,6,18,1
89424d0549bffff,0.0,91756.09756097561,109.1,7,0,0,5,16,0
89424d054a3ffff,20440.0,50000.0,152.66,0,3,0,3,5,0
89424d054a7ffff,0.0,50000.0,34.79,0,3,0,2,8,0
89424d054abffff,0.0,12000.0,55.79,0,1,0,3,4,0
89424d054afffff,0.0,48500.0,242.75,0,3,0,2,6,1
89424d054b3ffff,0.0,50000.0,174.46,0,1,0,3,8,0
89424d054b7ffff,0.0,50000.0,20.15,0,2,0,2,5,0
89424d054bbffff,0.0,78379.86381322957,156.02,0,1,0,3,6,0
89424d054c3ffff,21930.0,91756.09756097561,87.31,2,2,5,3,6,0
89424d054c7ffff,0.0,91756.09756097561,146.85,2,0,4,2,4,0
89424d054cbffff,0.0,91756.09756097561,168.19,0,9,5,3,8,0
89424d054cfffff,0.0,91756.09756097561,152.66,0,6,5,4,8,0
89424d054d3ffff,0.0,91756.09756097561,134.24,8,0,0,5,5,0
89424d054d7ffff,0.0,91756.09756097561,13.65,7,0,0,4,7,0
89424d054dbffff,0.0,91756.09756097561,182.85,0,9,5,2,6,0
89424d05503ffff,14264.0,20000.0,112.85,1,1,1,9,39,1
89424d05507ffff,0.0,20000.0,98.72,2,1,2,9,42,1
89424d0550fffff,0.0,20000.0,38.88,2,0,1,10,36,0
89424d05513ffff,0.0,20000.0,148.89,1,1,1,7,40,1
89424d05517ffff,0.0,20000.0,180.92,0,1,1,7,40,1
89424d05523ffff,14679.0,44300.0,231.9,1,1,2,9,30,0
89424d05527ffff,0.0,57500.0,133.39,1,1,1,7,17,0
89424d0552bffff,0.0,44300.0,64.4,1,1,1,15,30,1
89424d0552fffff,0.0,44300.0,290.59,1,1,1,14,22,1
89424d05533ffff,0.0,82150.86206896552,342.49,1,1,2,9,35,0
89424d0553bffff,0.0,44300.0,121.29,1,1,2,9,33,1
89424d05543ffff,16267.0,63417.47572815534,39.64,2,0,0,4,3,0
89424d05547ffff,0.0,63417.47572815534,60.91,2,0,0,6,22,0
89424d0554bffff,0.0,63417.47572815534,85.75,2,2,1,1,3,0
89424d0554fffff,0.0,63417.47572815534,136.87,2,1,0,5,3,0
89424d05553ffff,0.0,63417.47572815534,73.62,2,1,0,3,8,0
89424d05557ffff,0.0,63417.47572815534,153.39,1,0,0,6,25,0
89424d0555bffff,0.0,63417.47572815534,155.65,2,3,1,1,3,0
89424d05563ffff,12090.0,34428.57142857143,152.32,1,1,0,9,27,0
89424d0556fffff,0.0,34428.57142857143,157.28,0,1,0,10,17,0
89424d05573ffff,0.0,63417.47572815534,200.02,1,0,0,9,25,0
89424d05577ffff,0.0,34428.57142857143,219.78,2,1,1,9,30,0
89424d0557bffff,0.0,63417.47572815534,216.95,1,0,0,6,18,1
89424d05583ffff,17952.0,25000.0,217.74,1,4,1,3,30,0
89424d05587ffff,0.0,20000.0,84.41,1,3,2,7,38,1
89424d0558bffff,0.0,25000.0,54.93,0,3,1,3,32,0
89424d0558fffff,0.0,20000.0,86.0,1,2,1,7,40,0
89424d05597ffff,0.0,32400.0,102.06,1,3,4,7,31,0
89424d0559bffff,0.0,25000.0,47.41,0,3,0,3,23,0
89424d055a3ffff,14361.0,82150.86206896552,81.33,1,5,3,9,31,0
89424d055abffff,0.0,82150.86206896552,225.97,1,2,2,8,42,1
89424d055afffff,0.0,82150.86206896552,148.17,1,3,4,8,37,0
89424d055b3ffff,0.0,82150.86206896552,128.04,1,5,3,8,32,1
89424d055b7ffff,0.0,82150.86206896552,62.42,1,6,3,8,22,1
89424d055bbffff,0.0,82150.86206896552,140.2,1,3,2,8,40,1
89424d055c3ffff,18565.0,25000.0,237.93,1,2,0,3,12,1
89424d055c7ffff,0.0,20000.0,133.34,1,3,1,2,29,0
89424d055cbffff,0.0,63417.47572815534,117.01,1,3,0,3,11,0
89424d055d7ffff,0.0,25000.0,77.69,0,3,0,2,18,0
89424d055dbffff,0.0,50000.0,39.67,0,3,0,3,12,0
89424d05603ffff,16924.0,33785.71428571428,162.79,0,2,0,4,0,0
89424d05607ffff,0.0,33785.71428571428,165.21,0,3,0,5,10,1
89424d0560bffff,0.0,47500.0,155.63,0,1,0,1,0,0
89424d05613ffff,0.0,58276.119402985074,139.64,0,1,0,3,4,0
89424d05617ffff,0.0,58276.119402985074,156.72,0,2,0,5,4,0
89424d0561bffff,0.0,65505.28541226216,137.29,0,1,0,2,1,0
89424d05623ffff,15485.0,33785.71428571428,210.87,0,2,0,4,9,0
89424d05627ffff,0.0,25333.333333333332,99.67,0,2,0,4,11,0
89424d0562bffff,0.0,33785.71428571428,80.37,0,2,0,4,9,0
89424d0562fffff,0.0,33785.71428571428,93.33,0,2,0,3,9,0
89424d05633ffff,0.0,33785.71428571428,112.25,0,2,0,5,11,0
89424d05637ffff,0.0,25333.333333333332,105.65,0,2,0,5,10,0
89424d0563bffff,0.0,33785.71428571428,193.1,0,2,0,4,8,0
89424d05643ffff,18121.0,47500.0,377.3,0,0,0,0,0,0
89424d0564bffff,0.0,66345.45454545454,109.98,1,0,0,2,1,0
89424d0564fffff,0.0,47500.0,53.65,0,0,0,1,1,0
89424d0565bffff,0.0,65505.28541226216,133.23,1,0,0,1,0,0
89424d05663ffff,18902.0,47500.0,127.91,0,0,0,2,1,0
89424d05667ffff,0.0,62076.27118644068,333.22,0,1,0,3,8,0
89424d0566bffff,0.0,47500.0,109.74,0,0,0,1,1,1
89424d0566fffff,0.0,46000.0,168.47,0,0,0,1,2,0
89424d05677ffff,0.0,62076.27118644068,116.64,0,2,0,3,8,0
89424d05683ffff,16606.0,60833.333333333336,144.12,0,10,5,4,9,0
89424d05687ffff,0.0,58276.119402985074,132.0,0,10,5,5,8,0
89424d0568bffff,0.0,60833.333333333336,155.78,0,5,0,4,6,1
89424d0568fffff,0.0,58276.119402985074,75.5,0,3,1,4,7,0
89424d05693ffff,0.0,60833.333333333336,123.3,0,10,5,5,10,0
89424d05697ffff,0.0,58276.119402985074,121.05,0,10,5,5,9,0
89424d0569bffff,0.0,60833.333333333336,23.97,0,10,1,2,7,0
89424d056a3ffff,20610.0,103714.28571428571,124.21,0,2,0,4,6,0
89424d056a7ffff,0.0,56905.882352941175,244.98,0,2,1,3,11,0
89424d056abffff,0.0,58276.119402985074,47.61,0,3,0,5,10,0
89424d056afffff,0.0,56905.882352941175,249.84,0,2,0,5,10,0
89424d056b3ffff,0.0,58276.119402985074,45.2,0,0,5,4,6,1
89424d056b7ffff,0.0,103714.28571428571,159.83,0,1,0,2,3,0
89424d056bbffff,0.0,58276.119402985074,107.61,0,2,0,5,6,0
89424d056c3ffff,19011.0,65505.28541226216,219.33,0,1,0,1,1,1
89424d056c7ffff,0.0,65505.28541226216,137.05,0,1,0,2,1,0
89424d056cfffff,0.0,65505.28541226216,179.18,0,1,0,1,1,0
89424d056d3ffff,0.0,65505.28541226216,103.51,0,1,0,1,2,0
89424d056d7ffff,0.0,60833.333333333336,215.37,0,1,0,1,1,0
89424d056dbffff,0.0,65505.28541226216,166.53,0,1,0,1,2,0
89424d05803ffff,9404.0,22000.0,514.02,0,0,0,4,2,0
89424d05823ffff,9794.0,55000.0,104.86,0,0,0,1,1,0
89424d05827ffff,0.0,55000.0,122.24,0,0,0,1,0,0
89424d0582bffff,0.0,55000.0,66.37,0,0,0,0,0,0
89424d0582fffff,0.0,55000.0,75.7,0,0,0,1,0,0
89424d05833ffff,0.0,43076.3358778626,45.88,0,0,0,2,1,0
89424d05843ffff,9232.0,35000.0,816.81,0,0,0,0,0,0
89424d05863ffff,7816.0,45000.0,288.88,0,0,0,0,0,0
89424d05867ffff,0.0,45000.0,67.59,0,0,0,0,0,0
89424d0586fffff,0.0,45000.0,26.25,0,0,0,0,0,0
89424d05883ffff,11675.0,22000.0,241.38,0,0,0,4,3,0
89424d05887ffff,0.0,43076.3358778626,553.19,0,0,0,4,4,0
89424d0588bffff,0.0,22000.0,109.64,0,0,0,4,2,1
89424d05893ffff,0.0,30000.0,138.98,0,0,0,3,3,0
89424d0589bffff,0.0,30000.0,222.98,0,0,0,3,1,0
89424d058a3ffff,7987.0,43076.3358778626,456.88,1,0,1,12,7,0
89424d058abffff,0.0,43076.3358778626,98.26,1,0,1,4,2,0
89424d058b3ffff,0.0,43076.3358778626,496.43,1,0,1,7,5,0
89424d058bbffff,0.0,43076.3358778626,426.13,0,0,0,4,3,1
89424d058c3ffff,10405.0,65000.0,232.13,0,0,0,1,1,0
89424d058c7ffff,0.0,22000.0,137.59,0,0,0,4,2,0
89424d058cbffff,0.0,65000.0,590.85,0,0,0,1,1,0
89424d058d7ffff,0.0,22000.0,108.26,0,0,0,2,1,0
89424d05903ffff,17048.0,168428.57142857142,546.37,0,1,0,0,4,0
89424d05917ffff,0.0,168428.57142857142,204.43,0,1,2,0,3,0
89424d05923ffff,17805.0,168428.57142857142,433.47,0,2,9,10,4,0
89424d05927ffff,0.0,168428.57142857142,65.87,0,2,10,10,4,0
89424d0592fffff,0.0,168428.57142857142,248.44,0,1,3,6,4,1
89424d05933ffff,0.0,168428.57142857142,173.7,0,2,11,10,4,0
89424d05943ffff,13800.0,43818.181818181816,17.11,0,0,0,1,1,0
89424d05947ffff,0.0,43818.181818181816,352.13,0,0,0,1,1,0
89424d0594bffff,0.0,43818.181818181816,49.7,0,0,0,1,1,1
89424d0594fffff,0.0,43818.181818181816,85.49,0,0,0,1,1,0
89424d05957ffff,0.0,43818.181818181816,114.31,0,0,0,1,3,0
89424d0595bffff,0.0,55000.0,98.0,0,0,0,1,1,0
89424d05963ffff,15217.0,168428.57142857142,507.36,0,0,0,1,1,0
89424d05967ffff,0.0,168428.57142857142,153.57,0,0,0,1,3,0
89424d05983ffff,14068.0,60000.0,196.85,1,1,1,6,9,0
89424d0598bffff,0.0,60000.0,122.87,1,1,1,6,6,0
89424d0598fffff,0.0,60000.0,79.71,0,1,2,3,6,0
89424d05993ffff,0.0,60000.0,267.47,1,1,1,10,10,1
89424d0599bffff,0.0,60000.0,178.64,1,1,1,9,10,0
89424d059a3ffff,16218.0,168428.57142857142,210.33,1,4,17,11,24,0
89424d059a7ffff,0.0,42272.72727272727,80.58,1,3,17,12,23,0
89424d059abffff,0.0,168428.57142857142,120.85,1,3,9,7,16,0
89424d059afffff,0.0,168428.57142857142,137.21,1,2,16,11,18,0
89424d059b7ffff,0.0,42272.72727272727,190.15,1,3,17,10,23,0
89424d059bbffff,0.0,60000.0,69.38,1,3,11,4,24,0
89424d059c3ffff,13848.0,43818.181818181816,372.87,1,1,1,8,8,0
89424d059c7ffff,0.0,43818.181818181816,106.23,1,1,1,5,6,0
89424d059cfffff,0.0,43818.181818181816,132.08,1,1,1,6,7,0
89424d059d3ffff,0.0,165463.5788192331,135.41,1,0,1,8,8,0
89424d059d7ffff,0.0,165463.5788192331,60.57,1,1,1,9,9,1
89424d05a03ffff,13654.0,18500.0,259.47,0,0,0,0,0,0
89424d05a07ffff,0.0,14474.358974358975,143.7,0,0,0,0,0,0
89424d05a1bffff,0.0,18500.0,618.42,0,0,0,0,0,0
89424d05a23ffff,1856.0,14474.358974358975,49.16,0,0,0,0,1,0
89424d05a2bffff,0.0,14474.358974358975,42.97,0,0,0,0,1,0
89424d05a2fffff,0.0,17125.0,188.66,0,0,0,0,1,0
89424d05a37ffff,0.0,17125.0,118.64,0,0,0,0,1,0
89424d05a3bffff,0.0,14474.358974358975,107.49,0,0,0,0,1,0
89424d05a43ffff,12774.0,22490.0,931.15,0,0,0,0,1,0
89424d05a53ffff,0.0,22490.0,662.16,0,0,0,0,6,0
89424d05a63ffff,5544.0,14474.358974358975,106.28,0,0,0,0,1,0
89424d05a67ffff,0.0,14474.358974358975,141.84,0,0,0,0,1,0
89424d05a6bffff,0.0,14474.358974358975,176.32,0,0,0,0,0,0
89424d05a6fffff,0.0,14474.358974358975,193.32,0,0,0,0,1,0
89424d05a77ffff,0.0,14474.358974358975,146.49,0,0,0,0,1,0
89424d05a83ffff,17342.0,35000.0,144.5,0,0,0,1,2,0
89424d05a97ffff,0.0,35000.0,251.71,0,0,0,0,0,0
89424d05aa3ffff,8719.0,45000.0,302.42,0,0,0,0,0,0
89424d05aabffff,0.0,14474.358974358975,152.22,0,0,0,0,0,0
89424d05aafffff,0.0,14474.358974358975,81.23,0,0,0,0,0,0
89424d05ac3ffff,16047.0,17000.0,495.45,0,0,0,2,6,0
89424d05acbffff,0.0,38000.0,381.69,0,0,0,1,6,0
89424d05adbffff,0.0,38000.0,130.88,0,0,0,2,6,0
89424d05b03ffff,10405.0,65481.08108108108,604.64,0,0,0,0,0,0
89424d05b23ffff,11406.0,65481.08108108108,789.18,0,0,0,0,1,0
89424d05b37ffff,0.0,65481.08108108108,438.07,0,0,0,0,1,0
89424d05b43ffff,73.0,17125.0,699.5,0,0,0,0,1,0
89424d05b63ffff,269.0,65481.08108108108,1017.17,0,0,0,0,0,0
89424d05b83ffff,13678.0,55000.0,351.12,0,0,0,1,0,0
89424d05b87ffff,0.0,23250.0,288.71,0,0,0,1,1,0
89424d05b97ffff,0.0,55000.0,20.48,0,0,0,1,0,0
89424d05ba3ffff,14459.0,65481.08108108108,300.12,0,0,0,1,2,0
89424d05babffff,0.0,65481.08108108108,314.0,0,0,0,1,1,0
89424d05bb3ffff,0.0,43818.181818181816,32.41,0,0,0,1,1,0
89424d05bbbffff,0.0,65481.08108108108,46.68,0,0,0,1,0,0
89424d05bc3ffff,6326.0,45000.0,331.78,0,0,0,0,0,0
89424d05bd3ffff,0.0,45000.0,42.48,0,0,0,0,0,0
89424d05bdbffff,0.0,45000.0,53.73,0,0,0,0,0,0
89424d05c03ffff,12896.0,27000.0,312.69,0,0,0,3,8,0
89424d05c0bffff,0.0,27000.0,196.54,0,0,1,1,7,0
89424d05c13ffff,0.0,10000.0,69.28,0,0,0,3,8,0
89424d05c1bffff,0.0,27000.0,53.19,0,0,1,1,7,0
89424d05c23ffff,14239.0,18000.0,555.81,0,0,0,2,3,0
89424d05c2bffff,0.0,18000.0,292.27,0,0,0,1,1,0
89424d05c43ffff,13141.0,20000.0,290.02,0,0,1,1,9,0
89424d05c47ffff,0.0,27000.0,40.49,0,0,1,1,9,0
89424d05c4fffff,0.0,20000.0,89.05,0,0,1,3,9,0
89424d05c57ffff,0.0,27000.0,171.53,0,0,1,2,8,0
89424d05c63ffff,11381.0,25666.666666666668,393.86,0,0,1,1,9,0
89424d05c77ffff,0.0,25666.666666666668,77.99,0,0,1,0,8,0
89424d05c7bffff,0.0,27000.0,281.32,0,0,1,2,9,0
89424d05c83ffff,11773.0,15000.0,133.19,0,1,1,3,5,0
89424d05c8bffff,0.0,10000.0,89.9,0,1,0,1,3,0
89424d05c8fffff,0.0,15000.0,96.68,0,2,0,3,8,0
89424d05c93ffff,0.0,10000.0,144.62,0,1,2,1,4,0
89424d05c97ffff,0.0,15000.0,108.93,0,2,2,3,9,0
89424d05c9bffff,0.0,10000.0,173.56,0,1,2,1,3,0
89424d05ca3ffff,10869.0,40000.0,106.48,1,1,0,3,6,0
89424d05ca7ffff,0.0,40000.0,70.4,1,1,0,3,6,0
89424d05cb3ffff,0.0,40000.0,92.85,1,1,0,3,8,0
89424d05cb7ffff,0.0,40000.0,57.16,1,1,0,3,6,0
89424d05cbbffff,0.0,15000.0,138.0,1,1,0,4,6,0
89424d05cc3ffff,13824.0,10000.0,160.44,0,0,0,1,3,0
89424d05cd7ffff,0.0,10000.0,56.37,0,0,0,1,2,0
89424d05cdbffff,0.0,25000.0,180.89,0,0,0,1,0,0
89424d05d03ffff,16755.0,165463.5788192331,86.06,0,0,13,5,32,1
89424d05d07ffff,0.0,60000.0,213.68,0,0,13,4,32,1
89424d05d0bffff,0.0,165463.5788192331,266.14,0,0,13,5,33,1
89424d05d0fffff,0.0,165463.5788192331,154.74,0,0,13,5,31,1
89424d05d13ffff,0.0,165463.5788192331,31.19,0,0,13,2,27,0
89424d05d17ffff,0.0,13000.0,34.3,0,0,13,4,32,1
89424d05d1bffff,0.0,165463.5788192331,95.12,0,0,13,2,29,1
89424d05d23ffff,14655.0,60000.0,388.14,0,0,10,2,21,0
89424d05d2fffff,0.0,60000.0,102.95,0,1,0,2,7,0
89424d05d33ffff,0.0,60000.0,156.55,0,0,13,3,29,0
89424d05d43ffff,15729.0,43076.3358778626,141.78,0,0,5,7,15,0
89424d05d47ffff,0.0,165463.5788192331,334.35,1,0,11,6,33,1
89424d05d4fffff,0.0,43076.3358778626,224.38,1,0,4,13,15,0
89424d05d53ffff,0.0,43076.3358778626,184.0,0,0,4,2,14,0
89424d05d57ffff,0.0,165463.5788192331,114.57,0,0,11,5,31,0
89424d05d63ffff,15095.0,165463.5788192331,184.79,1,0,9,10,25,0
89424d05d67ffff,0.0,165463.5788192331,42.55,1,1,5,9,20,0
89424d05d6bffff,0.0,165463.5788192331,54.12,1,0,1,9,9,0
89424d05d6fffff,0.0,165463.5788192331,192.18,1,1,1,9,10,0
89424d05d73ffff,0.0,165463.5788192331,161.63,1,0,12,10,35,0
89424d05d77ffff,0.0,165463.5788192331,360.08,1,0,12,10,31,0
89424d05d7bffff,0.0,165463.5788192331,212.19,1,0,8,11,26,1
89424d05d83ffff,9525.0,27000.0,591.52,0,0,7,3,16,0
89424d05d8bffff,0.0,27000.0,336.61,0,0,13,2,28,0
89424d05d93ffff,0.0,27000.0,364.13,0,0,0,3,6,0
89424d05da3ffff,14410.0,13000.0,199.21,0,0,10,6,32,0
89424d05da7ffff,0.0,13000.0,70.73,0,0,5,16,66,0
89424d05dabffff,0.0,13000.0,142.34,0,0,13,4,35,0
89424d05db3ffff,0.0,13000.0,513.77,0,0,5,6,22,0
89424d05dc3ffff,14362.0,32571.428571428572,188.56,1,1,3,3,17,0
89424d05dc7ffff,0.0,32571.428571428572,92.97,0,0,13,2,28,0
89424d05dcbffff,0.0,40000.0,169.48,0,0,0,3,6,0
89424d05dcfffff,0.0,32571.428571428572,137.49,0,0,12,2,25,0
89424d05ddbffff,0.0,40000.0,53.55,1,1,0,4,9,0
89424d05e03ffff,13751.0,36222.22222222222,177.29,0,0,0,4,3,0
89424d05e07ffff,0.0,20000.0,130.06,0,0,0,5,4,0
89424d05e23ffff,10991.0,65000.0,454.26,0,0,0,4,3,0
89424d05e3bffff,0.0,48909.09090909091,133.55,0,0,0,4,3,0
89424d05e43ffff,15045.0,37861.34453781512,16.52,0,0,0,2,3,0
89424d05e47ffff,0.0,36222.22222222222,148.17,0,0,0,3,3,0
89424d05e4bffff,0.0,37861.34453781512,112.91,0,0,0,0,2,0
89424d05e4fffff,0.0,37861.34453781512,19.44,0,0,0,2,3,0
89424d05e57ffff,0.0,36222.22222222222,96.86,0,0,0,2,3,0
89424d05e5bffff,0.0,37861.34453781512,160.25,0,0,0,0,2,0
89424d05e63ffff,16756.0,48909.09090909091,94.82,0,0,0,3,3,0
89424d05e6bffff,0.0,48909.09090909091,137.04,0,0,0,3,8,0
89424d05e73ffff,0.0,48909.09090909091,42.85,0,0,0,3,3,0
89424d05e77ffff,0.0,48909.09090909091,162.92,0,0,0,3,2,0
89424d05e7bffff,0.0,48909.09090909091,144.6,0,0,0,3,3,0
89424d05e83ffff,14019.0,29750.0,302.1,0,0,2,3,3,0
89424d05e97ffff,0.0,29750.0,118.7,0,0,1,2,7,0
89424d05ea3ffff,11699.0,20000.0,54.05,0,0,1,3,6,0
89424d05ea7ffff,0.0,19214.285714285714,387.39,0,0,1,3,7,0
89424d05eabffff,0.0,20000.0,74.39,0,0,1,4,3,0
89424d05eb3ffff,0.0,20000.0,214.53,0,0,1,3,8,0
89424d05eb7ffff,0.0,27000.0,154.75,0,0,1,3,9,0
89424d05ec3ffff,12017.0,36222.22222222222,781.44,0,0,1,0,0,0
89424d06003ffff,23736.0,21000.0,157.95,1,0,1,2,4,0
89424d06007ffff,0.0,21000.0,120.91,1,2,0,1,5,0
89424d0600bffff,0.0,23400.0,149.2,0,0,1,1,8,0
89424d0600fffff,0.0,23400.0,33.09,0,0,0,1,7,0
89424d06013ffff,0.0,21000.0,44.21,1,0,2,2,3,0
89424d06017ffff,0.0,21000.0,220.19,1,0,1,2,4,0
89424d06023ffff,17104.0,49000.0,97.15,2,2,0,1,10,0
89424d06027ffff,0.0,49000.0,96.31,2,2,0,1,11,0
89424d0602bffff,0.0,49000.0,54.97,1,2,0,3,12,0
89424d0602fffff,0.0,49000.0,124.44,1,2,0,3,11,0
89424d0603bffff,0.0,23400.0,99.88,1,2,0,1,11,0
89424d06043ffff,25415.0,16857.14285714286,235.88,1,0,0,1,8,0
89424d06047ffff,0.0,23400.0,157.58,0,0,0,0,6,0
89424d0604fffff,0.0,16857.14285714286,135.16,1,0,0,0,9,0
89424d06057ffff,0.0,23400.0,76.29,1,0,1,2,5,0
89424d0605bffff,0.0,16857.14285714286,158.88,1,0,0,1,4,0
89424d06063ffff,24102.0,23400.0,179.31,0,0,0,3,11,0
89424d06067ffff,0.0,30666.666666666668,138.0,1,0,0,4,14,0
89424d0606bffff,0.0,28000.0,238.72,0,0,0,3,10,0
89424d06073ffff,0.0,23400.0,219.87,0,0,0,1,9,0
89424d06077ffff,0.0,23400.0,80.55,1,0,0,2,12,0
89424d0607bffff,0.0,28000.0,169.35,0,0,0,0,8,0
89424d06083ffff,21930.0,78228.57142857143,16.74,1,0,2,2,5,0
89424d06087ffff,0.0,21000.0,37.34,1,0,2,2,5,0
89424d0608bffff,0.0,78228.57142857143,56.27,1,0,2,2,4,1
89424d0608fffff,0.0,21000.0,49.24,1,0,2,1,4,0
89424d06093ffff,0.0,78228.57142857143,135.05,1,0,2,2,4,0
89424d06097ffff,0.0,21600.0,75.92,1,0,2,2,5,0
89424d0609bffff,0.0,78228.57142857143,346.2,2,0,2,1,3,0
89424d060a3ffff,21360.0,20000.0,136.75,2,0,0,1,10,0
89424d060a7ffff,0.0,20000.0,143.08,2,5,0,4,13,0
89424d060abffff,0.0,21000.0,105.75,1,2,0,1,4,0
89424d060afffff,0.0,20000.0,150.99,2,2,0,1,12,0
89424d060c3ffff,24686.0,78228.57142857143,196.15,2,0,2,2,2,0
89424d060cbffff,0.0,29333.333333333332,163.37,2,0,1,2,2,0
89424d060d3ffff,0.0,78228.57142857143,60.58,2,0,2,2,1,0
89424d060d7ffff,0.0,78228.57142857143,150.42,2,0,2,2,3,0
89424d060dbffff,0.0,78228.57142857143,145.51,2,0,2,2,1,0
89424d06103ffff,14582.0,29916.666666666668,184.31,2,9,2,15,38,0
89424d06107ffff,0.0,53333.333333333336,101.72,2,7,7,11,36,0
89424d0610bffff,0.0,17666.666666666668,109.52,0,8,1,10,31,1
89424d0610fffff,0.0,53333.333333333336,171.51,1,7,4,16,37,0
89424d06113ffff,0.0,27000.0,31.27,3,8,2,10,31,0
89424d06117ffff,0.0,29916.666666666668,136.15,2,9,6,13,38,1
89424d0611bffff,0.0,27000.0,132.2,3,10,0,11,27,0
89424d06123ffff,12334.0,13000.0,114.66,1,5,11,24,48,0
89424d06127ffff,0.0,13000.0,107.45,6,3,14,20,42,1
89424d0612bffff,0.0,55500.0,58.24,0,7,7,24,32,0
89424d0612fffff,0.0,43250.0,181.25,3,5,13,21,32,0
89424d06133ffff,0.0,13000.0,69.67,2,7,10,14,49,0
89424d06137ffff,0.0,13000.0,26.68,4,7,15,12,51,0
89424d0613bffff,0.0,55500.0,121.82,1,7,6,15,35,0
89424d06143ffff,8280.0,7500.0,169.91,1,4,0,4,16,0
89424d06147ffff,0.0,17666.666666666668,71.67,0,7,0,4,23,0
89424d0614bffff,0.0,7500.0,37.25,1,3,0,4,19,0
89424d06153ffff,0.0,7500.0,67.35,2,4,0,6,13,0
89424d06157ffff,0.0,7500.0,141.77,2,8,0,7,21,0
89424d0615bffff,0.0,49000.0,327.4,1,2,0,3,16,0
89424d06163ffff,15998.0,30200.0,201.8,0,8,2,14,23,0
89424d06167ffff,0.0,55500.0,132.59,0,8,5,22,23,0
89424d0616bffff,0.0,30200.0,150.67,1,8,0,8,19,0
89424d0616fffff,0.0,30000.0,100.35,2,9,0,15,20,0
89424d06173ffff,0.0,25766.666666666668,87.69,0,6,2,9,23,0
89424d06177ffff,0.0,53333.333333333336,88.66,0,7,5,18,33,0
89424d0617bffff,0.0,25766.666666666668,167.56,1,6,0,4,17,1
89424d06183ffff,15199.0,24000.0,62.14,4,13,10,10,37,0
89424d06187ffff,0.0,14000.0,49.41,4,14,16,11,37,0
89424d0618bffff,0.0,24000.0,1.4,3,9,4,7,32,0
89424d0618fffff,0.0,29916.666666666668,112.51,2,12,7,12,32,0
89424d06193ffff,0.0,24000.0,95.71,4,14,7,7,47,0
89424d06197ffff,0.0,24000.0,119.49,5,15,20,8,50,1
89424d0619bffff,0.0,24000.0,91.88,4,10,6,5,32,0
89424d061a3ffff,15265.0,29916.666666666668,124.27,4,6,16,8,49,0
89424d061a7ffff,0.0,42500.0,111.46,4,6,14,7,52,1
89424d061abffff,0.0,29916.666666666668,61.27,3,5,11,9,50,1
89424d061afffff,0.0,13000.0,67.68,3,7,14,8,56,1
89424d061b3ffff,0.0,14000.0,23.73,4,12,18,8,43,1
89424d061b7ffff,0.0,18500.0,87.16,9,8,18,7,46,0
89424d061bbffff,0.0,29916.666666666668,182.24,3,11,14,11,37,0
89424d061c3ffff,12194.0,40000.0,82.91,2,7,0,4,19,0
89424d061c7ffff,0.0,27000.0,91.3,4,8,0,6,28,0
89424d061cbffff,0.0,40000.0,31.82,2,4,0,5,10,0
89424d061cfffff,0.0,40000.0,99.16,2,7,0,7,18,0
89424d061d3ffff,0.0,22666.666666666668,66.47,2,7,1,4,17,0
89424d061d7ffff,0.0,24000.0,250.38,2,8,1,5,27,0
89424d061dbffff,0.0,40000.0,137.45,2,5,0,5,14,0
89424d06203ffff,18309.0,28600.0,202.76,0,0,1,4,10,0
89424d06207ffff,0.0,28600.0,106.3,0,0,1,4,9,0
89424d0620bffff,0.0,28600.0,57.02,0,0,1,4,12,0
89424d0620fffff,0.0,28600.0,243.24,0,0,1,5,14,1
89424d06213ffff,0.0,28600.0,104.37,0,0,0,1,8,0
89424d06217ffff,0.0,28600.0,136.0,0,0,1,1,8,0
89424d0621bffff,0.0,28600.0,99.37,0,0,1,3,9,0
89424d06223ffff,19441.0,17000.0,177.44,0,0,1,2,7,0
89424d06227ffff,0.0,25000.0,170.33,0,1,0,0,3,0
89424d0622bffff,0.0,34333.333333333336,40.16,0,0,1,5,9,0
89424d0622fffff,0.0,34333.333333333336,118.58,0,0,0,1,5,0
89424d06233ffff,0.0,16000.0,119.08,0,0,1,2,10,0
89424d06237ffff,0.0,17000.0,204.64,0,1,0,0,5,0
89424d0623bffff,0.0,16000.0,158.46,0,0,1,4,13,0
89424d06243ffff,19186.0,56818.50533807829,37.15,0,0,1,5,12,0
89424d06247ffff,0.0,56818.50533807829,162.53,0,0,1,6,13,1
89424d0624bffff,0.0,56818.50533807829,63.15,0,0,0,4,5,0
89424d0624fffff,0.0,56818.50533807829,186.92,0,0,1,6,12,1
89424d0625bffff,0.0,56818.50533807829,113.69,0,0,0,4,5,0
89424d06263ffff,15656.0,34333.333333333336,123.41,0,0,1,6,14,0
89424d06267ffff,0.0,34333.333333333336,151.94,0,0,1,5,12,0
89424d0626bffff,0.0,56818.50533807829,133.41,0,0,1,6,17,0
89424d06273ffff,0.0,28600.0,154.04,0,0,1,6,12,1
89424d06277ffff,0.0,34333.333333333336,100.12,0,0,1,5,12,1
89424d0627bffff,0.0,56818.50533807829,225.64,0,0,1,6,15,0
89424d06283ffff,24592.0,35000.0,277.82,1,0,0,0,3,0
89424d06287ffff,0.0,35000.0,48.5,1,0,0,0,5,0
89424d0628fffff,0.0,28600.0,114.26,1,0,0,0,7,0
89424d06293ffff,0.0,29333.333333333332,150.5,1,0,0,0,2,0
89424d06297ffff,0.0,16857.14285714286,371.97,1,0,0,1,5,0
89424d062a3ffff,21220.0,28833.333333333332,86.39,0,0,0,0,8,0
89424d062a7ffff,0.0,35617.97752808989,159.56,0,0,0,0,9,0
89424d062abffff,0.0,28833.333333333332,116.11,0,0,0,0,8,0
89424d062afffff,0.0,16000.0,174.86,0,0,0,0,8,0
89424d062b3ffff,0.0,16857.14285714286,180.71,1,0,0,0,8,0
89424d062b7ffff,0.0,28000.0,106.93,0,0,0,0,8,0
89424d062bbffff,0.0,35000.0,97.25,0,0,0,0,8,0
89424d062c3ffff,21519.0,43258.06451612903,222.86,0,0,0,1,3,0
89424d062c7ffff,0.0,28600.0,94.87,0,0,0,1,7,0
89424d062d7ffff,0.0,29333.333333333332,89.0,0,0,0,1,5,0
89424d062dbffff,0.0,43258.06451612903,139.12,0,0,0,2,2,0
89424d06303ffff,16389.0,40000.0,34.85,0,2,0,5,13,0
89424d06307ffff,0.0,19980.0,103.2,1,2,0,3,11,0
89424d0630bffff,0.0,19980.0,145.79,0,2,0,3,8,0
89424d06313ffff,0.0,40000.0,60.54,0,1,0,3,13,0
89424d06317ffff,0.0,26000.0,32.81,1,1,0,3,12,0
89424d0631bffff,0.0,40000.0,143.79,0,1,0,4,10,0
89424d06323ffff,12139.0,19980.0,276.33,2,3,0,5,13,0
89424d0632bffff,0.0,19980.0,62.99,1,3,0,7,14,0
89424d06333ffff,0.0,19980.0,202.04,1,2,0,3,12,0
89424d06337ffff,0.0,227480.0,151.05,2,4,0,4,14,0
89424d0633bffff,0.0,19980.0,168.06,1,3,0,4,13,0
89424d06343ffff,19198.0,38000.0,179.27,0,2,0,1,7,0
89424d06347ffff,0.0,38000.0,80.22,0,2,0,6,10,0
89424d0634bffff,0.0,15555.555555555555,35.73,0,1,0,2,6,0
89424d0634fffff,0.0,38000.0,137.51,0,2,0,5,10,0
89424d06353ffff,0.0,25000.0,241.69,0,1,0,0,5,0
89424d06357ffff,0.0,25000.0,135.29,0,2,0,2,8,0
89424d06363ffff,15485.0,40000.0,79.14,0,3,0,9,16,0
89424d06367ffff,0.0,19980.0,94.24,0,4,0,8,17,0
89424d0636bffff,0.0,20000.0,162.16,0,3,0,10,22,1
89424d0636fffff,0.0,68750.0,108.15,0,3,1,10,23,0
89424d06373ffff,0.0,40000.0,278.46,0,3,0,6,9,0
89424d06377ffff,0.0,19980.0,126.97,0,2,0,6,12,0
89424d06383ffff,16572.0,30666.666666666668,47.2,0,0,0,4,13,0
89424d06387ffff,0.0,26000.0,71.35,0,0,0,4,17,0
89424d0638bffff,0.0,40000.0,94.58,0,1,0,3,12,0
89424d0638fffff,0.0,30666.666666666668,163.34,0,1,0,3,11,0
89424d06393ffff,0.0,30666.666666666668,52.22,1,2,0,4,12,0
89424d0639bffff,0.0,30666.666666666668,96.29,0,1,0,4,13,1
89424d063a3ffff,14460.0,26000.0,31.9,1,3,0,2,13,0
89424d063a7ffff,0.0,30200.0,135.14,1,6,0,3,13,0
89424d063abffff,0.0,26000.0,122.22,1,1,0,3,11,0
89424d063afffff,0.0,26000.0,85.13,1,3,0,2,10,0
89424d063b7ffff,0.0,25766.666666666668,150.38,1,5,0,4,13,0
89424d063bbffff,0.0,26000.0,101.49,1,0,0,4,15,0
89424d063c3ffff,16950.0,35617.97752808989,251.77,0,1,0,3,11,0
89424d063c7ffff,0.0,40000.0,61.75,0,1,0,3,11,0
89424d063cbffff,0.0,25000.0,69.32,0,1,0,3,6,0
89424d063cfffff,0.0,25000.0,204.36,0,1,0,3,8,0
89424d063d3ffff,0.0,35617.97752808989,114.74,0,1,0,3,14,0
89424d063d7ffff,0.0,40000.0,133.93,0,1,0,3,12,0
89424d063dbffff,0.0,35617.97752808989,181.35,0,1,0,3,10,0
89424d06403ffff,9317.0,78228.57142857143,878.94,0,0,0,0,0,0
89424d06423ffff,24402.0,21600.0,127.37,0,0,1,1,3,0
89424d06427ffff,0.0,21600.0,200.97,0,0,0,1,3,0
89424d0642fffff,0.0,21600.0,142.92,1,0,2,2,3,1
89424d06437ffff,0.0,21600.0,120.76,0,0,0,1,3,0
89424d06443ffff,19331.0,20000.0,740.56,1,0,0,0,0,0
89424d06463ffff,21391.0,78228.57142857143,94.56,2,0,2,1,2,0
89424d0646bffff,0.0,78228.57142857143,41.84,2,0,2,2,1,0
89424d0646fffff,0.0,78228.57142857143,125.64,2,0,2,2,2,0
89424d06477ffff,0.0,78228.57142857143,183.09,1,0,1,1,1,0
89424d0647bffff,0.0,78228.57142857143,125.13,1,0,1,0,0,0
89424d06483ffff,1.0,15000.0,1451.8,0,0,0,0,0,0
89424d064a3ffff,8429.0,13000.0,775.04,0,0,0,0,0,0
89424d064c3ffff,539.0,15000.0,1182.73,0,0,0,0,0,0
89424d06503ffff,23926.0,27200.0,54.05,1,3,3,1,12,0
89424d06507ffff,0.0,27200.0,65.55,8,7,4,0,31,0
89424d0650bffff,0.0,19800.0,97.09,1,1,3,1,15,0
89424d0650fffff,0.0,27200.0,139.94,4,5,3,1,27,0
89424d06513ffff,0.0,60000.0,85.25,1,1,0,0,4,0
89424d06517ffff,0.0,27200.0,130.44,3,4,2,0,17,0
89424d06523ffff,20441.0,27200.0,241.31,10,12,5,4,44,0
89424d06527ffff,0.0,14000.0,35.52,15,13,17,4,53,0
89424d0652bffff,0.0,24366.666666666668,123.01,5,15,5,4,46,0
89424d0652fffff,0.0,24000.0,40.94,10,16,15,4,46,0
89424d06533ffff,0.0,27200.0,77.78,10,11,5,4,41,0
89424d06537ffff,0.0,22142.85714285714,210.55,13,13,5,5,45,0
89424d0653bffff,0.0,27200.0,76.17,9,11,5,2,40,0
89424d06543ffff,24528.0,60000.0,52.35,0,0,0,1,7,0
89424d06547ffff,0.0,19800.0,125.7,1,0,1,1,12,0
89424d0654bffff,0.0,21600.0,159.38,1,0,1,1,7,0
89424d0654fffff,0.0,19800.0,147.11,0,0,0,1,10,0
89424d06557ffff,0.0,60000.0,11.4,1,1,0,1,6,0
89424d0655bffff,0.0,21600.0,133.77,0,0,1,1,5,0
89424d06563ffff,21869.0,24366.666666666668,113.67,2,5,4,4,21,0
89424d06567ffff,0.0,24366.666666666668,108.83,2,11,4,4,29,0
89424d0656bffff,0.0,22666.666666666668,163.17,1,5,3,4,16,0
89424d0656fffff,0.0,24366.666666666668,45.23,2,7,4,4,23,0
89424d06573ffff,0.0,27200.0,71.58,1,2,3,1,19,0
89424d06577ffff,0.0,24366.666666666668,45.53,3,7,4,1,32,0
89424d0657bffff,0.0,22666.666666666668,156.2,1,1,3,1,16,0
89424d06583ffff,22437.0,60000.0,255.51,1,1,0,0,1,0
89424d06587ffff,0.0,22142.85714285714,77.42,1,2,0,0,2,0
89424d0658bffff,0.0,60000.0,99.28,1,1,0,0,2,0
89424d0658fffff,0.0,27200.0,73.07,1,1,0,0,3,0
89424d06597ffff,0.0,22142.85714285714,99.79,1,1,0,0,1,0
89424d065a3ffff,25923.0,22142.85714285714,31.89,9,6,1,2,34,0
89424d065a7ffff,0.0,22142.85714285714,197.76,11,7,1,3,35,0
89424d065abffff,0.0,27200.0,90.45,10,8,3,2,36,1
89424d065afffff,0.0,22142.85714285714,239.32,13,9,3,5,41,0
89424d065b3ffff,0.0,22142.85714285714,121.07,5,3,0,2,10,0
89424d065b7ffff,0.0,22142.85714285714,72.64,9,5,0,3,28,0
89424d065bbffff,0.0,27200.0,35.25,6,3,0,0,18,0
89424d065c3ffff,21961.0,60000.0,146.57,1,1,0,1,3,0
89424d065c7ffff,0.0,60000.0,148.14,1,1,0,1,3,0
89424d065cfffff,0.0,60000.0,125.99,1,1,0,1,4,0
89424d065d7ffff,0.0,60000.0,38.37,1,1,0,0,1,0
89424d06603ffff,16986.0,56777.77777777778,50.91,0,0,0,0,0,0
89424d06607ffff,0.0,20000.0,134.69,0,0,0,0,0,0
89424d0660bffff,0.0,56777.77777777778,93.17,0,0,0,0,0,0
89424d0660fffff,0.0,20000.0,128.15,0,0,0,0,0,0
89424d06613ffff,0.0,56777.77777777778,128.42,0,0,0,2,0,0
89424d06617ffff,0.0,56777.77777777778,113.34,0,0,0,0,0,0
89424d0661bffff,0.0,56777.77777777778,138.89,0,0,0,0,0,0
89424d06623ffff,23356.0,29333.333333333332,198.6,1,0,0,1,1,0
89424d0662bffff,0.0,29333.333333333332,48.4,1,0,0,1,1,0
89424d0662fffff,0.0,29333.333333333332,168.97,1,0,0,1,1,0
89424d06633ffff,0.0,20000.0,155.22,1,0,0,1,0,0
89424d0663bffff,0.0,29333.333333333332,91.71,1,0,0,1,0,0
89424d06643ffff,18666.0,56777.77777777778,445.09,0,0,0,0,0,0
89424d06657ffff,0.0,56777.77777777778,110.3,0,0,0,0,0,0
89424d06663ffff,22722.0,29333.333333333332,176.17,1,0,0,0,0,0
89424d06667ffff,0.0,29333.333333333332,91.01,1,0,0,0,1,0
89424d0666fffff,0.0,29333.333333333332,85.77,1,0,0,0,3,0
89424d06683ffff,16447.0,56777.77777777778,303.72,0,0,0,2,0,0
89424d0668bffff,0.0,56777.77777777778,166.39,0,0,0,2,0,0
89424d06693ffff,0.0,56777.77777777778,108.5,0,0,0,2,0,1
89424d0669bffff,0.0,56777.77777777778,174.76,0,0,0,2,0,0
89424d066a3ffff,23198.0,20000.0,73.96,1,0,0,1,0,0
89424d066a7ffff,0.0,20000.0,70.56,1,0,1,2,1,0
89424d066afffff,0.0,20000.0,58.77,1,0,0,1,0,0
89424d066b7ffff,0.0,20000.0,122.28,1,0,0,0,0,0
89424d066c3ffff,15655.0,56777.77777777778,612.44,0,0,0,0,0,0
89424d06803ffff,7229.0,21500.0,95.89,1,1,2,2,14,1
89424d0680bffff,0.0,85666.66666666667,22.2,1,1,2,3,16,0
89424d0680fffff,0.0,21500.0,114.22,2,2,2,2,14,0
89424d06817ffff,0.0,21500.0,137.56,1,1,2,2,12,0
89424d0681bffff,0.0,65000.0,23.58,0,1,2,3,16,0
89424d06823ffff,9794.0,21500.0,463.87,2,2,0,2,8,0
89424d06833ffff,0.0,21500.0,189.85,2,2,0,3,9,0
89424d06837ffff,0.0,21500.0,177.91,2,1,1,3,7,0
89424d0683bffff,0.0,21500.0,267.93,2,2,1,2,9,0
89424d06843ffff,12774.0,65000.0,320.75,0,0,6,4,15,0
89424d06847ffff,0.0,26000.0,237.41,0,1,2,3,15,0
89424d0684bffff,0.0,287954.54545454547,106.79,0,0,6,16,10,0
89424d0684fffff,0.0,26000.0,45.15,0,0,6,6,13,0
89424d06853ffff,0.0,33312.5,37.31,0,2,2,3,16,0
89424d06857ffff,0.0,65000.0,183.66,0,0,2,3,16,0
89424d0685bffff,0.0,287954.54545454547,208.94,0,2,6,16,12,0
89424d06863ffff,11749.0,85666.66666666667,280.8,2,2,8,3,19,0
89424d06867ffff,0.0,85666.66666666667,266.45,3,2,6,4,17,0
89424d06873ffff,0.0,85666.66666666667,107.77,2,2,2,2,14,0
89424d06877ffff,0.0,21500.0,134.09,3,2,1,3,10,0
89424d0687bffff,0.0,85666.66666666667,179.88,0,2,7,2,15,0
89424d06883ffff,7937.0,25500.0,438.25,0,0,0,1,7,0
89424d0688bffff,0.0,25500.0,181.14,0,0,1,2,13,0
89424d06893ffff,0.0,25500.0,331.04,0,0,0,1,7,0
89424d0689bffff,0.0,25500.0,83.84,0,0,0,1,9,0
89424d068a3ffff,10063.0,32937.5,381.7,1,0,1,1,1,0
89424d068abffff,0.0,21500.0,86.04,1,1,1,3,10,0
89424d068afffff,0.0,21500.0,113.65,1,1,1,1,2,0
89424d068c3ffff,9355.0,33312.5,312.98,0,2,1,2,13,0
89424d068c7ffff,0.0,65000.0,197.69,0,1,2,3,15,0
89424d068cbffff,0.0,33312.5,305.9,0,2,1,2,12,0
89424d068cfffff,0.0,33312.5,141.81,0,2,2,3,15,0
89424d068d3ffff,0.0,38285.71428571428,134.37,0,3,1,1,14,0
89424d068dbffff,0.0,38285.71428571428,225.4,0,3,2,1,10,0
89424d06903ffff,14923.0,21250.0,149.0,0,0,0,3,14,0
89424d06907ffff,0.0,23000.0,121.74,0,0,0,3,13,0
89424d0690fffff,0.0,24500.0,211.64,0,0,0,3,13,0
89424d06913ffff,0.0,21250.0,174.34,0,0,1,3,19,0
89424d06917ffff,0.0,21250.0,143.49,0,0,1,3,16,0
89424d0691bffff,0.0,21250.0,29.04,0,0,0,4,15,0
89424d06923ffff,13629.0,24500.0,240.67,0,0,0,1,5,0
89424d06927ffff,0.0,19823.529411764706,62.39,0,0,0,0,2,0
89424d0692bffff,0.0,24500.0,90.09,0,0,0,0,6,0
89424d0692fffff,0.0,30300.0,89.15,0,0,0,0,4,0
89424d06933ffff,0.0,23000.0,135.9,0,0,0,1,4,0
89424d06937ffff,0.0,16000.0,132.81,0,0,0,1,3,0
89424d0693bffff,0.0,24500.0,147.07,0,0,0,1,9,0
89424d06943ffff,12652.0,40250.0,146.06,0,0,0,2,9,0
89424d06947ffff,0.0,40250.0,136.24,0,0,0,4,13,0
89424d0694bffff,0.0,40250.0,142.02,3,1,0,3,10,0
89424d06953ffff,0.0,21500.0,154.11,1,0,0,4,10,0
89424d0695bffff,0.0,21500.0,177.32,1,1,0,3,10,0
89424d06963ffff,11650.0,40250.0,78.86,0,1,0,0,5,0
89424d06973ffff,0.0,40250.0,187.2,0,0,0,2,12,0
89424d06983ffff,17097.0,21250.0,79.67,0,1,5,3,21,0
89424d06987ffff,0.0,21250.0,46.48,0,0,5,2,14,0
89424d0698bffff,0.0,21250.0,191.31,0,0,6,4,19,0
89424d0698fffff,0.0,21250.0,122.03,0,0,5,3,22,0
89424d06993ffff,0.0,21250.0,141.31,0,1,6,1,12,0
89424d06997ffff,0.0,21250.0,52.58,0,1,5,2,13,0
89424d0699bffff,0.0,21250.0,228.19,0,1,6,3,19,0
89424d069a3ffff,16927.0,23000.0,34.42,0,0,0,1,5,0
89424d069abffff,0.0,23000.0,105.76,0,0,0,2,12,0
89424d069b3ffff,0.0,21250.0,54.97,0,0,5,1,11,0
89424d069bbffff,0.0,21250.0,153.8,0,0,5,2,18,0
89424d069c3ffff,12871.0,13000.0,171.63,1,0,1,3,13,0
89424d069c7ffff,0.0,21250.0,99.45,0,0,1,4,17,1
89424d069cbffff,0.0,21500.0,142.51,1,0,1,4,11,0
89424d069cfffff,0.0,21250.0,50.38,0,0,1,5,14,1
89424d069d7ffff,0.0,13000.0,181.69,0,1,3,4,16,0
89424d069dbffff,0.0,21500.0,170.68,1,0,1,3,7,0
89424d06a03ffff,9306.0,37186.4406779661,228.92,2,1,8,19,8,0
89424d06a07ffff,0.0,26000.0,125.62,0,0,8,20,6,1
89424d06a0bffff,0.0,37186.4406779661,102.02,2,1,5,17,9,0
89424d06a0fffff,0.0,37186.4406779661,225.21,0,0,4,9,5,0
89424d06a17ffff,0.0,26000.0,250.0,1,0,8,19,9,0
89424d06a1bffff,0.0,37186.4406779661,64.89,3,1,8,21,12,0
89424d06a23ffff,11479.0,26000.0,119.6,0,1,12,8,10,0
89424d06a2bffff,0.0,37186.4406779661,42.91,0,1,5,8,6,0
89424d06a2fffff,0.0,26000.0,111.38,0,1,6,8,11,0
89424d06a33ffff,0.0,26000.0,255.09,0,0,12,5,7,0
89424d06a37ffff,0.0,26000.0,105.72,1,1,13,6,11,0
89424d06a3bffff,0.0,26000.0,85.08,0,0,5,5,7,1
89424d06a43ffff,14411.0,37186.4406779661,176.21,2,1,4,25,54,1
89424d06a47ffff,0.0,37186.4406779661,133.89,1,1,5,12,28,0
89424d06a4bffff,0.0,37186.4406779661,228.4,3,1,3,26,63,1
89424d06a4fffff,0.0,37186.4406779661,139.65,1,1,4,14,40,1
89424d06a53ffff,0.0,37186.4406779661,204.21,3,1,3,23,52,1
89424d06a57ffff,0.0,37186.4406779661,199.05,3,1,5,19,39,1
89424d06a5bffff,0.0,301219.0542420028,152.35,2,1,3,28,65,1
89424d06a63ffff,14899.0,37186.4406779661,94.94,0,0,2,4,4,0
89424d06a67ffff,0.0,37186.4406779661,16.48,0,0,3,5,6,0
89424d06a6fffff,0.0,37186.4406779661,74.62,0,0,0,2,4,0
89424d06a73ffff,0.0,37186.4406779661,49.29,0,1,3,4,6,0
89424d06a83ffff,6350.0,61364.28571428572,10.81,2,0,4,16,11,1
89424d06a87ffff,0.0,287954.54545454547,230.88,0,0,5,14,9,0
89424d06a8fffff,0.0,287954.54545454547,98.79,2,0,7,17,10,0
89424d06a93ffff,0.0,61364.28571428572,257.25,2,1,5,16,10,0
89424d06a97ffff,0.0,287954.54545454547,87.23,1,0,4,15,9,0
89424d06a9bffff,0.0,61364.28571428572,188.2,2,1,5,16,12,0
89424d06aa3ffff,10356.0,26000.0,343.43,0,0,16,19,10,0
89424d06aafffff,0.0,26000.0,151.85,0,0,14,5,7,0
89424d06ab3ffff,0.0,26000.0,107.09,0,0,11,15,8,0
89424d06ac3ffff,7230.0,61364.28571428572,251.81,4,1,2,27,30,0
89424d06ac7ffff,0.0,61364.28571428572,16.46,3,1,8,20,16,1
89424d06acbffff,0.0,301219.0542420028,122.7,5,1,3,18,38,1
89424d06acfffff,0.0,37186.4406779661,105.61,4,1,3,29,33,0
89424d06ad3ffff,0.0,91111.11111111111,96.25,5,2,2,15,21,0
89424d06ad7ffff,0.0,61364.28571428572,48.0,3,2,6,17,16,0
89424d06adbffff,0.0,165189.1891891892,91.61,5,1,2,15,34,0
89424d06b03ffff,12383.0,40250.0,418.67,3,1,1,2,17,0
89424d06b0bffff,0.0,40250.0,101.02,2,2,3,1,15,0
89424d06b17ffff,0.0,40250.0,302.07,3,0,0,2,15,0
89424d06b1bffff,0.0,85666.66666666667,81.62,3,2,9,2,22,1
89424d06b23ffff,5373.0,40250.0,235.25,0,0,2,1,2,0
89424d06b27ffff,0.0,25714.285714285714,134.36,0,1,2,1,3,0
89424d06b2fffff,0.0,25714.285714285714,334.92,0,0,2,4,2,0
89424d06b37ffff,0.0,40250.0,24.69,0,1,2,1,2,0
89424d06b43ffff,13165.0,79471.81628392484,408.18,1,2,4,3,12,0
89424d06b4bffff,0.0,79471.81628392484,53.53,0,2,0,4,11,1
89424d06b4fffff,0.0,79471.81628392484,225.19,0,2,0,4,10,0
89424d06b53ffff,0.0,26000.0,373.89,1,2,11,5,17,0
89424d06b57ffff,0.0,85666.66666666667,65.04,2,2,9,6,18,0
89424d06b63ffff,7987.0,79471.81628392484,566.05,0,1,1,4,3,0
89424d06b7bffff,0.0,79471.81628392484,413.81,0,2,0,7,8,0
89424d06b83ffff,15973.0,85666.66666666667,94.96,4,1,3,3,19,0
89424d06b87ffff,0.0,40250.0,38.9,3,1,0,3,14,1
89424d06b8bffff,0.0,85666.66666666667,301.5,4,1,9,3,22,1
89424d06b8fffff,0.0,40250.0,111.38,4,1,3,3,17,0
89424d06b93ffff,0.0,21500.0,74.46,3,2,2,3,16,0
89424d06b97ffff,0.0,21500.0,124.57,3,2,0,3,12,0
89424d06b9bffff,0.0,85666.66666666667,137.69,4,2,9,3,21,0
89424d06ba3ffff,14557.0,40250.0,33.63,1,0,0,1,7,0
89424d06bafffff,0.0,40250.0,132.44,0,1,0,1,5,0
89424d06bb3ffff,0.0,40250.0,172.17,1,0,0,3,8,0
89424d06bb7ffff,0.0,40250.0,32.61,0,0,0,1,6,0
89424d06bbbffff,0.0,40250.0,170.45,2,0,0,3,13,0
89424d06bc3ffff,15290.0,85666.66666666667,165.26,3,2,11,4,18,0
89424d06bc7ffff,0.0,85666.66666666667,208.44,3,1,10,4,22,0
89424d06bcbffff,0.0,26000.0,361.05,2,1,12,6,16,0
89424d06bcfffff,0.0,85666.66666666667,120.93,3,1,10,4,19,0
89424d06bd3ffff,0.0,85666.66666666667,251.49,3,1,12,4,17,0
89424d06bd7ffff,0.0,85666.66666666667,151.08,4,1,10,4,21,0
89424d06bdbffff,0.0,26000.0,111.22,2,0,13,5,14,1
89424d06c03ffff,12212.0,25000.0,274.95,9,3,10,5,25,0
89424d06c07ffff,0.0,25000.0,182.74,4,3,5,5,15,0
89424d06c0bffff,0.0,23166.666666666668,64.68,7,2,10,4,28,0
89424d06c0fffff,0.0,23166.666666666668,114.96,7,1,6,6,16,0
89424d06c13ffff,0.0,25000.0,154.29,9,4,13,3,51,0
89424d06c17ffff,0.0,25000.0,191.56,6,4,9,4,24,0
89424d06c1bffff,0.0,25000.0,194.12,9,4,11,4,43,0
89424d06c23ffff,9086.0,25500.0,272.14,0,1,0,6,7,0
89424d06c27ffff,0.0,32937.5,178.07,0,0,0,6,3,0
89424d06c2bffff,0.0,25500.0,190.07,0,1,0,5,10,0
89424d06c2fffff,0.0,25500.0,28.2,0,0,0,4,5,0
89424d06c33ffff,0.0,25000.0,150.35,0,1,0,6,9,0
89424d06c37ffff,0.0,40000.0,172.14,0,0,0,6,5,0
89424d06c3bffff,0.0,25500.0,94.57,0,1,2,5,13,0
89424d06c43ffff,11919.0,50500.0,307.09,6,3,15,9,27,0
89424d06c47ffff,0.0,23166.666666666668,166.7,6,3,11,6,24,0
89424d06c4fffff,0.0,50500.0,177.48,6,3,11,8,19,1
89424d06c53ffff,0.0,25166.666666666668,67.58,6,2,15,14,41,1
89424d06c57ffff,0.0,23166.666666666668,28.01,7,2,13,6,39,0
89424d06c5bffff,0.0,43250.0,159.66,6,3,14,18,37,0
89424d06c63ffff,12676.0,38285.71428571428,72.68,2,2,1,3,14,0
89424d06c67ffff,0.0,25500.0,124.55,0,1,0,2,13,0
89424d06c6bffff,0.0,38285.71428571428,269.27,2,4,2,1,15,0
89424d06c73ffff,0.0,23166.666666666668,168.02,6,2,8,4,16,1
89424d06c77ffff,0.0,38285.71428571428,98.01,2,1,2,5,15,0
89424d06c83ffff,13361.0,25000.0,26.9,8,5,6,2,39,1
89424d06c87ffff,0.0,25000.0,90.62,5,3,6,3,26,1
89424d06c8bffff,0.0,25000.0,29.39,9,5,12,2,43,0
89424d06c8fffff,0.0,25000.0,14.95,7,3,7,3,30,0
89424d06c93ffff,0.0,20000.0,79.37,12,5,6,1,38,0
89424d06c97ffff,0.0,25000.0,49.03,12,4,5,1,36,1
89424d06c9bffff,0.0,42500.0,230.24,8,5,8,1,54,0
89424d06ca3ffff,10966.0,40000.0,379.85,2,2,5,5,23,0
89424d06ca7ffff,0.0,40000.0,167.43,0,1,3,10,3,0
89424d06cabffff,0.0,25000.0,355.98,3,3,6,6,16,0
89424d06cafffff,0.0,40000.0,277.43,0,0,1,7,4,0
89424d06cb7ffff,0.0,40000.0,171.19,0,2,5,6,17,0
89424d06cc3ffff,12896.0,25166.666666666668,120.43,9,5,13,3,40,0
89424d06cc7ffff,0.0,25166.666666666668,148.99,9,6,11,0,44,0
89424d06ccbffff,0.0,25166.666666666668,201.26,6,3,16,7,44,1
89424d06ccfffff,0.0,25166.666666666668,61.24,9,3,14,3,41,0
89424d06cd3ffff,0.0,42500.0,72.05,9,5,11,6,48,1
89424d06cd7ffff,0.0,25166.666666666668,84.41,9,7,9,1,52,0
89424d06cdbffff,0.0,42500.0,85.07,5,4,17,7,47,0
89424d06d03ffff,14069.0,30000.0,242.85,0,2,2,0,2,0
89424d06d13ffff,0.0,30000.0,143.51,0,1,2,5,3,0
89424d06d1bffff,0.0,23000.0,133.97,0,1,2,5,2,0
89424d06d23ffff,18758.0,13000.0,211.21,1,1,6,1,13,0
89424d06d27ffff,0.0,21250.0,149.1,1,1,8,1,10,0
89424d06d2bffff,0.0,13000.0,185.47,1,1,5,1,11,0
89424d06d2fffff,0.0,21250.0,191.78,1,1,6,1,12,0
89424d06d33ffff,0.0,28045.454545454544,95.23,1,1,4,1,5,0
89424d06d37ffff,0.0,28045.454545454544,186.57,1,2,6,1,8,0
89424d06d3bffff,0.0,13000.0,128.78,1,1,5,1,7,0
89424d06d43ffff,9257.0,32937.5,584.4,0,0,0,1,1,0
89424d06d63ffff,12065.0,13000.0,184.66,0,1,2,1,4,0
89424d06d67ffff,0.0,13000.0,86.34,0,1,6,1,12,0
89424d06d6bffff,0.0,13000.0,111.73,0,1,1,1,4,0
89424d06d6fffff,0.0,13000.0,55.3,0,1,4,3,11,0
89424d06d73ffff,0.0,13000.0,122.87,0,1,1,0,2,0
89424d06d77ffff,0.0,13000.0,196.16,0,1,5,0,4,0
89424d06d83ffff,17073.0,30000.0,34.07,0,2,2,5,3,0
89424d06d87ffff,0.0,30000.0,76.78,0,2,2,4,3,0
89424d06d8bffff,0.0,23000.0,335.49,0,1,2,5,3,0
89424d06d8fffff,0.0,30000.0,308.51,0,2,2,5,3,0
89424d06d93ffff,0.0,30000.0,200.46,0,1,2,5,4,0
89424d06d97ffff,0.0,30000.0,186.81,0,2,2,5,4,0
89424d06d9bffff,0.0,23000.0,337.21,0,1,2,6,3,0
89424d06da3ffff,20687.0,34600.0,398.75,1,1,1,1,3,0
89424d06dabffff,0.0,34600.0,262.68,1,1,2,1,3,0
89424d06dafffff,0.0,28045.454545454544,278.01,1,1,1,1,4,0
89424d06db3ffff,0.0,34600.0,183.2,1,1,0,0,3,0
89424d06db7ffff,0.0,34600.0,99.4,1,2,1,1,2,0
89424d06dbbffff,0.0,34600.0,61.43,1,2,2,2,3,0
89424d06dc3ffff,11895.0,23000.0,219.31,0,1,2,7,2,0
89424d06dc7ffff,0.0,23000.0,145.22,0,1,2,6,2,0
89424d06dd7ffff,0.0,23000.0,327.92,0,1,2,7,3,0
89424d06ddbffff,0.0,40000.0,118.13,0,1,2,11,2,0
89424d06e03ffff,4445.0,60000.0,611.89,2,4,8,10,16,0
89424d06e0bffff,0.0,91111.11111111111,254.33,2,2,7,5,18,0
89424d06e0fffff,0.0,60000.0,561.5,2,3,8,4,17,0
89424d06e17ffff,0.0,8500.0,458.88,1,5,7,14,10,0
89424d06e1bffff,0.0,44000.0,315.64,2,5,7,11,18,0
89424d06e23ffff,5887.0,61364.28571428572,178.52,0,2,4,3,5,0
89424d06e27ffff,0.0,61364.28571428572,155.51,0,2,3,1,8,0
89424d06e2fffff,0.0,61364.28571428572,18.38,0,2,4,15,7,0
89424d06e43ffff,11650.0,227480.0,175.91,2,3,5,6,21,0
89424d06e47ffff,0.0,91111.11111111111,57.61,2,3,6,6,23,1
89424d06e4fffff,0.0,91111.11111111111,207.85,2,3,5,5,22,0
89424d06e53ffff,0.0,227480.0,64.58,3,4,4,6,20,1
89424d06e57ffff,0.0,44000.0,292.5,2,4,7,6,21,0
89424d06e5bffff,0.0,227480.0,80.65,1,3,4,4,20,0
89424d06e63ffff,8671.0,60000.0,162.34,2,1,6,3,15,0
89424d06e67ffff,0.0,61364.28571428572,90.22,2,1,7,17,14,0
89424d06e6bffff,0.0,91111.11111111111,67.96,3,1,4,4,18,1
89424d06e6fffff,0.0,60000.0,158.94,2,1,5,17,16,0
89424d06e73ffff,0.0,60000.0,278.38,2,2,7,4,19,0
89424d06e7bffff,0.0,91111.11111111111,43.36,3,1,6,5,18,0
89424d06e83ffff,5349.0,8500.0,238.83,1,8,8,17,12,0
89424d06e87ffff,0.0,8500.0,36.68,4,3,7,18,10,0
89424d06e8bffff,0.0,30000.0,76.53,1,6,6,20,10,0
89424d06e8fffff,0.0,8500.0,113.32,1,4,5,19,10,0
89424d06e93ffff,0.0,43250.0,161.96,2,9,7,19,21,0
89424d06e97ffff,0.0,43250.0,105.49,3,3,14,18,25,0
89424d06e9bffff,0.0,30000.0,110.49,1,9,5,17,13,0
89424d06ea3ffff,8963.0,50500.0,140.94,0,3,3,9,7,0
89424d06eabffff,0.0,8500.0,253.46,0,3,4,10,4,1
89424d06eafffff,0.0,38285.71428571428,126.8,0,3,3,2,5,0
89424d06eb3ffff,0.0,50500.0,173.59,3,4,7,13,11,1
89424d06eb7ffff,0.0,50500.0,181.53,3,4,3,7,13,0
89424d06ebbffff,0.0,8500.0,370.89,1,4,4,15,7,0
89424d06ec3ffff,14728.0,30000.0,83.49,3,6,4,9,16,0
89424d06ec7ffff,0.0,44000.0,51.76,3,4,6,15,12,0
89424d06ecfffff,0.0,227480.0,45.29,3,5,6,6,20,1
89424d06ed3ffff,0.0,30200.0,103.68,3,7,0,13,19,0
89424d06ed7ffff,0.0,30000.0,117.14,3,6,2,17,16,0
89424d06edbffff,0.0,30200.0,127.75,3,6,1,4,21,0
89424d07003ffff,24751.0,26857.14285714286,106.02,0,0,1,1,3,0
89424d07007ffff,0.0,26857.14285714286,182.55,0,0,1,1,3,0
89424d0700bffff,0.0,25000.0,153.88,0,0,1,1,3,0
89424d07023ffff,22405.0,25000.0,103.65,0,0,1,2,5,0
89424d07027ffff,0.0,25000.0,64.73,0,0,1,2,4,0
89424d0702bffff,0.0,37369.04761904762,107.15,0,0,1,1,4,0
89424d0702fffff,0.0,25000.0,77.15,0,0,0,1,2,0
89424d07033ffff,0.0,18833.333333333332,128.48,0,0,1,2,7,0
89424d07037ffff,0.0,25000.0,117.9,0,0,1,2,11,0
89424d0703bffff,0.0,26857.14285714286,283.01,0,0,1,1,3,0
89424d07043ffff,16352.0,25000.0,149.04,0,0,0,0,0,0
89424d0704fffff,0.0,25000.0,171.15,0,0,0,0,1,0
89424d0705bffff,0.0,71443.54838709677,124.14,0,0,0,0,0,0
89424d07063ffff,19046.0,25000.0,611.34,0,0,0,2,3,0
89424d07067ffff,0.0,37369.04761904762,412.42,0,0,0,2,2,0
89424d07077ffff,0.0,26857.14285714286,389.53,0,0,1,1,3,0
89424d0707bffff,0.0,25000.0,258.2,0,0,0,1,2,0
89424d07083ffff,17430.0,35000.0,282.69,0,0,1,1,3,0
89424d07087ffff,0.0,35000.0,192.26,0,0,1,1,4,0
89424d07093ffff,0.0,35000.0,87.5,0,0,0,0,1,0
89424d070a3ffff,22848.0,18833.333333333332,346.49,0,0,1,2,8,0
89424d070a7ffff,0.0,15111.111111111111,127.12,0,0,1,2,10,0
89424d070abffff,0.0,18833.333333333332,116.08,0,0,1,3,7,0
89424d070b3ffff,0.0,35000.0,195.95,0,0,1,2,7,0
89424d070b7ffff,0.0,38076.92307692308,229.76,0,0,1,2,9,0
89424d070bbffff,0.0,35000.0,144.01,0,0,1,2,6,0
89424d070c3ffff,16163.0,21000.0,956.39,0,0,0,0,1,0
89424d070cbffff,0.0,20000.0,695.72,0,0,0,0,1,0
89424d070d3ffff,0.0,23000.0,896.4,0,0,0,0,1,0
89424d07103ffff,11747.0,56818.50533807829,51.35,1,0,0,1,4,0
89424d07107ffff,0.0,41163.63636363636,100.15,1,0,0,2,3,0
89424d07113ffff,0.0,56818.50533807829,34.79,1,0,0,1,5,0
89424d0711bffff,0.0,56818.50533807829,107.59,1,0,0,1,4,0
89424d07123ffff,3273.0,41163.63636363636,498.45,0,2,0,1,5,0
89424d07137ffff,0.0,41163.63636363636,414.17,0,1,0,2,6,0
89424d07143ffff,5555.0,211555.55555555556,554.86,1,0,0,1,1,0
89424d0715bffff,0.0,25000.0,198.88,0,0,0,2,2,1
89424d07163ffff,2272.0,211555.55555555556,317.4,0,2,1,0,1,0
89424d0716fffff,0.0,91950.0,434.77,0,4,2,1,2,0
89424d0717bffff,0.0,211555.55555555556,36.26,0,2,2,0,1,0
89424d07183ffff,22975.0,56818.50533807829,133.08,1,0,0,2,6,0
89424d07187ffff,0.0,56818.50533807829,131.16,1,0,0,2,5,0
89424d0718bffff,0.0,56818.50533807829,181.6,1,0,0,1,6,0
89424d07193ffff,0.0,17000.0,102.09,1,0,0,2,5,0
89424d0719bffff,0.0,17000.0,87.06,1,0,0,2,8,0
89424d071a3ffff,14781.0,56818.50533807829,173.69,0,0,0,3,10,0
89424d071abffff,0.0,56818.50533807829,20.3,1,0,0,2,5,0
89424d071b3ffff,0.0,56818.50533807829,166.15,0,0,1,6,9,0
89424d071b7ffff,0.0,56818.50533807829,183.03,0,0,1,6,14,0
89424d071bbffff,0.0,56818.50533807829,192.34,1,0,0,2,4,0
89424d071c3ffff,21454.0,15111.111111111111,114.2,1,0,0,2,8,0
89424d071c7ffff,0.0,15111.111111111111,186.63,1,0,0,2,7,0
89424d071cbffff,0.0,25000.0,37.61,1,0,0,1,7,1
89424d071cfffff,0.0,25000.0,66.1,1,0,0,2,6,0
89424d071d3ffff,0.0,15111.111111111111,147.34,1,0,0,3,8,0
89424d071d7ffff,0.0,15111.111111111111,108.63,1,0,0,2,7,0
89424d071dbffff,0.0,15111.111111111111,42.95,0,0,1,2,9,0
89424d07203ffff,18951.0,71443.54838709677,166.36,2,0,0,6,17,0
89424d07207ffff,0.0,71443.54838709677,169.12,7,0,0,6,18,0
89424d0720bffff,0.0,31000.0,163.59,3,0,0,6,17,0
89424d07213ffff,0.0,71443.54838709677,271.45,1,0,0,2,7,0
89424d07217ffff,0.0,71443.54838709677,303.76,1,0,0,4,15,0
89424d0721bffff,0.0,40500.0,98.64,1,0,0,3,10,0
89424d07223ffff,23958.0,78379.86381322957,162.01,7,0,0,5,19,0
89424d07227ffff,0.0,78379.86381322957,145.45,7,0,0,4,19,1
89424d0722bffff,0.0,78379.86381322957,67.52,8,0,0,4,17,1
89424d0722fffff,0.0,78379.86381322957,192.63,7,0,0,5,17,0
89424d07233ffff,0.0,78379.86381322957,94.51,7,0,0,5,18,0
89424d0723bffff,0.0,78379.86381322957,78.88,8,0,0,5,19,0
89424d07243ffff,17873.0,31000.0,260.97,1,0,0,1,5,0
89424d0724bffff,0.0,39750.0,105.3,1,1,0,1,4,0
89424d0724fffff,0.0,31000.0,136.73,1,0,0,1,2,0
89424d07253ffff,0.0,40500.0,270.74,1,0,0,1,5,0
89424d07257ffff,0.0,40500.0,182.4,1,0,0,2,7,0
89424d07263ffff,9571.0,31000.0,389.24,8,0,0,4,11,0
89424d07267ffff,0.0,78379.86381322957,142.53,8,0,0,5,15,0
89424d0726bffff,0.0,34000.0,166.64,8,0,0,4,11,0
89424d07273ffff,0.0,31000.0,66.65,8,0,0,5,15,0
89424d07277ffff,0.0,78379.86381322957,328.41,8,0,0,5,18,1
89424d0727bffff,0.0,31000.0,101.34,8,0,0,4,12,0
89424d07283ffff,11979.0,42750.0,195.19,0,0,0,2,6,0
89424d07287ffff,0.0,71443.54838709677,174.13,0,0,0,2,5,0
89424d0728bffff,0.0,42750.0,152.25,0,0,0,2,9,0
89424d0728fffff,0.0,71443.54838709677,130.25,0,0,0,2,6,0
89424d07293ffff,0.0,42750.0,162.51,0,0,0,1,4,0
89424d07297ffff,0.0,71443.54838709677,123.57,0,0,0,2,4,0
89424d0729bffff,0.0,42750.0,115.23,0,0,0,1,4,0
89424d072a3ffff,11218.0,71443.54838709677,241.42,0,0,0,2,5,0
89424d072a7ffff,0.0,25000.0,173.2,0,0,0,2,6,0
89424d072abffff,0.0,71443.54838709677,85.09,1,0,0,6,16,0
89424d072afffff,0.0,25000.0,91.71,0,0,0,3,15,0
89424d072c3ffff,13120.0,52619.04761904762,223.17,0,0,0,2,9,0
89424d072c7ffff,0.0,52619.04761904762,208.26,0,0,0,3,9,0
89424d072cfffff,0.0,40500.0,156.53,1,0,0,2,7,1
89424d072d3ffff,0.0,52619.04761904762,66.83,0,0,1,2,6,0
89424d072d7ffff,0.0,52619.04761904762,48.82,0,0,0,1,6,0
89424d07303ffff,14406.0,50000.0,109.45,0,0,3,6,10,0
89424d07307ffff,0.0,211555.55555555556,126.62,0,0,5,5,7,0
89424d0730bffff,0.0,50000.0,164.59,0,0,3,5,11,1
89424d07313ffff,0.0,26375.0,168.95,0,0,3,5,9,0
89424d07317ffff,0.0,211555.55555555556,139.61,0,0,5,6,8,0
89424d0731bffff,0.0,26375.0,153.05,0,0,3,5,10,0
89424d07323ffff,16120.0,57500.0,468.02,0,2,5,7,15,0
89424d07327ffff,0.0,91950.0,264.37,1,4,5,9,20,0
89424d0732fffff,0.0,57500.0,330.38,1,4,4,6,20,0
89424d07333ffff,0.0,91950.0,118.68,0,1,7,9,15,0
89424d07337ffff,0.0,91950.0,199.22,0,2,7,6,14,0
89424d07343ffff,21454.0,78379.86381322957,234.97,0,0,1,1,9,0
89424d07347ffff,0.0,50000.0,119.45,0,2,1,1,7,0
89424d0734bffff,0.0,78379.86381322957,41.66,5,0,0,2,8,0
89424d0734fffff,0.0,50000.0,244.55,0,2,0,1,7,0
89424d07353ffff,0.0,78379.86381322957,88.99,0,0,1,1,9,0
89424d07357ffff,0.0,50000.0,223.87,0,0,1,3,10,0
89424d0735bffff,0.0,78379.86381322957,285.44,7,0,0,5,15,1
89424d07363ffff,20741.0,50000.0,314.77,0,2,0,2,8,0
89424d0736bffff,0.0,50000.0,75.23,0,2,0,3,11,0
89424d0736fffff,0.0,50000.0,160.51,0,2,0,2,13,0
89424d07373ffff,0.0,50000.0,399.85,0,2,1,2,6,0
89424d07377ffff,0.0,50000.0,135.74,0,2,1,3,7,0
89424d0737bffff,0.0,50000.0,41.34,0,2,1,1,5,0
89424d07383ffff,9404.0,26375.0,565.94,0,0,3,6,10,0
89424d0738bffff,0.0,26375.0,518.64,0,0,3,5,8,0
89424d073a3ffff,8719.0,211555.55555555556,420.01,0,2,5,5,6,0
89424d073a7ffff,0.0,211555.55555555556,67.1,0,3,7,7,6,0
89424d073abffff,0.0,211555.55555555556,112.15,0,0,6,5,7,0
89424d073afffff,0.0,211555.55555555556,123.21,0,2,7,8,12,0
89424d073bbffff,0.0,211555.55555555556,454.46,0,0,5,6,9,0
89424d073c3ffff,11567.0,26375.0,335.11,0,0,1,2,8,0
89424d073c7ffff,0.0,26375.0,255.29,0,0,3,5,9,0
89424d073cbffff,0.0,78379.86381322957,150.16,0,0,1,2,8,1
89424d073cfffff,0.0,26375.0,103.96,0,0,1,2,10,0
89424d073d7ffff,0.0,26375.0,539.99,0,0,1,5,6,1
89424d073dbffff,0.0,78379.86381322957,134.99,0,0,0,1,7,0
89424d07403ffff,5958.0,28437.5,894.02,0,0,0,0,0,0
89424d07423ffff,10743.0,28437.5,244.25,0,0,0,0,0,0
89424d07427ffff,0.0,28437.5,118.93,0,0,0,0,1,0
89424d0742bffff,0.0,28437.5,96.1,0,0,0,0,0,0
89424d07437ffff,0.0,28437.5,201.28,0,0,0,0,0,0
89424d07443ffff,3232.0,28900.0,1009.27,0,0,0,0,0,0
89424d07463ffff,14863.0,23000.0,605.37,0,0,0,0,1,0
89424d07483ffff,1.0,28437.5,1490.3,0,0,0,0,0,0
89424d074a3ffff,158.0,28437.5,554.42,0,0,0,0,0,0
89424d074afffff,0.0,28437.5,208.71,0,0,0,0,0,0
89424d074c3ffff,32.0,28900.0,1852.99,0,0,0,0,0,0
89424d07503ffff,22152.0,30000.0,199.21,0,0,0,1,1,0
89424d07507ffff,0.0,30000.0,16.63,0,0,0,2,1,0
89424d0750bffff,0.0,30000.0,91.72,0,0,0,2,2,0
89424d0750fffff,0.0,30000.0,85.04,0,0,0,2,2,0
89424d07513ffff,0.0,30000.0,85.97,0,0,0,1,0,0
89424d07517ffff,0.0,30000.0,172.68,0,0,0,2,1,0
89424d0751bffff,0.0,30000.0,175.28,0,0,0,0,0,0
89424d07523ffff,19236.0,43258.06451612903,270.08,0,0,0,2,2,0
89424d0752bffff,0.0,17000.0,173.42,0,0,0,3,5,0
89424d0752fffff,0.0,43258.06451612903,86.27,0,0,0,3,4,0
89424d07533ffff,0.0,43258.06451612903,91.82,0,0,0,2,2,0
89424d07537ffff,0.0,43258.06451612903,344.02,0,0,0,2,2,1
89424d0753bffff,0.0,17000.0,111.29,0,0,0,2,1,0
89424d07543ffff,21074.0,8000.0,546.81,0,0,0,1,2,0
89424d0754fffff,0.0,38076.92307692308,206.4,0,0,0,2,6,0
89424d07553ffff,0.0,8000.0,190.35,0,0,0,1,1,0
89424d07563ffff,23324.0,17000.0,212.27,0,0,0,2,7,0
89424d07567ffff,0.0,17000.0,22.24,0,0,0,2,7,0
89424d0756bffff,0.0,15111.111111111111,237.37,0,0,0,2,9,0
89424d07573ffff,0.0,38076.92307692308,137.71,0,0,0,2,5,0
89424d07577ffff,0.0,17000.0,36.79,0,0,0,2,4,0
89424d0757bffff,0.0,38076.92307692308,434.74,0,0,0,2,5,0
89424d07583ffff,11155.0,60000.0,344.38,0,0,0,0,0,0
89424d0758fffff,0.0,30000.0,164.45,0,0,0,1,0,0
89424d07597ffff,0.0,43258.06451612903,168.76,0,0,0,0,0,0
89424d075a3ffff,19553.0,43258.06451612903,160.32,0,0,0,2,2,0
89424d075a7ffff,0.0,43258.06451612903,99.22,0,0,0,2,2,0
89424d075abffff,0.0,43258.06451612903,142.92,0,0,0,2,2,0
89424d075afffff,0.0,43258.06451612903,25.54,0,0,0,2,2,1
89424d075b3ffff,0.0,43258.06451612903,16.86,0,0,0,1,1,0
89424d075c3ffff,7289.0,60000.0,450.92,0,0,0,0,0,0
89424d075cbffff,0.0,8000.0,169.18,0,0,0,0,0,0
89424d075cfffff,0.0,60000.0,173.49,0,0,0,0,0,0
89424d07603ffff,12771.0,12000.0,696.87,0,0,0,0,1,0
89424d07607ffff,0.0,12000.0,550.08,0,0,0,0,1,0
89424d0760fffff,0.0,12000.0,823.72,0,0,0,0,3,0
89424d07623ffff,5356.0,20000.0,548.88,0,0,0,0,4,0
89424d0762fffff,0.0,42750.0,197.74,0,0,0,0,3,0
89424d07643ffff,12359.0,12000.0,717.95,0,0,1,0,1,0
89424d07663ffff,11535.0,12000.0,321.58,0,0,0,0,4,0
89424d07667ffff,0.0,42750.0,141.43,0,0,0,1,4,0
89424d0766bffff,0.0,52619.04761904762,60.14,0,0,1,0,4,0
89424d07683ffff,3708.0,28900.0,734.64,0,0,0,0,0,0
89424d076a3ffff,12359.0,28900.0,298.93,0,0,0,0,2,0
89424d076bbffff,0.0,28900.0,97.74,0,0,0,0,1,0
89424d076c3ffff,2631.0,12000.0,1375.43,0,0,0,0,0,0
89424d0e487ffff,0.0,48562.5,140.97,0,0,0,0,0,0
89424d0e4a3ffff,11040.0,48562.5,211.3,0,0,0,1,0,0
89424d0e4b7ffff,0.0,48562.5,160.54,0,0,0,1,0,0
89424d0e503ffff,11113.0,66345.45454545454,285.9,0,0,0,0,0,0
89424d0e513ffff,0.0,66345.45454545454,52.16,1,0,0,1,0,0
89424d0e517ffff,0.0,66345.45454545454,38.1,0,0,0,1,1,0
89424d0e51bffff,0.0,66345.45454545454,19.7,0,0,0,0,0,0
89424d0e523ffff,8011.0,13000.0,489.17,0,0,0,1,1,0
89424d0e527ffff,0.0,13000.0,739.26,0,0,0,1,1,0
89424d0e533ffff,0.0,36750.0,126.69,0,0,0,1,1,0
89424d0e583ffff,17391.0,66345.45454545454,68.08,1,0,0,2,0,0
89424d0e587ffff,0.0,66345.45454545454,53.62,1,0,0,2,1,0
89424d0e58bffff,0.0,66345.45454545454,68.81,1,0,0,2,0,0
89424d0e597ffff,0.0,66345.45454545454,164.49,1,0,0,1,0,0
89424d0e59bffff,0.0,66345.45454545454,297.29,1,0,0,2,0,0
89424d0e5a3ffff,14899.0,36750.0,71.78,0,0,0,1,1,0
89424d0e5a7ffff,0.0,36842.342342342345,282.32,0,0,0,1,1,0
89424d0e5abffff,0.0,36750.0,180.3,0,0,0,1,1,0
89424d0e5afffff,0.0,36750.0,139.1,0,0,0,1,1,0
89424d0e5b3ffff,0.0,36842.342342342345,103.54,0,0,0,1,1,0
89424d0e5bbffff,0.0,36750.0,185.03,0,0,0,1,1,0
89424d0e5c3ffff,15216.0,66345.45454545454,97.67,1,0,0,2,0,0
89424d0e5d7ffff,0.0,66345.45454545454,102.13,1,0,0,2,0,0
89424d0e5dbffff,0.0,66345.45454545454,177.31,0,0,0,1,0,0
89424d0e927ffff,0.0,38000.0,144.53,0,0,0,0,0,0
89424d0e933ffff,0.0,38000.0,130.8,0,0,0,0,0,0
89424d0e983ffff,14532.0,38000.0,604.74,0,0,0,0,1,0
89424d0e987ffff,0.0,38000.0,380.16,0,0,0,0,0,0
89424d0e9a3ffff,8354.0,38000.0,373.78,0,0,0,0,0,0
89424d0e9a7ffff,0.0,38000.0,139.57,0,0,0,0,0,0
89424d0e9bbffff,0.0,38000.0,21.07,0,0,0,0,0,0
89424d0ec23ffff,4298.0,27000.0,423.09,0,0,0,0,0,0
89424d0ec27ffff,0.0,27000.0,152.55,0,0,0,0,0,0
89424d0ec83ffff,2076.0,32566.666666666668,766.43,0,0,0,0,0,0
89424d0eca3ffff,15827.0,40000.0,1026.12,0,0,0,0,0,0
89424d0ed03ffff,7230.0,27000.0,707.15,0,0,0,0,1,0
89424d0ed23ffff,14092.0,32387.09677419355,231.86,0,0,0,0,7,0
89424d0ed2bffff,0.0,32387.09677419355,143.49,0,0,0,0,7,0
89424d0ed37ffff,0.0,32387.09677419355,26.62,0,0,0,0,7,0
89424d0ed43ffff,5520.0,27000.0,503.32,0,0,0,0,0,0
89424d0ed53ffff,0.0,27000.0,180.05,0,0,0,0,0,0
89424d0ed63ffff,13361.0,38000.0,286.41,0,0,0,0,1,0
89424d0ed6fffff,0.0,38000.0,101.69,0,0,0,0,1,0
89424d0ed83ffff,13262.0,27000.0,20.09,0,0,0,0,2,0
89424d0ed8bffff,0.0,27000.0,93.75,0,0,0,0,1,0
89424d0ed93ffff,0.0,27000.0,171.93,0,0,0,0,1,0
89424d0ed97ffff,0.0,27000.0,78.7,0,0,0,0,2,0
89424d0ed9bffff,0.0,27000.0,211.97,0,0,0,0,1,0
89424d0eda3ffff,12432.0,32387.09677419355,557.77,0,0,0,2,7,0
89424d0edafffff,0.0,32387.09677419355,247.11,0,0,0,1,8,0
89424d0edbbffff,0.0,27000.0,525.44,0,0,0,0,7,0
89424d0edc3ffff,8280.0,27000.0,285.12,0,0,0,0,1,0
89424d0edc7ffff,0.0,27000.0,70.19,0,0,0,0,1,0
89424d0edcfffff,0.0,27000.0,168.8,0,0,0,0,1,0
89424d10023ffff,17.0,9500.0,1480.26,0,0,0,0,0,0
89424d10103ffff,33.0,9500.0,1906.37,0,0,0,0,0,0
89424d10123ffff,820.0,9500.0,1124.02,0,0,0,0,0,0
89424d10143ffff,251.0,9500.0,1765.49,0,0,0,0,0,0
89424d10163ffff,451.0,9500.0,1217.43,0,0,0,0,0,0
89424d10183ffff,17.0,9500.0,2189.55,0,0,0,0,0,0
89424d101c3ffff,167.0,9500.0,2378.71,0,0,0,0,0,0
89424d10303ffff,134.0,9500.0,1122.81,0,0,0,0,0,0
89424d10323ffff,100.0,9500.0,586.83,0,0,0,0,0,0
89424d10343ffff,452.0,35000.0,600.39,0,0,0,0,0,0
89424d10363ffff,552.0,9500.0,1521.69,0,0,0,0,0,0
89424d10383ffff,1170.0,9500.0,900.63,0,0,0,0,0,0
89424d103a3ffff,335.0,9500.0,903.17,0,0,0,0,0,0
89424d103c3ffff,251.0,9500.0,212.79,0,0,0,0,0,0
89424d103d3ffff,0.0,9500.0,164.09,0,0,0,0,0,0
89424d10523ffff,34.0,9500.0,2134.0,0,0,0,0,0,0
89424d10803ffff,16.0,9500.0,1422.24,0,0,0,0,0,0
89424d10823ffff,134.0,9500.0,906.84,0,0,0,0,0,0
89424d10843ffff,34.0,9500.0,944.86,0,0,0,0,0,0
89424d10863ffff,6.0,9500.0,1249.48,0,0,0,0,0,0
89424d10883ffff,335.0,9500.0,1526.13,0,0,0,0,0,0
89424d108a3ffff,1438.0,9500.0,755.03,0,0,0,0,0,0
89424d108c3ffff,686.0,9500.0,574.13,0,0,0,0,0,0
89424d10903ffff,50.0,9500.0,883.23,0,0,0,0,0,0
89424d10923ffff,920.0,9500.0,541.88,0,0,0,0,0,0
89424d10943ffff,67.0,9500.0,611.32,0,0,0,0,0,0
89424d10963ffff,284.0,9500.0,410.56,0,0,0,0,0,0
89424d10977ffff,0.0,9500.0,178.97,0,0,0,0,0,0
89424d10983ffff,2.0,9500.0,924.19,0,0,0,0,0,0
89424d109a3ffff,117.0,9500.0,1038.16,0,0,0,0,0,0
89424d109c3ffff,1204.0,9500.0,231.14,0,0,0,0,0,0
89424d109d3ffff,0.0,9500.0,137.71,0,0,0,0,0,0
89424d10a03ffff,1.0,9500.0,457.71,0,0,0,0,0,0
89424d10a0bffff,0.0,9500.0,118.09,0,0,0,0,0,0
89424d10a23ffff,3.0,9500.0,855.36,0,0,0,0,0,0
89424d10a43ffff,7.0,9500.0,506.94,0,0,0,0,0,0
89424d10a63ffff,16.0,9500.0,748.18,0,0,0,0,0,0
89424d10a83ffff,1.0,9500.0,1262.78,0,0,0,0,0,0
89424d10aa3ffff,67.0,9500.0,1318.53,0,0,0,0,0,0
89424d10ac3ffff,819.0,9500.0,925.55,0,0,0,0,0,0
89424d10b03ffff,285.0,9500.0,61.87,0,0,0,0,0,0
89424d10b07ffff,0.0,9500.0,124.49,0,0,0,0,0,0
89424d10b0bffff,0.0,9500.0,164.27,0,0,0,0,0,0
89424d10b17ffff,0.0,9500.0,168.11,0,0,0,0,0,0
89424d10b1bffff,0.0,9500.0,168.58,0,0,0,0,0,0
89424d10b23ffff,284.0,9500.0,458.95,0,0,0,0,0,0
89424d10b33ffff,0.0,9500.0,95.87,0,0,0,0,0,0
89424d10b43ffff,669.0,9500.0,453.68,0,0,0,0,0,0
89424d10b53ffff,0.0,9500.0,171.11,0,0,0,0,0,0
89424d10b57ffff,0.0,9500.0,170.26,0,0,0,0,0,0
89424d10b63ffff,452.0,9500.0,311.3,0,0,0,0,0,0
89424d10b73ffff,0.0,9500.0,78.62,0,0,0,0,0,0
89424d10b7bffff,0.0,9500.0,120.76,0,0,0,0,0,0
89424d10b83ffff,3512.0,9500.0,357.18,0,0,0,0,0,0
89424d10b87ffff,0.0,9500.0,182.77,0,0,0,0,0,0
89424d10ba3ffff,234.0,9500.0,219.13,0,0,0,0,0,0
89424d10bafffff,0.0,9500.0,150.66,0,0,0,0,0,0
89424d10bc3ffff,786.0,9500.0,391.28,0,0,0,0,0,0
89424d10bcfffff,0.0,9500.0,171.47,0,0,0,0,0,0
89424d10c03ffff,184.0,9500.0,754.33,0,0,0,0,0,0
89424d10c23ffff,351.0,9500.0,1734.42,0,0,0,0,0,0
89424d10c43ffff,418.0,9500.0,476.34,0,0,0,0,0,0
89424d10c63ffff,67.0,9500.0,1002.95,0,0,0,0,0,0
89424d10c83ffff,2.0,9500.0,822.3,0,0,0,0,0,0
89424d10ca3ffff,33.0,9500.0,1467.84,0,0,0,0,0,0
89424d10cc7ffff,0.0,9500.0,143.63,0,0,0,0,0,0
89424d10d03ffff,285.0,9500.0,1594.16,0,0,0,0,0,0
89424d10d23ffff,100.0,9500.0,1486.03,0,0,0,0,0,0
89424d10d43ffff,1.0,9500.0,1464.79,0,0,0,0,0,0
89424d10d63ffff,669.0,9500.0,733.47,0,0,0,0,0,0
89424d10d83ffff,886.0,9500.0,931.66,0,0,0,0,0,0
89424d10da3ffff,519.0,9500.0,898.44,0,0,0,0,0,0
89424d10dc3ffff,1037.0,9500.0,1888.25,0,0,0,0,0,0
89424d10e03ffff,134.0,9500.0,1163.76,0,0,0,0,0,0
89424d10e23ffff,301.0,9500.0,402.8,0,0,0,0,0,0
89424d10e37ffff,0.0,9500.0,57.85,0,0,0,0,0,0
89424d10e43ffff,16.0,9500.0,793.86,0,0,0,0,0,0
89424d10e63ffff,552.0,9500.0,1351.47,0,0,0,0,0,0
89424d10e83ffff,435.0,9500.0,683.09,0,0,0,0,0,0
89424d10ea3ffff,101.0,9500.0,531.99,0,0,0,0,0,0
89424d10eb3ffff,0.0,9500.0,167.18,0,0,0,0,0,0
89424d10ec3ffff,200.0,9500.0,376.01,0,0,0,0,0,0
89424d10ecbffff,0.0,9500.0,76.27,0,0,0,0,0,0
89424d11803ffff,67.0,35000.0,796.98,0,0,0,0,0,0
89424d11823ffff,284.0,35000.0,122.18,0,0,0,0,0,0
89424d1182bffff,0.0,35000.0,92.38,0,0,0,0,0,0
89424d11843ffff,1488.0,35000.0,192.16,0,0,0,0,0,0
89424d11847ffff,0.0,35000.0,183.04,0,0,0,0,0,0
89424d11863ffff,51.0,35000.0,639.94,0,0,0,0,0,0
89424d11883ffff,16.0,35000.0,1493.68,0,0,0,0,0,0
89424d118a3ffff,134.0,35000.0,910.68,0,0,0,0,0,0
89424d118c3ffff,218.0,35000.0,611.59,0,0,0,0,0,0
89424d11903ffff,551.0,35000.0,374.81,0,0,0,0,0,0
89424d1190bffff,0.0,35000.0,17.0,0,0,0,0,0,0
89424d11923ffff,17.0,35000.0,734.75,0,0,0,0,0,0
89424d11943ffff,853.0,35000.0,528.67,0,0,0,0,0,0
89424d11963ffff,669.0,35000.0,289.5,0,0,0,0,0,0
89424d11967ffff,0.0,35000.0,182.75,0,0,0,0,0,0
89424d11977ffff,0.0,35000.0,106.75,0,0,0,0,0,0
89424d11983ffff,2.0,35000.0,1163.64,0,0,0,0,0,0
89424d119a3ffff,954.0,35000.0,1211.12,0,0,0,0,0,0
89424d119c3ffff,334.0,35000.0,293.26,0,0,0,0,0,0
89424d119cfffff,0.0,35000.0,183.15,0,0,0,0,0,0
89424d11a03ffff,268.0,35000.0,1145.36,0,0,0,0,0,0
89424d11a23ffff,200.0,35000.0,392.61,0,0,0,0,0,0
89424d11a27ffff,0.0,35000.0,129.9,0,0,0,0,0,0
89424d11a43ffff,1389.0,35000.0,1099.59,0,0,0,0,0,0
89424d11a63ffff,1739.0,35000.0,1329.76,0,0,0,0,0,0
89424d11a83ffff,50.0,35000.0,1060.2,0,0,0,0,0,0
89424d11aa3ffff,34.0,35000.0,191.93,0,0,0,0,0,0
89424d11ab7ffff,0.0,35000.0,171.46,0,0,0,0,0,0
89424d11ac3ffff,317.0,35000.0,1408.47,0,0,0,0,0,0
89424d11b03ffff,418.0,35000.0,232.23,0,0,0,0,0,0
89424d11b17ffff,0.0,35000.0,135.62,0,0,0,0,0,0
89424d11b1bffff,0.0,35000.0,128.8,0,0,0,0,0,0
89424d11b23ffff,720.0,35000.0,375.26,0,0,0,0,0,0
89424d11b2bffff,0.0,35000.0,58.27,0,0,0,0,0,0
89424d11b2fffff,0.0,35000.0,91.89,0,0,0,0,0,0
89424d11b43ffff,3997.0,35000.0,224.22,0,0,0,0,0,0
89424d11b47ffff,0.0,35000.0,78.05,0,0,0,0,0,0
89424d11b4bffff,0.0,35000.0,148.89,0,0,0,0,0,0
89424d11b53ffff,0.0,35000.0,140.84,0,0,0,0,0,0
89424d11b57ffff,0.0,35000.0,76.89,0,0,0,0,0,0
89424d11b5bffff,0.0,35000.0,121.51,0,0,0,0,0,0
89424d11b63ffff,1773.0,35000.0,314.39,0,0,0,0,0,0
89424d11b77ffff,0.0,35000.0,170.67,0,0,0,0,0,0
89424d11b83ffff,234.0,35000.0,627.73,0,0,0,0,0,0
89424d11ba3ffff,1338.0,35000.0,762.26,0,0,0,0,0,0
89424d11bc3ffff,752.0,35000.0,607.57,0,0,0,0,0,0
89424d11c03ffff,502.0,35000.0,672.75,0,0,0,0,0,0
89424d11c23ffff,100.0,35000.0,1624.22,0,0,0,0,0,0
89424d11c43ffff,51.0,35000.0,256.45,0,0,0,0,0,0
89424d11c5bffff,0.0,35000.0,137.06,0,0,0,0,0,0
89424d11c63ffff,16.0,35000.0,1060.64,0,0,0,0,0,0
89424d11c83ffff,435.0,35000.0,500.48,0,0,0,0,0,0
89424d11c97ffff,0.0,35000.0,171.77,0,0,0,0,0,0
89424d11ca3ffff,34.0,35000.0,1115.26,0,0,0,0,0,0
89424d11cc3ffff,401.0,35000.0,433.39,0,0,0,0,0,0
89424d11cc7ffff,0.0,35000.0,131.5,0,0,0,0,0,0
89424d11d03ffff,1.0,35000.0,2201.12,0,0,0,0,0,0
89424d11d23ffff,1.0,35000.0,1368.35,0,0,0,0,0,0
89424d11d43ffff,251.0,35000.0,1863.31,0,0,0,0,0,0
89424d11d63ffff,17.0,35000.0,1245.48,0,0,0,0,0,0
89424d11d83ffff,317.0,9500.0,1304.75,0,0,0,0,0,0
89424d11da3ffff,586.0,9500.0,1717.01,0,0,0,0,0,0
89424d11dc3ffff,50.0,35000.0,2039.2,0,0,0,0,0,0
89424d11e03ffff,736.0,35000.0,687.73,0,0,0,0,0,0
89424d11e23ffff,167.0,35000.0,589.05,0,0,0,0,0,0
89424d11e43ffff,353.0,35000.0,426.55,0,0,0,0,0,0
89424d11e57ffff,0.0,35000.0,155.34,0,0,0,0,0,0
89424d11e63ffff,118.0,35000.0,1129.86,0,0,0,0,0,0
89424d11e83ffff,936.0,35000.0,229.09,0,0,0,0,0,0
89424d11e8fffff,0.0,35000.0,198.47,0,0,0,0,0,0
89424d11ea3ffff,987.0,35000.0,478.51,0,0,0,0,0,0
89424d11eafffff,0.0,35000.0,136.08,0,0,0,0,0,0
89424d12843ffff,50.0,9500.0,1035.73,0,0,0,0,0,0
89424d12863ffff,619.0,9500.0,1351.39,0,0,0,0,0,0
89424d12883ffff,1.0,9500.0,2676.36,0,0,0,0,0,0
89424d128a3ffff,50.0,9500.0,2686.76,0,0,0,0,0,0
89424d128c3ffff,2.0,9500.0,1946.0,0,0,0,0,0,0
89424d12903ffff,150.0,9500.0,873.82,0,0,0,0,0,0
89424d12923ffff,34.0,9500.0,412.54,0,0,0,0,0,0
89424d1292bffff,0.0,9500.0,70.51,0,0,0,0,0,0
89424d12943ffff,3010.0,9500.0,1272.41,0,0,0,0,0,0
89424d12963ffff,652.0,9500.0,616.27,0,0,0,0,0,0
89424d12983ffff,101.0,9500.0,1033.15,0,0,0,0,0,0
89424d129a3ffff,451.0,9500.0,221.2,0,0,0,0,0,0
89424d129afffff,0.0,9500.0,110.09,0,0,0,0,0,0
89424d129b7ffff,0.0,9500.0,139.49,0,0,0,0,0,0
89424d12a03ffff,134.0,9500.0,622.89,0,0,0,0,0,0
89424d12a23ffff,17.0,9500.0,1067.6,0,0,0,0,0,0
89424d12a63ffff,1538.0,9500.0,1059.17,0,0,0,0,0,0
89424d12a83ffff,1138.0,9500.0,632.74,0,0,0,0,0,0
89424d12aa3ffff,49.0,9500.0,436.5,0,0,0,0,0,0
89424d12abbffff,0.0,9500.0,96.75,0,0,0,0,0,0
89424d12ac3ffff,1.0,9500.0,1249.36,0,0,0,0,0,0
89424d12b03ffff,117.0,9500.0,1087.28,0,0,0,0,0,0
89424d12b23ffff,34.0,9500.0,702.7,0,0,0,0,0,0
89424d12b43ffff,17.0,9500.0,1769.59,0,0,0,0,0,0
89424d12b63ffff,384.0,9500.0,1550.85,0,0,0,0,0,0
89424d12b83ffff,34.0,9500.0,1338.2,0,0,0,0,0,0
89424d12ba3ffff,2.0,9500.0,374.84,0,0,0,0,0,0
89424d12bafffff,0.0,9500.0,123.44,0,0,0,0,0,0
89424d12bc3ffff,937.0,9500.0,1380.47,0,0,0,0,0,0
89424d12c23ffff,1031.0,9500.0,1996.08,0,0,0,0,0,0
89424d12c63ffff,865.0,9500.0,2852.59,0,0,0,0,0,0
89424d12ca3ffff,1013.0,9500.0,1254.78,0,0,0,0,0,0
89424d12d03ffff,924.0,9500.0,1919.29,0,0,0,0,0,0
89424d12d23ffff,167.0,9500.0,1354.16,0,0,0,0,0,0
89424d12d43ffff,1105.0,9500.0,2244.59,0,0,0,0,0,0
89424d12d83ffff,18.0,9500.0,1086.65,0,0,0,0,0,0
89424d12da3ffff,330.0,9500.0,1463.51,0,0,0,0,0,0
89424d12dc3ffff,73.0,9500.0,1290.49,0,0,0,0,0,0
89424d12e23ffff,17.0,9500.0,1498.15,0,0,0,0,0,0
89424d12e63ffff,435.0,9500.0,1592.2,0,0,0,0,0,0
89424d12ea3ffff,271.0,9500.0,2433.27,0,0,0,0,0,0
89424d14003ffff,1739.0,20000.0,2113.39,0,0,0,0,0,0
89424d14023ffff,235.0,20000.0,1804.3,0,0,0,0,0,0
89424d14043ffff,334.0,9500.0,1210.96,0,0,0,0,0,0
89424d14063ffff,401.0,9500.0,1186.43,0,0,0,0,0,0
89424d14083ffff,67.0,20000.0,2518.25,0,0,0,0,0,0
89424d140a3ffff,1271.0,20000.0,2654.53,0,0,0,0,0,0
89424d140c3ffff,67.0,9500.0,1572.12,0,0,0,0,0,0
89424d14103ffff,1388.0,41666.666666666664,1558.69,0,0,0,0,0,0
89424d14123ffff,1556.0,41666.666666666664,620.12,0,1,0,0,0,0
89424d14127ffff,0.0,41666.666666666664,274.74,0,1,0,0,0,0
89424d14143ffff,284.0,20000.0,1011.93,0,0,0,0,0,0
89424d14163ffff,4884.0,20000.0,693.77,0,0,0,0,0,0
89424d14183ffff,100.0,41666.666666666664,1858.96,0,0,0,0,0,0
89424d141a3ffff,67.0,41666.666666666664,904.09,0,0,0,0,0,0
89424d141c3ffff,301.0,20000.0,1962.96,0,0,0,0,0,0
89424d14203ffff,686.0,9500.0,1066.52,0,0,0,0,0,0
89424d14223ffff,1187.0,9500.0,491.4,0,0,0,0,0,0
89424d1422fffff,0.0,9500.0,174.81,0,0,0,0,0,0
89424d14243ffff,3178.0,9500.0,861.69,0,0,0,0,0,0
89424d14263ffff,2843.0,9500.0,142.36,0,0,0,0,0,0
89424d14283ffff,468.0,9500.0,548.62,0,0,0,0,0,0
89424d142a3ffff,1388.0,9500.0,1025.68,0,0,0,0,0,0
89424d142c3ffff,536.0,9500.0,984.71,0,0,0,0,0,0
89424d14303ffff,6807.0,20000.0,300.32,0,0,0,0,0,0
89424d14307ffff,0.0,20000.0,160.18,0,0,0,0,0,0
89424d1430bffff,0.0,20000.0,60.79,0,0,0,0,0,0
89424d14323ffff,1170.0,20000.0,683.69,0,0,0,0,0,0
89424d14343ffff,4566.0,9500.0,96.31,0,0,0,0,0,0
89424d14347ffff,0.0,9500.0,197.51,0,0,0,0,0,0
89424d14357ffff,0.0,9500.0,179.57,0,0,0,0,0,0
89424d14363ffff,1555.0,20000.0,699.97,0,0,0,0,0,0
89424d14383ffff,469.0,20000.0,1138.54,0,0,0,0,0,0
89424d143a3ffff,2692.0,20000.0,162.25,0,0,0,0,0,0
89424d143a7ffff,0.0,20000.0,120.46,0,0,0,0,0,0
89424d143c3ffff,2191.0,9500.0,253.1,0,0,0,0,0,0
89424d143cbffff,0.0,9500.0,129.75,0,0,0,0,0,0
89424d14403ffff,636.0,20000.0,3158.6,0,0,0,0,0,0
89424d14423ffff,953.0,20000.0,3169.92,0,0,0,0,0,0
89424d14443ffff,201.0,9500.0,2490.2,0,0,0,0,0,0
89424d14463ffff,368.0,9500.0,2303.95,0,0,0,0,0,0
89424d14483ffff,117.0,13500.0,2682.8,0,0,0,0,0,0
89424d144a3ffff,535.0,13500.0,3647.58,0,0,0,0,0,0
89424d14503ffff,301.0,13500.0,3097.08,0,0,0,0,0,0
89424d14523ffff,67.0,13500.0,2122.21,0,0,0,0,0,0
89424d14543ffff,803.0,20000.0,3470.84,0,0,0,0,0,0
89424d14563ffff,3612.0,20000.0,2793.07,0,0,0,0,0,0
89424d14583ffff,485.0,13500.0,3073.39,0,0,0,0,0,0
89424d145c3ffff,318.0,13500.0,4030.7,0,0,0,0,0,0
89424d14603ffff,84.0,9500.0,1154.1,0,0,0,0,0,0
89424d14623ffff,435.0,9500.0,660.53,0,0,0,0,0,0
89424d14643ffff,752.0,9500.0,1244.94,0,0,0,0,0,0
89424d14663ffff,1723.0,9500.0,485.08,0,0,0,0,0,0
89424d14667ffff,0.0,9500.0,115.65,0,0,0,0,0,0
89424d14683ffff,903.0,9500.0,1561.92,0,0,0,0,0,0
89424d146a3ffff,886.0,9500.0,1550.11,0,0,0,0,0,0
89424d14803ffff,12266.0,35000.0,874.54,0,0,0,0,0,0
89424d1481bffff,0.0,35000.0,1164.57,0,0,0,0,0,0
89424d14823ffff,9317.0,35000.0,204.08,0,0,0,0,0,0
89424d14827ffff,0.0,50000.0,163.99,0,0,0,0,0,0
89424d1482bffff,0.0,35000.0,137.16,0,0,0,0,0,0
89424d1482fffff,0.0,35000.0,206.21,0,0,0,0,0,0
89424d14843ffff,3647.0,35000.0,1338.45,0,0,0,0,0,0
89424d14863ffff,14166.0,35000.0,357.1,0,0,0,0,0,0
89424d14867ffff,0.0,15000.0,112.68,0,0,0,0,0,0
89424d1486fffff,0.0,15000.0,148.54,0,0,0,0,0,0
89424d14883ffff,9741.0,35000.0,305.99,0,0,0,0,0,0
89424d14893ffff,0.0,35000.0,134.94,0,0,0,0,0,0
89424d14897ffff,0.0,35000.0,88.5,0,0,0,0,1,0
89424d148a3ffff,16448.0,35000.0,695.06,0,0,0,1,1,0
89424d148b7ffff,0.0,50000.0,369.04,0,0,0,1,1,0
89424d148c3ffff,8128.0,35000.0,912.49,0,0,0,0,0,0
89424d14903ffff,15275.0,50000.0,203.04,0,0,0,0,1,0
89424d14907ffff,0.0,50000.0,193.05,0,0,0,0,1,0
89424d14917ffff,0.0,50000.0,110.5,0,0,0,1,9,0
89424d1491bffff,0.0,50000.0,99.31,0,0,0,0,0,0
89424d14923ffff,17620.0,50000.0,83.15,0,0,0,0,1,0
89424d14933ffff,0.0,50000.0,88.68,0,0,0,1,7,0
89424d14943ffff,285.0,50000.0,548.05,0,0,0,0,0,0
89424d14963ffff,570.0,50000.0,967.31,0,0,0,0,0,0
89424d14983ffff,20979.0,50000.0,75.69,0,0,0,1,8,1
89424d14987ffff,0.0,50000.0,320.9,0,0,0,1,11,1
89424d1498bffff,0.0,50000.0,25.73,0,0,0,0,6,0
89424d1498fffff,0.0,50000.0,127.75,0,0,0,1,8,0
89424d14993ffff,0.0,50000.0,175.84,0,0,0,1,7,0
89424d14997ffff,0.0,50000.0,175.57,0,0,0,1,8,0
89424d1499bffff,0.0,50000.0,56.95,0,0,0,1,5,0
89424d149a3ffff,19902.0,50000.0,325.05,0,0,0,1,12,0
89424d149abffff,0.0,50000.0,156.22,0,0,0,1,12,0
89424d149b3ffff,0.0,50000.0,436.42,0,0,0,1,12,1
89424d149b7ffff,0.0,16550.0,159.59,0,0,0,2,14,0
89424d149c3ffff,7669.0,50000.0,602.91,0,0,0,1,1,0
89424d14a03ffff,946.0,15000.0,1126.44,0,0,0,0,0,0
89424d14a23ffff,6307.0,15000.0,1233.49,0,0,0,0,0,0
89424d14a43ffff,1278.0,15000.0,512.43,0,0,0,0,0,0
89424d14a63ffff,1172.0,15000.0,1287.82,0,0,0,0,0,0
89424d14a83ffff,268.0,35000.0,1063.07,0,0,0,0,0,0
89424d14aa3ffff,2504.0,15000.0,1059.36,0,0,0,0,0,0
89424d14ac3ffff,1020.0,15000.0,298.27,0,0,0,0,0,0
89424d14acbffff,0.0,15000.0,17.71,0,0,0,0,0,0
89424d14ad3ffff,0.0,20000.0,186.75,0,0,0,0,0,0
89424d14adbffff,0.0,20000.0,129.35,0,0,0,0,0,0
89424d14b03ffff,2472.0,13000.0,453.33,0,0,0,0,0,0
89424d14b0bffff,0.0,13000.0,150.95,0,0,0,0,0,0
89424d14b1bffff,0.0,13000.0,107.97,0,0,0,0,0,0
89424d14b23ffff,8017.0,13000.0,791.54,0,0,0,0,0,0
89424d14b43ffff,1331.0,13000.0,519.13,0,0,0,0,0,0
89424d14b63ffff,11567.0,13000.0,308.24,0,0,0,0,0,0
89424d14b6fffff,0.0,13000.0,39.03,0,1,0,0,1,0
89424d14b83ffff,6687.0,13000.0,624.34,0,0,0,0,0,0
89424d14ba3ffff,63.0,13000.0,1366.46,0,0,0,0,0,0
89424d14bc3ffff,12835.0,15000.0,543.05,0,0,0,0,0,0
89424d14bcbffff,0.0,15000.0,666.49,0,0,0,0,0,0
89424d14c03ffff,1037.0,41666.666666666664,756.99,0,0,0,0,0,0
89424d14c23ffff,1403.0,35000.0,612.56,0,0,0,0,0,0
89424d14c43ffff,4148.0,41666.666666666664,130.92,0,1,0,0,0,0
89424d14c4bffff,0.0,41666.666666666664,87.46,0,1,0,0,0,0
89424d14c4fffff,0.0,41666.666666666664,100.11,0,1,0,0,0,0
89424d14c57ffff,0.0,41666.666666666664,178.04,0,1,0,0,0,0
89424d14c5bffff,0.0,41666.666666666664,15.04,0,1,0,0,0,0
89424d14c63ffff,7208.0,35000.0,347.19,0,0,0,0,0,0
89424d14c67ffff,0.0,35000.0,29.22,0,0,0,0,0,0
89424d14c7bffff,0.0,41666.666666666664,57.08,0,0,0,0,0,0
89424d14c83ffff,3914.0,20000.0,422.91,0,0,0,0,0,0
89424d14c9bffff,0.0,20000.0,54.25,0,0,0,0,0,0
89424d14ca3ffff,4147.0,20000.0,1038.08,0,0,0,0,0,0
89424d14cc3ffff,2576.0,41666.666666666664,284.45,0,1,0,0,0,0
89424d14ccbffff,0.0,41666.666666666664,88.71,0,1,0,0,0,0
89424d14cd3ffff,0.0,41666.666666666664,166.19,0,1,0,0,0,0
89424d14d03ffff,10570.0,50000.0,80.85,0,0,0,1,1,0
89424d14d0bffff,0.0,50000.0,6.22,0,0,0,1,2,0
89424d14d13ffff,0.0,50000.0,73.07,0,0,0,0,1,0
89424d14d23ffff,12440.0,50000.0,370.31,0,0,0,0,3,0
89424d14d27ffff,0.0,50000.0,142.2,0,0,0,0,6,0
89424d14d2fffff,0.0,50000.0,175.96,0,0,0,0,7,0
89424d14d37ffff,0.0,50000.0,187.01,0,0,0,0,1,0
89424d14d3bffff,0.0,50000.0,68.89,0,0,0,1,2,0
89424d14d43ffff,12885.0,35000.0,301.87,0,0,0,1,1,0
89424d14d47ffff,0.0,50000.0,189.59,0,0,0,1,2,0
89424d14d4fffff,0.0,35000.0,71.87,0,0,0,1,1,0
89424d14d63ffff,19965.0,50000.0,249.02,0,0,0,1,3,0
89424d14d67ffff,0.0,50000.0,116.99,0,0,0,1,6,0
89424d14d6fffff,0.0,50000.0,117.06,0,0,0,1,4,0
89424d14d73ffff,0.0,50000.0,107.5,0,0,0,1,3,0
89424d14d77ffff,0.0,50000.0,67.88,0,0,0,1,3,0
89424d14d7bffff,0.0,50000.0,124.77,0,0,0,1,3,0
89424d14d83ffff,11038.0,20000.0,273.55,0,0,0,0,0,0
89424d14d8fffff,0.0,50000.0,163.21,0,0,0,0,1,0
89424d14d9bffff,0.0,20000.0,133.56,0,0,0,0,0,0
89424d14da3ffff,6874.0,50000.0,319.01,0,0,0,0,1,0
89424d14dabffff,0.0,50000.0,176.59,0,0,0,0,1,0
89424d14dbbffff,0.0,50000.0,97.93,0,0,0,0,1,0
89424d14dc3ffff,6599.0,20000.0,584.84,0,0,0,0,0,0
89424d14e03ffff,1037.0,41666.666666666664,487.5,0,0,0,0,0,0
89424d14e23ffff,485.0,35000.0,864.4,0,0,0,0,0,0
89424d14e43ffff,217.0,20000.0,739.79,0,0,0,0,0,0
89424d14e63ffff,318.0,41666.666666666664,244.89,0,0,0,0,0,0
89424d14e6bffff,0.0,20000.0,76.02,0,0,0,0,0,0
89424d14e73ffff,0.0,41666.666666666664,160.14,0,0,0,0,0,0
89424d14e7bffff,0.0,20000.0,107.57,0,0,0,0,0,0
89424d14e83ffff,3830.0,41666.666666666664,86.65,0,1,0,0,0,0
89424d14e8fffff,0.0,41666.666666666664,128.71,0,0,0,0,0,0
89424d14e97ffff,0.0,41666.666666666664,167.16,0,1,0,0,0,0
89424d14e9bffff,0.0,41666.666666666664,142.07,0,0,0,0,0,0
89424d14ea3ffff,7041.0,41666.666666666664,606.12,0,0,0,0,0,0
89424d14ec3ffff,5151.0,20000.0,263.17,0,0,0,0,0,0
89424d14ed3ffff,0.0,20000.0,150.76,0,0,0,0,0,0
89424d14edbffff,0.0,20000.0,79.09,0,0,0,0,0,0
89424d15003ffff,1004.0,9500.0,586.33,0,0,0,0,0,0
89424d15023ffff,1906.0,9500.0,273.02,0,0,0,0,0,0
89424d1502fffff,0.0,9500.0,170.88,0,0,0,0,0,0
89424d15037ffff,0.0,9500.0,179.57,0,0,0,0,0,0
89424d15043ffff,1054.0,9500.0,77.08,0,0,0,0,0,0
89424d15047ffff,0.0,9500.0,5.15,0,0,0,0,0,0
89424d1505bffff,0.0,9500.0,162.47,0,0,0,0,0,0
89424d15063ffff,937.0,9500.0,107.71,0,0,0,0,0,0
89424d15073ffff,0.0,9500.0,68.88,0,0,0,0,0,0
89424d15077ffff,0.0,9500.0,147.58,0,0,0,0,0,0
89424d1507bffff,0.0,9500.0,118.5,0,0,0,0,0,0
89424d15083ffff,83.0,9500.0,837.74,0,0,0,0,0,0
89424d150a3ffff,686.0,9500.0,585.1,0,0,0,0,0,0
89424d150c3ffff,1137.0,9500.0,794.67,0,0,0,0,0,0
89424d15103ffff,1689.0,9500.0,332.25,0,0,0,0,0,0
89424d15113ffff,0.0,9500.0,46.51,0,0,0,0,0,0
89424d15123ffff,853.0,9500.0,962.99,0,0,0,0,0,0
89424d15143ffff,2342.0,9500.0,213.11,0,0,0,0,0,0
89424d15147ffff,0.0,9500.0,157.52,0,0,0,0,0,0
89424d15163ffff,669.0,9500.0,487.94,0,0,0,0,0,0
89424d1517bffff,0.0,9500.0,124.32,0,0,0,0,0,0
89424d15183ffff,1254.0,9500.0,630.62,0,0,0,0,0,0
89424d151a3ffff,3663.0,9500.0,219.13,0,0,0,0,0,0
89424d151b7ffff,0.0,9500.0,160.71,0,0,0,0,0,0
89424d151bbffff,0.0,9500.0,133.17,0,0,0,0,0,0
89424d151c3ffff,4800.0,9500.0,142.67,0,0,0,0,0,0
89424d151cbffff,0.0,9500.0,75.69,0,0,0,0,0,0
89424d151cfffff,0.0,9500.0,54.12,0,0,0,0,0,0
89424d151d7ffff,0.0,9500.0,22.5,0,0,0,0,0,0
89424d15203ffff,1137.0,9500.0,701.32,0,0,0,0,0,0
89424d15223ffff,1204.0,9500.0,222.39,0,0,0,0,0,0
89424d1522bffff,0.0,9500.0,150.53,0,0,0,0,0,0
89424d15243ffff,1087.0,9500.0,732.14,0,0,0,0,0,0
89424d15263ffff,268.0,9500.0,736.57,0,0,0,0,0,0
89424d15283ffff,669.0,9500.0,335.51,0,0,0,0,0,0
89424d15287ffff,0.0,9500.0,203.28,0,0,0,0,0,0
89424d1528fffff,0.0,9500.0,91.91,0,0,0,0,0,0
89424d152a3ffff,6021.0,9500.0,422.54,0,0,0,0,0,0
89424d152b3ffff,0.0,9500.0,136.38,0,0,0,0,0,0
89424d152c3ffff,2107.0,9500.0,419.18,0,0,0,0,0,0
89424d152cbffff,0.0,9500.0,66.58,0,0,0,0,0,0
89424d15303ffff,284.0,9500.0,1360.17,0,0,0,0,0,0
89424d15323ffff,168.0,9500.0,1601.24,0,0,0,0,0,0
89424d15343ffff,267.0,9500.0,1090.34,0,0,0,0,0,0
89424d15363ffff,301.0,9500.0,2061.6,0,0,0,0,0,0
89424d15383ffff,385.0,9500.0,409.99,0,0,0,0,0,0
89424d15397ffff,0.0,9500.0,192.47,0,0,0,0,0,0
89424d153a3ffff,284.0,9500.0,708.52,0,0,0,0,0,0
89424d153c3ffff,602.0,9500.0,994.39,0,0,0,0,0,0
89424d15403ffff,268.0,9500.0,1181.0,0,0,0,0,0,0
89424d15423ffff,1739.0,9500.0,249.47,0,0,0,0,0,0
89424d15427ffff,0.0,9500.0,170.41,0,0,0,0,0,0
89424d15443ffff,201.0,9500.0,989.67,0,0,0,0,0,0
89424d15463ffff,33.0,9500.0,1091.39,0,0,0,0,0,0
89424d15483ffff,67.0,9500.0,642.01,0,0,0,0,0,0
89424d154a3ffff,151.0,9500.0,1064.59,0,0,0,0,0,0
89424d154c3ffff,719.0,9500.0,529.61,0,0,0,0,0,0
89424d15503ffff,234.0,9500.0,1061.68,0,0,0,0,0,0
89424d15523ffff,2074.0,9500.0,1277.13,0,0,0,0,0,0
89424d15543ffff,803.0,9500.0,500.8,0,0,0,0,0,0
89424d1554fffff,0.0,9500.0,160.29,0,0,0,0,0,0
89424d15563ffff,1338.0,9500.0,590.93,0,0,0,0,0,0
89424d15583ffff,167.0,9500.0,1509.44,0,0,0,0,0,0
89424d155a3ffff,836.0,9500.0,1366.8,0,0,0,0,0,0
89424d155c3ffff,301.0,9500.0,875.37,0,0,0,0,0,0
89424d15603ffff,586.0,9500.0,233.58,0,0,0,0,0,0
89424d1560fffff,0.0,9500.0,128.69,0,0,0,0,0,0
89424d15623ffff,267.0,9500.0,654.14,0,0,0,0,0,0
89424d15643ffff,17.0,9500.0,912.33,0,0,0,0,0,0
89424d15663ffff,167.0,9500.0,716.88,0,0,0,0,0,0
89424d15683ffff,1388.0,9500.0,277.68,0,0,0,0,0,0
89424d1568fffff,0.0,9500.0,105.63,0,0,0,0,0,0
89424d156a3ffff,1355.0,9500.0,751.05,0,0,0,0,0,0
89424d15803ffff,571.0,9500.0,2317.61,0,0,0,0,0,0
89424d15823ffff,1109.0,56777.77777777778,2167.39,0,0,0,0,0,0
89424d15863ffff,190.0,28437.5,3055.17,0,0,0,0,0,0
89424d15883ffff,309.0,9500.0,1421.53,0,0,0,0,0,0
89424d158a3ffff,190.0,9500.0,2081.27,0,0,0,0,0,0
89424d158c3ffff,216.0,9500.0,1740.98,0,0,0,0,0,0
89424d15903ffff,412.0,56777.77777777778,495.39,0,0,0,0,0,0
89424d15923ffff,2123.0,56777.77777777778,542.16,0,0,0,2,0,0
89424d15943ffff,32.0,56777.77777777778,1428.09,0,0,0,0,0,0
89424d15963ffff,1489.0,56777.77777777778,675.45,0,0,0,2,0,0
89424d15983ffff,1077.0,15000.0,445.71,0,0,0,0,0,0
89424d15987ffff,0.0,15000.0,161.54,0,0,0,0,0,0
89424d159a3ffff,983.0,15000.0,492.86,0,0,0,0,0,0
89424d159abffff,0.0,56777.77777777778,163.9,0,0,0,0,0,0
89424d159bbffff,0.0,15000.0,167.17,0,0,0,0,0,0
89424d159c3ffff,602.0,56777.77777777778,1237.56,0,0,0,0,0,0
89424d15a03ffff,602.0,28437.5,3130.87,0,0,0,0,0,0
89424d15a23ffff,380.0,28437.5,2237.79,0,0,0,0,0,0
89424d15a43ffff,539.0,28900.0,3415.47,0,0,0,0,0,0
89424d15b03ffff,349.0,28437.5,1443.5,0,0,0,0,0,0
89424d15b23ffff,3644.0,56777.77777777778,617.88,0,0,0,0,0,0
89424d15b43ffff,444.0,28437.5,1461.18,0,0,0,0,0,0
89424d15b63ffff,3.0,28437.5,925.2,0,0,0,0,0,0
89424d15b83ffff,253.0,56777.77777777778,2267.16,0,0,0,0,0,0
89424d15ba3ffff,5514.0,56777.77777777778,1457.96,0,0,0,0,0,0
89424d15bc3ffff,349.0,28437.5,2388.06,0,0,0,0,0,0
89424d15c03ffff,251.0,9500.0,272.91,0,0,0,0,0,0
89424d15c07ffff,0.0,9500.0,176.34,0,0,0,0,0,0
89424d15c23ffff,100.0,9500.0,706.54,0,0,0,0,0,0
89424d15c43ffff,418.0,9500.0,1088.03,0,0,0,0,0,0
89424d15c63ffff,385.0,9500.0,800.16,0,0,0,0,0,0
89424d15c83ffff,1839.0,9500.0,487.46,0,0,0,0,0,0
89424d15c93ffff,0.0,9500.0,132.3,0,0,0,0,0,0
89424d15c9bffff,0.0,9500.0,473.8,0,0,0,0,0,0
89424d15ca3ffff,502.0,9500.0,889.29,0,0,0,0,0,0
89424d15cc3ffff,1623.0,9500.0,856.3,0,0,0,0,0,0
89424d15d03ffff,167.0,20000.0,1075.22,0,0,0,0,0,0
89424d15d23ffff,98.0,20000.0,246.11,0,0,0,0,0,0
89424d15d27ffff,0.0,15000.0,128.99,0,0,0,0,0,0
89424d15d37ffff,0.0,20000.0,115.65,0,0,0,0,0,0
89424d15d43ffff,348.0,9500.0,1686.39,0,0,0,0,0,0
89424d15d63ffff,809.0,20000.0,1197.06,0,0,0,0,0,0
89424d15d83ffff,502.0,20000.0,1267.88,0,0,0,0,0,0
89424d15da3ffff,217.0,20000.0,322.74,0,0,0,0,0,0
89424d15da7ffff,0.0,20000.0,80.48,0,0,0,0,0,0
89424d15dc3ffff,619.0,9500.0,1479.0,0,0,0,0,0,0
89424d15e03ffff,485.0,9500.0,2069.55,0,0,0,0,0,0
89424d15e23ffff,367.0,9500.0,2423.68,0,0,0,0,0,0
89424d15e43ffff,1639.0,9500.0,2110.08,0,0,0,0,0,0
89424d15e63ffff,259.0,9500.0,2874.68,0,0,0,0,0,0
89424d15e83ffff,401.0,9500.0,1459.66,0,0,0,0,0,0
89424d15ea3ffff,67.0,9500.0,1616.93,0,0,0,0,0,0
89424d15ec3ffff,2225.0,9500.0,1196.23,0,0,0,0,0,0
89424d16003ffff,2425.0,13500.0,243.93,0,0,0,0,0,0
89424d16007ffff,0.0,13500.0,148.95,0,0,0,0,0,0
89424d16023ffff,652.0,13500.0,790.85,0,0,0,0,0,0
89424d16043ffff,987.0,13500.0,1183.06,0,0,0,0,0,0
89424d16063ffff,1806.0,13500.0,999.88,0,0,0,0,0,0
89424d16083ffff,430.0,13500.0,976.28,0,0,0,0,0,0
89424d160a3ffff,201.0,13500.0,745.34,0,0,0,0,0,0
89424d160c3ffff,318.0,13500.0,1192.84,0,0,0,0,0,0
89424d16103ffff,2726.0,13500.0,2056.99,0,0,0,0,0,0
89424d16123ffff,4766.0,13500.0,1098.24,0,0,0,0,0,0
89424d16143ffff,3847.0,13500.0,1766.56,0,0,0,0,0,0
89424d16163ffff,2509.0,13500.0,1618.39,0,0,0,0,0,0
89424d161c3ffff,853.0,13500.0,1444.83,0,0,0,0,0,0
89424d16203ffff,853.0,13500.0,1173.1,0,0,0,0,0,0
89424d16223ffff,1254.0,13500.0,2143.28,0,0,0,0,0,0
89424d16243ffff,1455.0,13500.0,875.04,0,0,0,0,0,0
89424d16263ffff,51.0,13500.0,1737.15,0,0,0,0,0,0
89424d16283ffff,83.0,13500.0,1251.91,0,0,0,0,0,0
89424d162a3ffff,920.0,13500.0,1791.66,0,0,0,0,0,0
89424d162c3ffff,134.0,13500.0,294.32,0,0,0,0,0,0
89424d162cbffff,0.0,13500.0,145.02,0,0,0,0,0,0
89424d162dbffff,0.0,13500.0,175.87,0,0,0,0,0,0
89424d16303ffff,485.0,13500.0,2503.11,0,0,0,0,0,0
89424d16323ffff,736.0,13500.0,2638.27,0,0,0,0,0,0
89424d16343ffff,100.0,13500.0,2894.8,0,0,0,0,0,0
89424d16363ffff,970.0,13500.0,3440.16,0,0,0,0,0,0
89424d16383ffff,1990.0,13500.0,1590.27,0,0,0,0,0,0
89424d163a3ffff,4232.0,13500.0,2422.47,0,0,0,0,0,0
89424d163c3ffff,863.0,13500.0,1942.52,0,0,0,0,0,0
89424d16443ffff,331.0,13500.0,1135.57,0,0,0,0,0,0
89424d16463ffff,184.0,13500.0,1715.84,0,0,0,0,0,0
89424d164c3ffff,1031.0,13500.0,1461.84,0,0,0,0,0,0
89424d16603ffff,350.0,13500.0,540.97,0,0,0,0,0,0
89424d1660bffff,0.0,13500.0,202.8,0,0,0,0,0,0
89424d16643ffff,284.0,13500.0,570.17,0,0,0,0,0,0
89424d16663ffff,238.0,13500.0,561.6,0,0,0,0,0,0
89424d16683ffff,350.0,13500.0,293.25,0,0,0,0,0,0
89424d1668fffff,0.0,13500.0,141.86,0,0,0,0,0,0
89424d166a3ffff,110.0,13500.0,880.23,0,0,0,0,0,0
89424d166c3ffff,626.0,13500.0,847.62,0,0,0,0,0,0
89424d16803ffff,6673.0,13500.0,263.15,0,0,0,0,0,0
89424d16807ffff,0.0,13500.0,153.89,0,0,0,0,0,0
89424d1680fffff,0.0,13500.0,101.58,0,0,0,0,0,0
89424d16823ffff,2977.0,20000.0,705.2,0,0,0,0,0,0
89424d16843ffff,5854.0,13500.0,482.76,0,0,0,0,0,0
89424d16853ffff,0.0,13500.0,160.9,0,0,0,0,0,0
89424d16863ffff,5552.0,20000.0,252.55,0,0,0,0,0,0
89424d1686bffff,0.0,20000.0,97.98,0,0,0,0,0,0
89424d16873ffff,0.0,13500.0,132.36,0,0,0,0,0,0
89424d1687bffff,0.0,13500.0,109.87,0,0,0,0,0,0
89424d168c3ffff,7342.0,13500.0,463.27,0,0,0,0,0,0
89424d168dbffff,0.0,13500.0,579.58,0,0,0,0,0,0
89424d16943ffff,1170.0,20000.0,657.26,0,0,0,0,0,0
89424d16963ffff,603.0,20000.0,923.31,0,0,0,0,0,0
89424d16a03ffff,234.0,20000.0,597.52,0,0,0,0,0,0
89424d16a23ffff,2509.0,20000.0,355.8,0,0,0,0,0,0
89424d16a33ffff,0.0,20000.0,12.86,0,0,0,0,0,0
89424d16a3bffff,0.0,20000.0,49.77,0,0,0,0,0,0
89424d16a43ffff,100.0,20000.0,1159.05,0,0,0,0,0,0
89424d16a63ffff,820.0,20000.0,277.71,0,0,0,0,0,0
89424d16a6fffff,0.0,20000.0,116.25,0,0,0,0,0,0
89424d16a77ffff,0.0,20000.0,82.4,0,0,0,0,0,0
89424d16a83ffff,501.0,13500.0,1064.5,0,0,0,0,0,0
89424d16aa3ffff,5570.0,20000.0,103.64,0,0,0,0,0,0
89424d16ab7ffff,0.0,20000.0,76.38,0,0,0,0,0,0
89424d16b03ffff,8630.0,20000.0,190.42,0,0,0,0,0,0
89424d16b0fffff,0.0,20000.0,176.26,0,0,0,0,0,0
89424d16b23ffff,8178.0,20000.0,608.89,0,0,0,0,0,0
89424d16b43ffff,8931.0,20000.0,752.3,0,0,0,0,0,0
89424d16b57ffff,0.0,20000.0,658.88,0,0,0,0,0,0
89424d16b63ffff,8111.0,20000.0,167.71,0,0,0,0,0,0
89424d16b67ffff,0.0,20000.0,109.9,0,0,0,0,0,0
89424d16b73ffff,0.0,20000.0,17.68,0,0,0,0,0,0
89424d16b83ffff,4516.0,20000.0,760.46,0,0,0,0,0,0
89424d16ba3ffff,4549.0,20000.0,240.13,0,0,0,0,0,0
89424d16babffff,0.0,20000.0,175.57,0,0,0,0,0,0
89424d16bb3ffff,0.0,20000.0,67.75,0,0,0,0,0,0
89424d16bbbffff,0.0,20000.0,133.38,0,0,0,0,0,0
89424d16bc3ffff,8730.0,20000.0,251.83,0,0,0,0,0,0
89424d16bd3ffff,0.0,20000.0,114.07,0,0,0,0,0,0
89424d16c43ffff,7827.0,13500.0,332.89,0,0,0,0,0,0
89424d16c4bffff,0.0,13500.0,139.36,0,0,0,0,0,0
89424d16c63ffff,6506.0,13500.0,756.07,0,0,0,0,0,0
89424d16e03ffff,4031.0,13500.0,1161.92,0,0,0,0,0,0
89424d16e23ffff,9516.0,13500.0,716.5,0,0,0,0,0,0
89424d16e43ffff,151.0,13500.0,2116.62,0,0,0,0,0,0
89424d16e63ffff,2960.0,13500.0,1625.76,0,0,0,0,0,0
89424d16e83ffff,4549.0,13500.0,746.9,0,0,0,0,0,0
89424d16ea3ffff,8229.0,13500.0,236.94,0,0,0,0,0,0
89424d16eb7ffff,0.0,13500.0,127.33,0,0,0,0,0,0
89424d16ec3ffff,1354.0,13500.0,1685.59,0,0,0,0,0,0
89424d17003ffff,1790.0,9500.0,972.2,0,0,0,0,0,0
89424d17023ffff,167.0,9500.0,1811.05,0,0,0,0,0,0
89424d17043ffff,34.0,9500.0,253.95,0,0,0,0,0,0
89424d17053ffff,0.0,9500.0,114.55,0,0,0,0,0,0
89424d17063ffff,133.0,9500.0,1197.87,0,0,0,0,0,0
89424d17083ffff,101.0,9500.0,1512.33,0,0,0,0,0,0
89424d170a3ffff,200.0,9500.0,1913.16,0,0,0,0,0,0
89424d170c3ffff,118.0,9500.0,732.44,0,0,0,0,0,0
89424d17123ffff,50.0,9500.0,2013.74,0,0,0,0,0,0
89424d17143ffff,251.0,9500.0,1220.68,0,0,0,0,0,0
89424d17163ffff,284.0,9500.0,1099.94,0,0,0,0,0,0
89424d171a3ffff,50.0,9500.0,1810.31,0,0,0,0,0,0
89424d171c3ffff,84.0,9500.0,2167.93,0,0,0,0,0,0
89424d17203ffff,736.0,9500.0,1427.93,0,0,0,0,0,0
89424d17223ffff,1221.0,9500.0,1031.77,0,0,0,0,0,0
89424d17243ffff,100.0,9500.0,1413.98,0,0,0,0,0,0
89424d17263ffff,1037.0,9500.0,497.77,0,0,0,0,0,0
89424d1726fffff,0.0,9500.0,135.46,0,0,0,0,0,0
89424d17283ffff,16.0,9500.0,1008.79,0,0,0,0,0,0
89424d172a3ffff,669.0,9500.0,1193.3,0,0,0,0,0,0
89424d172c3ffff,1.0,9500.0,1634.42,0,0,0,0,0,0
89424d17303ffff,368.0,9500.0,814.43,0,0,0,0,0,0
89424d17323ffff,368.0,9500.0,568.54,0,0,0,0,0,0
89424d17343ffff,33.0,9500.0,149.07,0,0,0,0,0,0
89424d17363ffff,335.0,9500.0,951.22,0,0,0,0,0,0
89424d17383ffff,150.0,9500.0,1134.85,0,0,0,0,0,0
89424d173a3ffff,736.0,9500.0,263.77,0,0,0,0,0,0
89424d173afffff,0.0,9500.0,59.12,0,0,0,0,0,0
89424d173c3ffff,485.0,9500.0,861.31,0,0,0,0,0,0
89424d17403ffff,1505.0,9500.0,1809.15,0,0,0,0,0,0
89424d17423ffff,1004.0,9500.0,2336.94,0,0,0,0,0,0
89424d17463ffff,184.0,9500.0,1685.35,0,0,0,0,0,0
89424d17483ffff,485.0,9500.0,1487.85,0,0,0,0,0,0
89424d174a3ffff,33.0,9500.0,1464.84,0,0,0,0,0,0
89424d174c3ffff,837.0,9500.0,848.38,0,0,0,0,0,0
89424d17503ffff,67.0,13500.0,1093.34,0,0,0,0,0,0
89424d17523ffff,250.0,13500.0,532.96,0,0,0,0,0,0
89424d17537ffff,0.0,13500.0,173.82,0,0,0,0,0,0
89424d17543ffff,352.0,9500.0,2012.0,0,0,0,0,0,0
89424d17563ffff,618.0,9500.0,1472.98,0,0,0,0,0,0
89424d175a3ffff,2.0,13500.0,421.18,0,0,0,0,0,0
89424d175afffff,0.0,13500.0,124.01,0,0,0,0,0,0
89424d175c3ffff,1070.0,9500.0,1970.07,0,0,0,0,0,0
89424d17603ffff,1539.0,9500.0,986.01,0,0,0,0,0,0
89424d17623ffff,16.0,9500.0,787.29,0,0,0,0,0,0
89424d17643ffff,1639.0,9500.0,58.42,0,0,0,0,0,0
89424d17663ffff,1338.0,9500.0,951.97,0,0,0,0,0,0
89424d17683ffff,34.0,9500.0,391.47,0,0,0,0,0,0
89424d1769bffff,0.0,9500.0,24.18,0,0,0,0,0,0
89424d176a3ffff,100.0,9500.0,1355.65,0,0,0,0,0,0
89424d176c3ffff,284.0,9500.0,644.78,0,0,0,0,0,0
89424d1a803ffff,679.0,35000.0,946.89,0,0,0,0,0,0
89424d1a823ffff,260.0,35000.0,547.97,0,0,0,0,0,0
89424d1a827ffff,0.0,35000.0,200.66,0,0,0,0,0,0
89424d1a863ffff,365.0,35000.0,248.41,0,0,0,0,0,0
89424d1a867ffff,0.0,35000.0,165.72,0,0,0,0,0,0
89424d1a8a3ffff,209.0,35000.0,322.47,0,0,0,0,0,0
89424d1a8a7ffff,0.0,35000.0,46.99,0,0,0,0,0,0
89424d1a903ffff,2375.0,35000.0,828.46,0,0,0,0,0,0
89424d1a923ffff,234.0,35000.0,1563.14,0,0,0,0,0,0
89424d1a943ffff,719.0,35000.0,129.34,0,0,0,0,0,0
89424d1a963ffff,34.0,35000.0,902.14,0,0,0,0,0,0
89424d1a983ffff,4235.0,35000.0,454.78,0,0,0,0,0,0
89424d1a993ffff,0.0,35000.0,141.2,0,0,0,0,0,0
89424d1a99bffff,0.0,35000.0,194.59,0,0,0,0,0,0
89424d1a9a3ffff,200.0,35000.0,1405.89,0,0,0,0,0,0
89424d1a9c3ffff,209.0,35000.0,546.4,0,0,0,0,0,0
89424d1ab83ffff,1723.0,35000.0,805.33,0,0,0,0,0,0
89424d1aba3ffff,1622.0,35000.0,1006.25,0,0,0,0,0,0
89424d1ad03ffff,52.0,35000.0,571.21,0,0,0,0,0,0
89424d1ad23ffff,226.0,35000.0,626.86,0,0,0,0,0,0
89424d1ad43ffff,2438.0,35000.0,1065.4,0,0,0,0,0,0
89424d1ad63ffff,1741.0,35000.0,551.03,0,0,0,0,0,0
89424d1ad83ffff,122.0,35000.0,628.39,0,0,0,0,0,0
89424d1ada3ffff,70.0,35000.0,479.69,0,0,0,0,0,0
89424d1adbbffff,0.0,35000.0,149.6,0,0,0,0,0,0
89424d304d3ffff,0.0,40000.0,93.97,0,1,0,1,0,0
89424d304dbffff,0.0,40000.0,265.75,0,1,0,1,0,0
89424d31053ffff,0.0,66307.69230769231,578.25,0,0,0,0,1,0
89424d31083ffff,586.0,66307.69230769231,511.91,0,1,0,1,0,0
89424d31093ffff,0.0,66307.69230769231,150.43,0,1,0,1,2,0
89424d310c3ffff,2491.0,66307.69230769231,47.56,0,1,0,1,1,0
89424d3121bffff,0.0,66307.69230769231,38.64,0,0,0,0,0,0
89424d31243ffff,10649.0,139585.9375,172.83,0,0,0,0,0,0
89424d3124bffff,0.0,139585.9375,22.47,0,0,0,0,0,0
89424d31257ffff,0.0,66307.69230769231,80.86,0,0,0,0,0,0
89424d31283ffff,904.0,66307.69230769231,593.15,0,0,0,0,0,0
89424d312c3ffff,3150.0,66307.69230769231,63.43,0,0,0,0,0,0
89424d312cfffff,0.0,66307.69230769231,128.7,0,0,0,0,0,0
89424d312d7ffff,0.0,66307.69230769231,71.34,0,0,0,0,0,0
89424d312dbffff,0.0,50000.0,148.57,0,0,0,0,0,0
89424d31403ffff,15656.0,66951.04895104896,145.25,4,0,1,3,15,1
89424d3140bffff,0.0,66951.04895104896,162.23,3,0,1,4,10,1
89424d3140fffff,0.0,66307.69230769231,266.29,4,0,1,4,9,0
89424d31413ffff,0.0,66951.04895104896,114.99,4,0,1,3,14,0
89424d31417ffff,0.0,66951.04895104896,144.77,4,0,1,3,14,1
89424d3141bffff,0.0,66951.04895104896,183.5,4,0,1,4,13,1
89424d31423ffff,10063.0,66307.69230769231,352.78,2,0,1,1,3,0
89424d31427ffff,0.0,66307.69230769231,167.38,0,0,0,0,1,0
89424d31437ffff,0.0,66951.04895104896,106.69,1,0,0,0,1,0
89424d31443ffff,6545.0,66307.69230769231,232.6,2,0,1,5,6,0
89424d3144bffff,0.0,66307.69230769231,92.06,1,0,0,2,2,0
89424d31453ffff,0.0,66951.04895104896,168.26,2,0,1,5,8,0
89424d31457ffff,0.0,66951.04895104896,222.64,3,0,1,5,9,1
89424d3145bffff,0.0,66307.69230769231,42.67,1,0,0,3,2,0
89424d31463ffff,6278.0,66307.69230769231,160.06,2,1,1,4,7,0
89424d31467ffff,0.0,66307.69230769231,91.65,1,1,0,2,2,0
89424d3146bffff,0.0,66307.69230769231,116.33,1,1,0,2,2,0
89424d31477ffff,0.0,66307.69230769231,90.98,3,1,1,4,7,0
89424d3147bffff,0.0,66307.69230769231,219.72,2,1,1,4,7,0
89424d31483ffff,3834.0,66951.04895104896,386.73,3,0,1,3,14,0
89424d31487ffff,0.0,66951.04895104896,422.66,3,0,1,3,13,0
89424d3148bffff,0.0,66951.04895104896,115.33,3,0,1,3,15,0
89424d3148fffff,0.0,66951.04895104896,176.98,3,0,1,3,15,0
89424d314a3ffff,14728.0,66951.04895104896,153.28,3,0,1,0,6,0
89424d314abffff,0.0,66951.04895104896,41.74,3,0,1,2,12,0
89424d314bbffff,0.0,66951.04895104896,233.08,3,0,1,3,15,0
89424d314c3ffff,12188.0,66951.04895104896,239.22,2,0,1,4,8,0
89424d314c7ffff,0.0,66951.04895104896,188.74,4,0,1,5,14,0
89424d314cbffff,0.0,66951.04895104896,29.22,1,0,0,3,4,0
89424d314cfffff,0.0,66951.04895104896,76.29,3,0,1,5,8,1
89424d314d3ffff,0.0,66951.04895104896,147.32,0,0,0,2,4,0
89424d314d7ffff,0.0,66951.04895104896,69.15,2,0,1,4,11,0
89424d314dbffff,0.0,91891.30434782608,256.45,0,0,0,2,3,0
89424d31553ffff,0.0,66307.69230769231,195.27,0,0,0,0,0,0
89424d315c3ffff,5373.0,66951.04895104896,557.84,0,0,0,0,0,0
89424d31603ffff,3762.0,66307.69230769231,627.75,0,0,0,1,1,0
89424d3161bffff,0.0,66307.69230769231,259.11,0,0,0,1,1,0
89424d31623ffff,2002.0,66307.69230769231,916.38,0,0,0,0,1,0
89424d31643ffff,293.0,50000.0,655.52,0,0,0,1,0,0
89424d31663ffff,2321.0,66307.69230769231,658.73,0,0,0,0,0,0
89424d31683ffff,6863.0,66307.69230769231,312.0,0,0,0,1,1,0
89424d31697ffff,0.0,66307.69230769231,171.3,0,0,0,2,1,0
89424d3169bffff,0.0,91891.30434782608,159.96,0,0,0,2,1,0
89424d316a3ffff,488.0,66307.69230769231,718.29,0,1,0,0,1,0
89424d316c3ffff,8696.0,72857.14285714286,178.16,0,0,0,1,1,0
89424d316cfffff,0.0,72857.14285714286,114.37,0,0,0,1,1,0
89424d316d7ffff,0.0,72857.14285714286,70.68,0,0,0,2,1,0
89424d32003ffff,4372.0,36150.68493150685,1081.96,0,0,0,0,0,0
89424d32043ffff,9281.0,36150.68493150685,379.61,0,0,0,0,0,0
89424d3204fffff,0.0,36150.68493150685,14.56,0,0,0,0,0,0
89424d32063ffff,830.0,36150.68493150685,729.7,0,0,0,0,0,0
89424d32083ffff,416.0,36150.68493150685,860.58,0,0,0,0,0,0
89424d320a3ffff,1026.0,36150.68493150685,1561.1,0,0,0,0,0,0
89424d320c3ffff,1685.0,36150.68493150685,361.56,0,0,0,0,0,0
89424d320d3ffff,0.0,36150.68493150685,109.84,0,0,0,0,0,0
89424d32203ffff,8768.0,30785.714285714286,89.25,0,0,0,0,1,0
89424d3221bffff,0.0,36150.68493150685,102.42,0,0,0,0,1,0
89424d32223ffff,0.0,23000.0,167.81,0,0,0,0,0,0
89424d3223bffff,0.0,23000.0,65.69,0,0,0,0,1,0
89424d32243ffff,7083.0,30875.0,804.57,1,1,0,1,1,0
89424d32247ffff,0.0,30875.0,651.32,1,1,0,1,1,0
89424d32263ffff,11040.0,31270.833333333332,708.8,0,1,0,1,1,0
89424d32267ffff,0.0,23000.0,658.83,0,1,0,0,0,0
89424d3226bffff,0.0,31270.833333333332,424.69,0,1,0,1,0,0
89424d32273ffff,0.0,30785.714285714286,598.1,0,1,0,0,1,0
89424d32283ffff,12505.0,36150.68493150685,326.94,0,0,0,0,0,0
89424d3228fffff,0.0,36150.68493150685,41.7,0,0,0,0,1,0
89424d322a3ffff,11138.0,36150.68493150685,612.7,0,0,0,0,0,0
89424d322c3ffff,15387.0,36150.68493150685,204.92,0,0,0,0,1,0
89424d322c7ffff,0.0,36150.68493150685,239.0,0,0,0,0,1,0
89424d322cfffff,0.0,36150.68493150685,191.1,0,0,0,0,1,0
89424d32403ffff,1880.0,32000.0,745.04,0,0,0,0,0,0
89424d32423ffff,1271.0,36150.68493150685,516.36,0,0,0,0,0,0
89424d32443ffff,2124.0,32000.0,1308.22,0,0,0,0,0,0
89424d32463ffff,6253.0,32000.0,595.33,0,0,0,0,0,0
89424d32483ffff,73.0,32000.0,213.75,0,0,0,0,0,0
89424d3248fffff,0.0,32000.0,197.8,0,0,0,0,0,0
89424d324a3ffff,4910.0,32000.0,916.81,0,0,0,0,0,0
89424d324c3ffff,1734.0,32000.0,852.95,0,0,0,0,0,0
89424d32503ffff,830.0,36150.68493150685,654.3,0,0,0,0,0,0
89424d32543ffff,1539.0,36150.68493150685,658.47,0,0,0,0,0,0
89424d32583ffff,6765.0,36150.68493150685,320.47,0,0,0,0,0,0
89424d32587ffff,0.0,36150.68493150685,40.69,0,0,0,0,0,0
89424d3258fffff,0.0,36150.68493150685,49.62,0,0,0,0,0,0
89424d32593ffff,0.0,36150.68493150685,70.03,0,0,0,0,0,0
89424d325a3ffff,5642.0,36150.68493150685,602.28,0,0,0,0,0,0
89424d325c3ffff,1393.0,36150.68493150685,510.39,0,0,0,0,0,0
89424d325cbffff,0.0,36150.68493150685,151.46,0,0,0,0,0,0
89424d32603ffff,6863.0,32000.0,771.4,0,0,0,0,0,0
89424d32623ffff,3566.0,36150.68493150685,1165.03,0,0,0,0,0,0
89424d32643ffff,6692.0,32000.0,289.26,0,0,0,0,0,0
89424d3264bffff,0.0,34545.454545454544,121.25,0,0,0,0,0,0
89424d3265bffff,0.0,32000.0,129.99,0,0,0,0,0,0
89424d32663ffff,11944.0,34545.454545454544,900.05,0,0,0,0,0,0
89424d32683ffff,3492.0,32000.0,351.77,0,0,0,0,0,0
89424d3268bffff,0.0,32000.0,79.73,0,0,0,0,0,0
89424d326a3ffff,98.0,32000.0,843.49,0,0,0,0,0,0
89424d326c3ffff,4616.0,32000.0,142.91,0,0,0,0,0,0
89424d326cbffff,0.0,32000.0,109.32,0,0,0,0,0,0
89424d326d3ffff,0.0,32000.0,29.16,0,0,0,0,0,0
89424d326d7ffff,0.0,32000.0,48.23,0,0,0,0,0,0
89424d33003ffff,8866.0,16000.0,177.59,0,0,0,0,6,0
89424d33007ffff,0.0,40000.0,11.49,0,0,0,0,5,0
89424d3300bffff,0.0,16000.0,371.45,1,0,0,0,6,0
89424d33013ffff,0.0,40000.0,120.47,2,0,0,0,6,0
89424d33023ffff,3273.0,38888.88888888889,487.0,0,0,0,0,1,0
89424d33037ffff,0.0,38888.88888888889,181.51,1,0,0,0,0,0
89424d33043ffff,10576.0,16000.0,205.17,1,0,0,0,3,0
89424d33047ffff,0.0,16000.0,165.82,1,0,0,0,6,0
89424d3304bffff,0.0,16000.0,96.84,1,0,0,1,2,0
89424d33053ffff,0.0,55000.0,281.41,3,0,0,0,3,0
89424d33057ffff,0.0,16000.0,144.91,2,0,0,0,6,0
89424d33063ffff,3712.0,16000.0,307.03,0,0,0,0,2,0
89424d33073ffff,0.0,16000.0,55.39,0,0,0,0,5,0
89424d33083ffff,15339.0,40000.0,556.76,1,0,0,0,7,0
89424d330a3ffff,9867.0,40000.0,226.52,0,0,0,0,4,0
89424d330a7ffff,0.0,25000.0,448.53,1,0,0,0,1,0
89424d330abffff,0.0,40000.0,123.07,0,0,0,0,5,0
89424d330b3ffff,0.0,40000.0,65.95,0,0,0,1,4,0
89424d330b7ffff,0.0,25000.0,169.04,1,0,0,1,0,0
89424d330bbffff,0.0,40000.0,90.22,0,0,0,0,4,0
89424d330c3ffff,16316.0,55000.0,169.52,3,0,0,0,5,0
89424d330c7ffff,0.0,55000.0,294.32,2,0,0,0,6,0
89424d330cbffff,0.0,55000.0,188.64,3,0,0,0,1,0
89424d330d3ffff,0.0,116625.0,196.49,3,0,0,0,2,0
89424d330d7ffff,0.0,116625.0,81.0,2,0,0,0,6,0
89424d330dbffff,0.0,116625.0,121.25,3,0,0,0,1,0
89424d33103ffff,3883.0,25000.0,452.57,0,0,0,0,1,0
89424d33123ffff,4275.0,40000.0,984.06,0,0,0,1,0,0
89424d33143ffff,1074.0,38888.88888888889,514.34,0,0,0,0,0,0
89424d33157ffff,0.0,32500.0,179.94,1,0,0,0,0,0
89424d33163ffff,2223.0,25000.0,907.6,0,0,0,0,0,0
89424d33183ffff,7034.0,46600.0,373.73,2,0,1,1,2,0
89424d3318bffff,0.0,32500.0,519.71,2,0,0,1,2,0
89424d3318fffff,0.0,46600.0,184.75,2,0,0,2,2,0
89424d33193ffff,0.0,46600.0,715.59,2,0,2,1,2,0
89424d33197ffff,0.0,46600.0,517.02,1,0,1,1,2,0
89424d331a3ffff,14069.0,25000.0,618.5,0,1,0,1,1,0
89424d331a7ffff,0.0,31270.833333333332,341.22,0,1,0,1,0,0
89424d331b7ffff,0.0,25000.0,655.05,0,1,0,1,0,0
89424d331c3ffff,6448.0,32500.0,526.94,1,0,0,0,2,0
89424d331d7ffff,0.0,32500.0,741.77,2,0,0,1,2,0
89424d331dbffff,0.0,38888.88888888889,193.81,1,0,0,0,0,0
89424d33203ffff,146.0,48380.95238095238,116.01,1,0,0,1,3,0
89424d33213ffff,0.0,48380.95238095238,14.53,1,0,0,1,7,0
89424d33217ffff,0.0,48380.95238095238,39.05,1,0,0,1,2,0
89424d3321bffff,0.0,48380.95238095238,160.71,1,0,0,3,6,0
89424d33223ffff,2736.0,66951.04895104896,552.28,0,0,0,1,2,0
89424d33227ffff,0.0,66951.04895104896,187.2,0,0,0,1,1,0
89424d33243ffff,5178.0,91891.30434782608,114.6,0,0,0,4,2,0
89424d3325bffff,0.0,91891.30434782608,165.2,0,0,0,8,6,0
89424d33263ffff,9403.0,91891.30434782608,507.93,0,0,0,0,3,0
89424d33283ffff,9526.0,48380.95238095238,61.19,1,0,0,1,7,0
89424d33287ffff,0.0,30666.666666666668,171.24,2,0,0,1,6,0
89424d3328bffff,0.0,48380.95238095238,41.4,1,0,0,4,11,1
89424d3328fffff,0.0,48380.95238095238,35.14,1,0,0,1,7,0
89424d3329bffff,0.0,48380.95238095238,88.75,1,0,0,8,10,1
89424d332a3ffff,3150.0,16000.0,67.6,0,0,0,0,0,0
89424d332abffff,0.0,16000.0,131.24,0,0,0,0,0,0
89424d332b7ffff,0.0,16000.0,194.87,0,0,0,0,1,0
89424d332c3ffff,11749.0,48380.95238095238,242.63,1,0,0,9,14,0
89424d332c7ffff,0.0,48380.95238095238,60.16,1,0,0,4,13,1
89424d332cbffff,0.0,48380.95238095238,112.05,1,0,0,10,10,0
89424d332cfffff,0.0,48380.95238095238,63.41,1,0,0,5,11,0
89424d332d3ffff,0.0,48380.95238095238,39.56,1,0,0,15,14,0
89424d332d7ffff,0.0,48380.95238095238,26.61,1,0,0,7,13,0
89424d332dbffff,0.0,48380.95238095238,82.0,1,0,0,12,14,1
89424d33303ffff,610.0,66951.04895104896,762.24,0,0,0,0,0,0
89424d33343ffff,3713.0,66951.04895104896,399.68,0,0,0,1,6,0
89424d3334fffff,0.0,66951.04895104896,111.36,1,0,0,1,7,0
89424d3335bffff,0.0,66951.04895104896,261.78,0,0,0,1,6,0
89424d33363ffff,5813.0,66951.04895104896,825.91,0,0,0,0,0,0
89424d33383ffff,6423.0,38888.88888888889,578.44,0,0,0,0,0,0
89424d333a3ffff,25.0,38888.88888888889,410.93,0,0,0,0,0,0
89424d333bbffff,0.0,38888.88888888889,76.77,0,0,0,0,0,0
89424d333c3ffff,2760.0,16000.0,695.48,0,0,0,0,0,0
89424d33403ffff,20638.0,24909.090909090908,277.09,0,0,0,0,1,0
89424d33413ffff,0.0,24909.090909090908,146.05,0,0,0,1,1,0
89424d33417ffff,0.0,36666.666666666664,49.88,0,0,0,0,1,0
89424d3341bffff,0.0,35000.0,158.09,0,0,0,0,0,0
89424d33423ffff,11016.0,49135.13513513513,24.25,0,0,0,1,2,0
89424d33427ffff,0.0,47606.06060606061,312.23,0,0,0,1,1,0
89424d33437ffff,0.0,47606.06060606061,72.11,0,0,0,1,1,0
89424d3343bffff,0.0,49135.13513513513,194.63,0,0,0,0,2,0
89424d33443ffff,11992.0,30300.0,215.2,0,0,0,0,1,0
89424d3344bffff,0.0,30300.0,358.19,0,0,0,0,3,0
89424d33453ffff,0.0,19823.529411764706,169.01,0,0,0,0,0,1
89424d33457ffff,0.0,35000.0,159.81,0,0,0,0,0,0
89424d3345bffff,0.0,30300.0,155.38,0,0,0,0,3,0
89424d33463ffff,16584.0,22000.0,301.64,1,0,0,0,1,0
89424d33467ffff,0.0,50000.0,226.05,1,0,0,0,3,0
89424d3346fffff,0.0,116625.0,137.75,1,0,0,0,2,0
89424d33473ffff,0.0,24250.0,68.25,0,0,0,0,1,1
89424d33477ffff,0.0,22000.0,86.4,0,0,0,0,2,0
89424d3347bffff,0.0,24250.0,164.5,1,0,0,0,1,0
89424d33483ffff,21298.0,24909.090909090908,224.41,0,0,0,2,7,0
89424d33487ffff,0.0,36666.666666666664,159.5,0,0,0,2,7,0
89424d3348bffff,0.0,24909.090909090908,171.4,0,0,0,2,3,0
89424d3348fffff,0.0,24909.090909090908,162.22,0,0,0,2,5,0
89424d33493ffff,0.0,12000.0,110.99,0,0,0,2,8,0
89424d33497ffff,0.0,22750.0,3.61,0,0,0,2,7,0
89424d3349bffff,0.0,23000.0,181.69,0,0,0,2,6,0
89424d334a3ffff,13336.0,39062.5,389.73,0,0,0,1,1,0
89424d334abffff,0.0,36666.666666666664,183.66,0,0,0,0,1,0
89424d334afffff,0.0,39062.5,424.03,0,0,0,1,2,0
89424d334b3ffff,0.0,36666.666666666664,150.43,0,0,0,3,6,0
89424d334b7ffff,0.0,17000.0,119.76,0,0,0,1,1,0
89424d334bbffff,0.0,36666.666666666664,242.48,0,0,0,2,4,0
89424d334c3ffff,19418.0,16000.0,97.53,0,0,0,0,0,0
89424d334c7ffff,0.0,19823.529411764706,15.26,0,0,0,0,0,0
89424d334cfffff,0.0,19823.529411764706,191.74,0,0,0,0,0,0
89424d334d3ffff,0.0,23000.0,373.48,0,0,0,0,0,0
89424d334dbffff,0.0,23000.0,83.74,0,0,0,0,1,0
89424d33503ffff,9965.0,34545.454545454544,22.35,0,0,4,1,0,0
89424d33507ffff,0.0,34545.454545454544,243.11,0,0,4,0,0,0
89424d3350bffff,0.0,25000.0,97.52,0,0,4,1,0,0
89424d33517ffff,0.0,34545.454545454544,43.46,0,0,4,0,0,0
89424d33523ffff,6814.0,46600.0,760.92,1,0,4,1,1,0
89424d3352bffff,0.0,46600.0,858.51,2,0,4,1,2,0
89424d3352fffff,0.0,46600.0,874.91,1,0,4,1,2,0
89424d33543ffff,10600.0,47606.06060606061,319.22,0,0,0,1,1,0
89424d33547ffff,0.0,25000.0,16.82,0,0,4,1,1,0
89424d3354bffff,0.0,40000.0,181.59,0,0,0,1,1,0
89424d3354fffff,0.0,40000.0,11.4,0,0,0,1,1,0
89424d3355bffff,0.0,47606.06060606061,514.45,0,0,0,1,1,0
89424d33563ffff,11920.0,25000.0,229.23,1,0,4,1,1,0
89424d33567ffff,0.0,46600.0,568.75,2,0,4,1,2,0
89424d3356bffff,0.0,25000.0,171.43,1,0,1,0,1,0
89424d33573ffff,0.0,25000.0,146.25,0,0,4,1,1,0
89424d3357bffff,0.0,25000.0,112.26,1,0,2,1,1,0
89424d33583ffff,9378.0,32000.0,89.89,0,0,0,1,0,0
89424d33587ffff,0.0,34545.454545454544,82.43,0,0,1,0,0,0
89424d3358bffff,0.0,25000.0,117.29,0,0,1,1,0,0
89424d3358fffff,0.0,34545.454545454544,72.42,0,0,3,0,0,0
89424d33597ffff,0.0,32000.0,174.02,0,0,0,0,0,0
89424d3359bffff,0.0,32000.0,79.18,0,0,0,1,0,0
89424d335a3ffff,14509.0,34545.454545454544,166.74,0,0,3,0,0,0
89424d335afffff,0.0,34545.454545454544,188.45,0,0,4,0,0,0
89424d335b3ffff,0.0,34545.454545454544,123.64,0,0,1,0,0,0
89424d335bbffff,0.0,34545.454545454544,31.37,0,0,3,0,0,0
89424d335c3ffff,6765.0,25000.0,465.99,0,0,0,2,1,0
89424d335d7ffff,0.0,25000.0,132.19,0,0,0,1,0,0
89424d33603ffff,12530.0,50000.0,145.19,2,1,0,6,4,0
89424d3360bffff,0.0,25714.285714285714,131.26,1,1,0,7,2,1
89424d3360fffff,0.0,50000.0,212.85,2,0,0,5,5,0
89424d33617ffff,0.0,50000.0,335.15,2,1,0,1,4,0
89424d3361bffff,0.0,25714.285714285714,302.77,1,1,0,5,5,1
89424d33623ffff,16120.0,30666.666666666668,203.28,3,0,0,2,5,0
89424d33627ffff,0.0,30666.666666666668,179.0,3,0,0,0,1,0
89424d3362fffff,0.0,30666.666666666668,195.53,2,0,0,1,5,0
89424d33633ffff,0.0,32800.0,139.5,3,0,0,2,0,0
89424d33643ffff,7791.0,25714.285714285714,205.84,1,1,2,10,4,0
89424d3364fffff,0.0,25714.285714285714,78.86,1,0,2,11,5,0
89424d33653ffff,0.0,25714.285714285714,168.53,1,1,2,4,3,0
89424d33657ffff,0.0,25714.285714285714,93.27,1,1,2,9,3,0
89424d3365bffff,0.0,25714.285714285714,9.11,0,0,2,4,3,0
89424d33663ffff,10356.0,48380.95238095238,237.27,2,0,0,12,14,0
89424d33667ffff,0.0,48380.95238095238,42.81,2,0,0,7,9,0
89424d3366bffff,0.0,48380.95238095238,185.58,2,0,0,15,14,0
89424d3366fffff,0.0,48380.95238095238,145.25,2,0,0,10,14,0
89424d33673ffff,0.0,25714.285714285714,156.83,1,0,0,9,8,0
89424d3367bffff,0.0,48380.95238095238,198.16,1,0,0,10,11,0
89424d33683ffff,14215.0,13000.0,119.84,0,1,0,0,3,0
89424d33687ffff,0.0,13000.0,168.56,1,0,0,0,3,0
89424d3368bffff,0.0,24500.0,84.67,0,1,0,1,6,0
89424d3368fffff,0.0,13000.0,152.43,1,1,0,1,5,0
89424d33693ffff,0.0,24500.0,49.68,0,1,0,0,5,0
89424d3369bffff,0.0,24500.0,184.52,0,1,0,1,5,0
89424d336a3ffff,14044.0,32800.0,103.56,2,0,0,0,1,0
89424d336abffff,0.0,32800.0,58.91,2,0,0,0,2,0
89424d336afffff,0.0,32800.0,136.15,3,0,0,0,1,0
89424d336b3ffff,0.0,30300.0,103.03,1,0,0,0,3,0
89424d336b7ffff,0.0,51823.529411764706,232.91,2,0,0,0,2,0
89424d336bbffff,0.0,50000.0,6.93,1,0,0,0,3,0
89424d336c3ffff,16169.0,20500.0,153.67,0,1,0,1,5,0
89424d336cfffff,0.0,25714.285714285714,55.45,1,1,2,1,4,1
89424d336d3ffff,0.0,40250.0,391.58,0,1,0,1,4,0
89424d336d7ffff,0.0,20500.0,259.86,0,1,0,1,6,0
89424d336dbffff,0.0,40250.0,192.72,0,1,0,1,2,0
89424d38403ffff,5862.0,139585.9375,460.99,0,0,0,0,0,0
89424d38443ffff,5081.0,139585.9375,807.77,0,0,0,0,0,0
89424d38483ffff,3151.0,139585.9375,740.25,0,0,0,0,1,0
89424d384abffff,0.0,139585.9375,170.86,0,0,0,0,1,0
89424d384b3ffff,0.0,139585.9375,735.38,0,0,0,0,1,0
89424d384c3ffff,5935.0,139585.9375,117.16,0,0,0,0,0,0
89424d384c7ffff,0.0,139585.9375,140.4,0,0,0,0,0,0
89424d3a003ffff,13263.0,139585.9375,330.57,0,1,0,0,3,0
89424d3a00bffff,0.0,139585.9375,386.35,0,1,0,6,4,0
89424d3a017ffff,0.0,139585.9375,93.73,0,1,0,0,3,0
89424d3a01bffff,0.0,139585.9375,61.78,0,1,0,6,5,0
89424d3a023ffff,7742.0,139585.9375,199.6,0,0,0,0,1,0
89424d3a027ffff,0.0,139585.9375,156.83,0,0,0,0,1,0
89424d3a02bffff,0.0,139585.9375,176.44,0,1,0,0,1,0
89424d3a02fffff,0.0,139585.9375,127.05,0,0,0,0,1,0
89424d3a033ffff,0.0,139585.9375,138.72,0,1,0,0,0,0
89424d3a03bffff,0.0,139585.9375,176.15,0,1,0,0,3,0
89424d3a043ffff,9575.0,139585.9375,697.23,2,1,7,10,10,0
89424d3a053ffff,0.0,139585.9375,548.97,2,1,7,13,10,0
89424d3a063ffff,4811.0,139585.9375,43.88,0,1,0,0,2,0
89424d3a077ffff,0.0,139585.9375,148.65,0,1,0,0,3,0
89424d3a07bffff,0.0,139585.9375,132.14,0,1,0,0,2,0
89424d3a083ffff,8231.0,139585.9375,103.56,0,0,0,1,4,0
89424d3a087ffff,0.0,139585.9375,164.78,0,0,0,1,4,0
89424d3a08fffff,0.0,139585.9375,90.28,0,0,0,1,5,0
89424d3a093ffff,0.0,139585.9375,208.89,0,0,0,5,4,0
89424d3a097ffff,0.0,139585.9375,83.32,0,0,0,1,4,0
89424d3a0a3ffff,6229.0,139585.9375,112.96,0,2,0,0,2,0
89424d3a0a7ffff,0.0,139585.9375,149.0,0,2,0,1,0,0
89424d3a0abffff,0.0,139585.9375,155.78,0,0,0,0,2,0
89424d3a0b7ffff,0.0,139585.9375,191.73,0,2,0,1,3,0
89424d3a0c3ffff,12554.0,139585.9375,67.68,1,0,2,9,5,0
89424d3a0c7ffff,0.0,139585.9375,234.53,1,1,0,8,6,0
89424d3a0cbffff,0.0,139585.9375,185.42,2,1,7,13,10,1
89424d3a0d3ffff,0.0,139585.9375,149.23,1,0,2,10,3,0
89424d3a0dbffff,0.0,139585.9375,140.28,2,0,7,13,8,0
89424d3a113ffff,0.0,139585.9375,58.15,0,2,0,1,0,0
89424d3a11bffff,0.0,139585.9375,72.89,0,2,0,1,0,0
89424d3a143ffff,4836.0,139585.9375,210.31,0,0,0,0,1,0
89424d3a153ffff,0.0,139585.9375,62.39,0,1,0,0,1,0
89424d3a157ffff,0.0,139585.9375,151.02,0,0,0,0,1,0
89424d3a15bffff,0.0,139585.9375,51.43,0,0,0,0,1,0
89424d3a183ffff,9868.0,139585.9375,240.76,0,2,0,1,0,0
89424d3a187ffff,0.0,139585.9375,66.51,0,0,0,1,0,0
89424d3a18fffff,0.0,139585.9375,18.9,0,2,0,1,0,0
89424d3a193ffff,0.0,139585.9375,120.49,0,2,0,1,0,0
89424d3a1c3ffff,8719.0,139585.9375,165.37,0,2,0,1,0,0
89424d3a1c7ffff,0.0,139585.9375,39.74,0,2,0,1,0,0
89424d3a1d3ffff,0.0,139585.9375,174.45,0,2,0,1,0,0
89424d3a1d7ffff,0.0,139585.9375,142.95,0,2,0,1,0,0
89424d3a1dbffff,0.0,139585.9375,45.94,0,2,0,1,0,0
89424d3a203ffff,2614.0,139585.9375,230.7,0,0,0,1,1,0
89424d3a21bffff,0.0,139585.9375,131.62,0,0,0,1,1,0
89424d3a223ffff,4420.0,139585.9375,229.69,0,0,0,0,0,0
89424d3a22bffff,0.0,139585.9375,174.51,0,0,0,0,0,0
89424d3a243ffff,733.0,42600.0,117.37,0,0,0,0,0,0
89424d3a247ffff,0.0,42600.0,175.59,0,0,0,0,0,0
89424d3a253ffff,0.0,42600.0,156.65,0,0,0,0,0,0
89424d3a263ffff,1148.0,139585.9375,266.83,0,0,0,0,0,0
89424d3a26bffff,0.0,139585.9375,180.07,0,0,0,0,0,0
89424d3a273ffff,0.0,139585.9375,143.43,0,0,0,0,0,0
89424d3a277ffff,0.0,139585.9375,179.8,0,0,0,0,0,0
89424d3a27bffff,0.0,139585.9375,44.47,0,0,0,0,0,0
89424d3a283ffff,5105.0,139585.9375,388.51,1,0,6,11,10,0
89424d3a28fffff,0.0,139585.9375,122.28,0,0,0,2,1,0
89424d3a2a3ffff,2784.0,139585.9375,490.09,0,0,0,1,1,0
89424d3a2b7ffff,0.0,139585.9375,132.66,0,1,0,1,3,1
89424d3a2bbffff,0.0,139585.9375,160.32,0,0,0,1,1,0
89424d3a2c3ffff,4201.0,42600.0,229.9,0,0,1,6,3,0
89424d3a2c7ffff,0.0,42600.0,148.62,0,0,1,6,4,0
89424d3a2cbffff,0.0,42600.0,177.5,0,0,0,0,0,0
89424d3a2cfffff,0.0,42600.0,123.0,0,0,0,0,0,0
89424d3a2d3ffff,0.0,42600.0,143.22,0,0,1,6,3,0
89424d3a2dbffff,0.0,42600.0,177.19,0,0,1,4,3,0
89424d3a303ffff,2955.0,139585.9375,892.06,0,0,0,0,0,0
89424d3a343ffff,7279.0,139585.9375,957.01,0,0,0,0,1,0
89424d3a383ffff,5691.0,139585.9375,46.51,0,0,0,0,1,0
89424d3a393ffff,0.0,139585.9375,199.29,0,0,0,0,1,0
89424d3a397ffff,0.0,139585.9375,120.88,0,0,0,0,1,0
89424d3a3c3ffff,2662.0,139585.9375,925.16,0,0,0,0,0,0
89424d3a403ffff,15338.0,67500.0,137.08,0,0,0,6,0,0
89424d3a407ffff,0.0,67500.0,334.48,0,0,0,6,2,0
89424d3a40bffff,0.0,67500.0,75.21,0,0,1,8,1,0
89424d3a41bffff,0.0,67500.0,171.36,0,1,5,14,2,0
89424d3a423ffff,6693.0,67500.0,183.26,0,0,0,6,3,0
89424d3a42bffff,0.0,67500.0,12.97,0,0,0,6,3,0
89424d3a42fffff,0.0,67500.0,7.89,0,0,0,6,4,0
89424d3a433ffff,0.0,67500.0,110.51,0,0,0,6,1,0
89424d3a437ffff,0.0,67500.0,49.57,0,0,0,6,3,0
89424d3a43bffff,0.0,67500.0,151.39,0,0,0,6,1,0
89424d3a443ffff,17512.0,67500.0,139.4,0,0,2,5,3,0
89424d3a447ffff,0.0,67500.0,108.72,0,0,0,8,3,0
89424d3a44fffff,0.0,67500.0,53.94,0,0,0,2,3,0
89424d3a453ffff,0.0,168428.57142857142,197.34,0,2,9,10,4,0
89424d3a457ffff,0.0,67500.0,93.69,0,1,5,13,4,0
89424d3a45bffff,0.0,168428.57142857142,229.78,0,1,3,9,4,1
89424d3a463ffff,9819.0,67500.0,95.54,0,0,0,6,1,0
89424d3a467ffff,0.0,139585.9375,67.72,0,0,0,6,2,0
89424d3a46fffff,0.0,139585.9375,116.67,0,0,0,7,2,1
89424d3a473ffff,0.0,67500.0,118.62,0,0,0,6,1,0
89424d3a477ffff,0.0,67500.0,38.15,0,0,0,6,1,0
89424d3a483ffff,12969.0,42272.72727272727,155.26,0,0,3,4,5,0
89424d3a487ffff,0.0,62000.0,251.28,0,0,0,3,3,0
89424d3a48bffff,0.0,42272.72727272727,172.17,0,2,7,11,3,0
89424d3a48fffff,0.0,62000.0,99.75,0,0,2,3,2,0
89424d3a493ffff,0.0,42272.72727272727,148.24,0,0,3,16,18,1
89424d3a49bffff,0.0,42272.72727272727,39.5,0,2,9,12,9,0
89424d3a4a3ffff,9696.0,62000.0,381.97,0,0,0,3,2,0
89424d3a4a7ffff,0.0,50000.0,38.81,0,0,0,2,1,0
89424d3a4bbffff,0.0,62000.0,77.67,0,0,0,5,2,0
89424d3a4c3ffff,14557.0,42272.72727272727,334.44,0,2,12,11,4,1
89424d3a4cbffff,0.0,168428.57142857142,211.73,0,2,12,11,4,0
89424d3a4cfffff,0.0,67500.0,68.19,0,2,12,10,4,0
89424d3a4d3ffff,0.0,42272.72727272727,146.0,1,3,17,12,21,1
89424d3a4d7ffff,0.0,42272.72727272727,95.06,0,2,12,9,8,0
89424d3a4dbffff,0.0,42272.72727272727,135.06,1,2,12,12,15,1
89424d3a503ffff,1515.0,67500.0,216.33,0,0,0,0,0,0
89424d3a507ffff,0.0,50000.0,61.5,0,0,0,0,0,0
89424d3a50bffff,0.0,67500.0,128.58,0,0,0,0,2,0
89424d3a50fffff,0.0,67500.0,126.53,0,0,0,0,0,0
89424d3a517ffff,0.0,50000.0,84.7,0,0,0,0,0,0
89424d3a523ffff,8695.0,139585.9375,63.79,0,0,0,0,0,0
89424d3a52bffff,0.0,139585.9375,79.82,0,2,0,1,0,0
89424d3a533ffff,0.0,50000.0,291.01,0,0,0,0,0,1
89424d3a53bffff,0.0,67500.0,147.82,0,0,0,0,0,0
89424d3a543ffff,6643.0,67500.0,178.07,0,0,0,0,2,0
89424d3a54bffff,0.0,139585.9375,428.46,0,0,0,1,4,0
89424d3a54fffff,0.0,139585.9375,126.24,0,0,0,0,3,0
89424d3a557ffff,0.0,67500.0,64.43,0,0,0,0,2,0
89424d3a55bffff,0.0,67500.0,72.1,0,0,0,1,4,0
89424d3a563ffff,5374.0,139585.9375,100.07,0,2,0,1,0,0
89424d3a567ffff,0.0,139585.9375,151.25,0,2,0,1,0,0
89424d3a56fffff,0.0,139585.9375,30.85,0,2,0,1,0,0
89424d3a573ffff,0.0,139585.9375,189.87,0,2,0,1,2,0
89424d3a577ffff,0.0,139585.9375,168.03,0,2,0,1,0,0
89424d3a57bffff,0.0,139585.9375,115.77,0,2,0,1,2,0
89424d3a583ffff,219.0,50000.0,144.22,0,0,0,0,0,0
89424d3a597ffff,0.0,50000.0,166.08,0,0,0,0,0,0
89424d3a5a3ffff,660.0,50000.0,598.2,0,0,0,0,0,0
89424d3a5c3ffff,2833.0,67500.0,592.91,0,0,0,0,1,0
89424d3a603ffff,4909.0,42600.0,860.88,0,0,0,3,0,0
89424d3a623ffff,10894.0,139585.9375,153.07,2,0,8,19,11,0
89424d3a62bffff,0.0,139585.9375,122.23,2,0,8,19,11,1
89424d3a62fffff,0.0,139585.9375,354.61,2,0,8,20,12,1
89424d3a633ffff,0.0,139585.9375,330.14,2,0,7,15,8,0
89424d3a637ffff,0.0,139585.9375,30.6,2,0,7,13,8,1
89424d3a643ffff,4103.0,42600.0,1024.2,0,0,0,0,1,0
89424d3a663ffff,7523.0,42600.0,514.07,1,0,6,10,9,0
89424d3a667ffff,0.0,42600.0,145.65,1,0,8,13,10,0
89424d3a66fffff,0.0,42600.0,436.27,1,0,6,11,10,0
89424d3a683ffff,12578.0,168428.57142857142,328.84,0,0,0,2,3,0
89424d3a693ffff,0.0,168428.57142857142,110.42,0,0,0,2,3,0
89424d3a697ffff,0.0,168428.57142857142,41.28,0,0,0,2,3,0
89424d3a6a3ffff,3298.0,139585.9375,293.45,1,0,2,3,0,0
89424d3a6b7ffff,0.0,139585.9375,104.55,0,0,0,3,1,0
89424d3a6c3ffff,8548.0,42600.0,233.52,0,0,0,0,1,0
89424d3a6cfffff,0.0,42600.0,522.1,0,0,0,0,1,0
89424d3a6dbffff,0.0,42600.0,135.78,0,0,0,0,1,0
89424d3b083ffff,806.0,17125.0,170.65,0,0,0,0,0,0
89424d3b087ffff,0.0,17125.0,125.44,0,0,0,0,0,0
89424d3b097ffff,0.0,17125.0,189.2,0,0,0,0,0,0
89424d3b0a3ffff,2027.0,17125.0,563.32,0,0,0,0,0,0
89424d3b103ffff,3810.0,42600.0,773.05,0,0,0,0,0,0
89424d3b123ffff,2956.0,42600.0,979.54,0,0,0,0,0,0
89424d3b183ffff,2638.0,42600.0,285.84,0,0,0,0,0,0
89424d3b18bffff,0.0,42600.0,65.73,0,0,0,0,0,0
89424d3b1a3ffff,1002.0,42600.0,85.55,0,0,0,0,0,0
89424d3b1b7ffff,0.0,42600.0,131.48,0,0,0,0,0,0
89424d3b1c3ffff,3248.0,42600.0,678.14,0,0,0,0,0,0
89424d3b403ffff,782.0,17125.0,161.93,0,0,0,0,0,0
89424d3b407ffff,0.0,17125.0,85.6,0,0,0,0,0,0
89424d3b40bffff,0.0,17125.0,29.45,0,0,0,0,0,0
89424d3b40fffff,0.0,17125.0,184.36,0,0,0,0,0,0
89424d3b417ffff,0.0,17125.0,72.38,0,0,0,0,0,0
89424d3b41bffff,0.0,17125.0,119.57,0,0,0,0,0,0
89424d3b423ffff,1270.0,17125.0,76.31,0,0,0,0,0,0
89424d3b457ffff,0.0,14474.358974358975,138.86,0,0,0,0,0,0
89424d3b483ffff,1221.0,17125.0,198.55,0,0,0,0,1,0
89424d3b48fffff,0.0,17125.0,24.5,0,0,0,0,1,0
89424d3b493ffff,0.0,17125.0,100.33,0,0,0,0,1,0
89424d3b497ffff,0.0,17125.0,73.36,0,0,0,0,1,0
89424d3b49bffff,0.0,14474.358974358975,67.69,0,0,0,0,1,0
89424d3b4a3ffff,25.0,17125.0,466.64,0,0,0,0,0,0
89424d3b4afffff,0.0,17125.0,118.44,0,0,0,0,0,0
89424d3b4c3ffff,2857.0,14474.358974358975,478.63,0,0,0,0,0,0
89424d3b4d7ffff,0.0,14474.358974358975,156.52,0,0,0,0,1,0
89424d3b503ffff,953.0,42600.0,217.52,0,0,0,0,0,0
89424d3b507ffff,0.0,42600.0,187.12,0,0,0,0,0,0
89424d3b513ffff,0.0,42600.0,165.51,0,0,0,0,0,0
89424d3b523ffff,147.0,42600.0,271.03,0,0,0,0,0,0
89424d3b533ffff,0.0,42600.0,81.27,0,0,0,0,0,0
89424d3b537ffff,0.0,42600.0,133.61,0,0,0,0,0,0
89424d3b53bffff,0.0,42600.0,175.73,0,0,0,0,0,0
89424d3b543ffff,3443.0,17125.0,215.83,0,0,0,0,0,0
89424d3b54bffff,0.0,17125.0,20.29,0,0,0,0,0,0
89424d3b55bffff,0.0,17125.0,58.07,0,0,0,0,0,0
89424d3b563ffff,464.0,42600.0,491.3,0,0,0,0,0,0
89424d3b573ffff,0.0,42600.0,164.92,0,0,0,0,0,0
89424d3b57bffff,0.0,42600.0,161.77,0,0,0,0,0,0
89424d3b583ffff,49.0,42600.0,586.21,0,0,0,0,0,0
89424d3b5a3ffff,4470.0,42600.0,294.28,0,0,0,1,0,0
89424d3b5a7ffff,0.0,42600.0,142.34,0,0,1,6,3,0
89424d3b5afffff,0.0,42600.0,30.61,0,0,0,0,0,0
89424d3b5c3ffff,2418.0,65481.08108108108,490.12,0,0,0,0,0,0
89424d3b5c7ffff,0.0,42600.0,143.97,0,0,0,0,0,0
89424d3b5dbffff,0.0,17125.0,139.78,0,0,0,0,0,0
89424d8c243ffff,92.0,13500.0,730.37,0,0,0,0,0,0
89424d8c263ffff,497.0,13500.0,870.8,0,0,0,0,0,0
89424d8d103ffff,552.0,13500.0,1086.86,0,0,0,0,0,0
89424d8d123ffff,129.0,13500.0,1185.4,0,0,0,0,0,0
89424d8d163ffff,1123.0,13500.0,1538.59,0,0,0,0,0,0
89424d8d1a3ffff,55.0,13500.0,227.58,0,0,0,0,0,0
89424d8d1b3ffff,0.0,13500.0,170.69,0,0,0,0,0,0
89424d8d303ffff,184.0,13500.0,435.35,0,0,0,0,0,0
89424d8d317ffff,0.0,13500.0,89.81,0,0,0,0,0,0
89424d8d323ffff,1712.0,13500.0,714.93,0,0,0,0,0,0
89424d8d363ffff,2816.0,9500.0,354.26,0,0,0,0,0,0
89424d8d377ffff,0.0,9500.0,116.85,0,0,0,0,0,0
89424d8d3a3ffff,92.0,13500.0,600.64,0,0,0,0,0,0
89424d8d803ffff,1767.0,13500.0,670.12,0,0,0,0,0,0
89424d8d823ffff,277.0,13500.0,225.16,0,0,0,0,0,0
89424d8d82fffff,0.0,13500.0,145.56,0,0,0,0,0,0
89424d8d843ffff,294.0,13500.0,824.7,0,0,0,0,0,0
89424d8d863ffff,1307.0,13500.0,402.74,0,0,0,0,0,0
89424d8d877ffff,0.0,13500.0,63.0,0,0,0,0,0,0
89424d8d883ffff,1.0,13500.0,1524.99,0,0,0,0,0,0
89424d8d8a3ffff,37.0,13500.0,1163.33,0,0,0,0,0,0
89424d8d8c3ffff,534.0,13500.0,913.76,0,0,0,0,0,0
89424d8d903ffff,1196.0,13500.0,425.56,0,0,0,0,0,0
89424d8d91bffff,0.0,13500.0,172.74,0,0,0,0,0,0
89424d8d923ffff,203.0,13500.0,1250.73,0,0,0,0,0,0
89424d8d943ffff,110.0,13500.0,801.47,0,0,0,0,0,0
89424d8d963ffff,184.0,13500.0,1151.65,0,0,0,0,0,0
89424d8d983ffff,148.0,13500.0,276.85,0,0,0,0,0,0
89424d8d987ffff,0.0,13500.0,157.11,0,0,0,0,0,0
89424d8d997ffff,0.0,13500.0,107.73,0,0,0,0,0,0
89424d8d9a3ffff,349.0,13500.0,485.19,0,0,0,0,0,0
89424d8d9c3ffff,755.0,13500.0,559.83,0,0,0,0,0,0
89424d8da03ffff,221.0,13500.0,868.63,0,0,0,0,0,0
89424d8da23ffff,129.0,13500.0,1103.29,0,0,0,0,0,0
89424d8da43ffff,1642.0,9500.0,387.9,0,0,0,0,0,0
89424d8da4fffff,0.0,9500.0,138.25,0,0,0,0,0,0
89424d8da63ffff,460.0,9500.0,628.02,0,0,0,0,0,0
89424d8da83ffff,442.0,13500.0,261.98,0,0,0,0,0,0
89424d8da8bffff,0.0,13500.0,146.33,0,0,0,0,0,0
89424d8daa3ffff,203.0,13500.0,178.68,0,0,0,0,0,0
89424d8dac3ffff,53.0,13500.0,695.92,0,0,0,0,0,0
89424d8db03ffff,1.0,13500.0,522.37,0,0,0,0,0,0
89424d8db1bffff,0.0,13500.0,172.01,0,0,0,0,0,0
89424d8db23ffff,803.0,13500.0,1461.15,0,0,0,0,0,0
89424d8db43ffff,33.0,13500.0,570.77,0,0,0,0,0,0
89424d8db63ffff,67.0,13500.0,1105.77,0,0,0,0,0,0
89424d8db83ffff,847.0,13500.0,763.07,0,0,0,0,0,0
89424d8dba3ffff,331.0,13500.0,1433.66,0,0,0,0,0,0
89424d8dbc3ffff,67.0,13500.0,582.21,0,0,0,0,0,0
89424d8dc03ffff,2393.0,13500.0,530.34,0,0,0,0,0,0
89424d8dc23ffff,626.0,13500.0,1340.1,0,0,0,0,0,0
89424d8dc43ffff,387.0,13500.0,526.18,0,0,0,0,0,0
89424d8dc4fffff,0.0,13500.0,181.19,0,0,0,0,0,0
89424d8dc63ffff,110.0,13500.0,580.13,0,0,0,0,0,0
89424d8dc83ffff,2081.0,13500.0,427.74,0,0,0,0,0,0
89424d8dc8fffff,0.0,13500.0,153.6,0,0,0,0,0,0
89424d8dcc3ffff,571.0,13500.0,508.83,0,0,0,0,0,0
89424d8dcc7ffff,0.0,13500.0,165.5,0,0,0,0,0,0
89424d8dd43ffff,663.0,13500.0,1977.87,0,0,0,0,0,0
89424d8dd63ffff,184.0,13500.0,1014.56,0,0,0,0,0,0
89424d8de03ffff,166.0,13500.0,974.66,0,0,0,0,0,0
89424d8de23ffff,828.0,13500.0,58.51,0,0,0,0,0,0
89424d8de43ffff,6.0,13500.0,1590.94,0,0,0,0,0,0
89424d8de63ffff,568.0,13500.0,872.74,0,0,0,0,0,0
89424d8de83ffff,19.0,13500.0,1108.72,0,0,0,0,0,0
89424d8dea3ffff,1344.0,13500.0,569.03,0,0,0,0,0,0
89424d8dec3ffff,2632.0,13500.0,1491.64,0,0,0,0,0,0
89424da804bffff,0.0,30000.0,73.67,0,0,0,0,0,0
89424da8203ffff,63.0,65727.27272727272,1209.46,0,0,0,0,0,0
89424da8223ffff,1141.0,32500.0,1024.8,0,0,0,0,0,0
89424da8243ffff,127.0,65727.27272727272,1946.88,0,0,0,0,0,0
89424da8263ffff,41.0,32500.0,1484.8,0,0,0,0,0,0
89424da8303ffff,2021.0,25333.333333333332,922.41,0,0,0,0,0,0
89424da8323ffff,1822.0,25333.333333333332,1642.78,0,0,0,0,0,0
89424da8343ffff,10458.0,25333.333333333332,45.87,0,0,0,1,0,0
89424da834bffff,0.0,25333.333333333332,92.6,0,0,0,1,0,0
89424da8363ffff,1458.0,25333.333333333332,816.96,0,0,0,0,0,0
89424da83c3ffff,88.0,25333.333333333332,965.39,0,0,0,0,0,0
89424da8603ffff,17.0,30000.0,1938.82,0,0,0,0,0,0
89424da8623ffff,75.0,30000.0,1006.62,0,0,0,0,0,0
89424da8643ffff,1.0,30000.0,1159.37,0,0,0,0,0,0
89424da86c3ffff,3.0,30000.0,1314.72,0,0,0,0,0,0
89424da8a03ffff,1344.0,25000.0,1104.65,0,0,0,0,0,0
89424da8a23ffff,390.0,32000.0,1169.32,0,0,0,0,0,0
89424da8a43ffff,123.0,25000.0,1568.64,0,0,0,0,0,0
89424da8a63ffff,1050.0,32000.0,1085.96,0,0,0,0,0,0
89424da8a83ffff,2145.0,20000.0,379.34,0,0,0,0,0,0
89424da8a9bffff,0.0,24000.0,9.82,0,0,0,0,0,0
89424da8aa3ffff,684.0,25000.0,1348.06,0,0,0,0,0,0
89424da8ac3ffff,611.0,24000.0,717.3,0,0,0,0,0,0
89424da8b43ffff,366.0,32000.0,1095.88,0,0,0,0,0,0
89424da8b63ffff,2443.0,32000.0,802.32,0,0,0,0,0,0
89424da8e43ffff,146.0,24000.0,1395.77,0,0,0,0,0,0
89424da8e63ffff,628.0,24000.0,632.31,0,0,0,0,0,0
89424da9003ffff,22151.0,17666.666666666668,212.36,0,0,1,1,6,0
89424da900bffff,0.0,17666.666666666668,100.89,0,0,4,1,5,1
89424da900fffff,0.0,17666.666666666668,63.11,0,0,0,1,2,0
89424da901bffff,0.0,17666.666666666668,169.27,0,0,3,4,11,0
89424da9023ffff,22469.0,65727.27272727272,80.43,0,0,1,0,1,0
89424da9027ffff,0.0,65727.27272727272,139.11,0,0,2,1,2,0
89424da902fffff,0.0,65727.27272727272,89.28,0,0,2,0,1,0
89424da9033ffff,0.0,17666.666666666668,123.13,0,0,0,0,0,0
89424da9037ffff,0.0,65727.27272727272,178.13,0,0,0,0,0,0
89424da903bffff,0.0,17666.666666666668,118.39,0,0,1,1,2,0
89424da9043ffff,8144.0,26000.0,67.12,1,0,9,4,16,0
89424da904bffff,0.0,22000.0,226.56,1,3,13,5,27,0
89424da904fffff,0.0,22000.0,124.54,1,1,8,2,11,0
89424da9053ffff,0.0,26000.0,90.13,0,0,8,4,17,0
89424da9057ffff,0.0,17666.666666666668,87.85,0,0,6,4,13,0
89424da905bffff,0.0,26000.0,160.17,1,2,10,4,24,0
89424da9063ffff,13025.0,17666.666666666668,171.85,0,0,3,1,5,0
89424da9067ffff,0.0,17666.666666666668,196.03,0,0,1,0,2,0
89424da906bffff,0.0,22000.0,31.02,4,1,3,0,8,0
89424da906fffff,0.0,50000.0,111.79,0,0,1,0,6,0
89424da9073ffff,0.0,17666.666666666668,174.8,0,0,4,1,2,0
89424da9083ffff,11915.0,17666.666666666668,185.06,0,0,0,0,3,0
89424da9087ffff,0.0,17666.666666666668,97.12,0,0,0,0,0,0
89424da9093ffff,0.0,17666.666666666668,133.65,0,0,1,0,3,0
89424da90a3ffff,10744.0,17666.666666666668,233.95,0,0,0,0,0,0
89424da90bbffff,0.0,17666.666666666668,136.04,0,0,0,0,0,0
89424da90c3ffff,21422.0,33000.0,207.82,0,0,3,4,21,0
89424da90c7ffff,0.0,17666.666666666668,159.34,0,0,2,4,12,0
89424da90cbffff,0.0,26000.0,294.56,0,0,4,4,24,0
89424da90cfffff,0.0,17666.666666666668,90.41,0,0,3,4,14,0
89424da90d7ffff,0.0,17666.666666666668,73.59,0,0,1,3,13,1
89424da9103ffff,16479.0,65727.27272727272,613.95,0,0,0,1,4,0
89424da911bffff,0.0,65727.27272727272,244.59,0,0,0,1,4,0
89424da9123ffff,4528.0,32500.0,467.34,0,0,0,0,0,0
89424da912bffff,0.0,32500.0,145.74,0,0,0,0,0,0
89424da9143ffff,24877.0,65727.27272727272,110.08,0,0,2,2,5,0
89424da9147ffff,0.0,65727.27272727272,117.66,0,0,1,2,5,0
89424da914bffff,0.0,65727.27272727272,124.96,0,0,2,2,2,0
89424da914fffff,0.0,65727.27272727272,115.53,0,0,2,2,6,0
89424da9153ffff,0.0,65727.27272727272,106.33,0,0,2,1,5,0
89424da9157ffff,0.0,65727.27272727272,145.89,0,0,1,2,5,0
89424da9163ffff,20478.0,137611.11111111112,456.63,0,0,1,2,2,0
89424da916fffff,0.0,137611.11111111112,154.47,0,0,0,1,3,0
89424da9183ffff,4088.0,65727.27272727272,1040.57,0,0,0,0,2,0
89424da91a3ffff,5958.0,65727.27272727272,1279.11,0,0,0,0,0,0
89424da91c3ffff,14672.0,65727.27272727272,410.61,0,0,0,0,3,0
89424da91cfffff,0.0,65727.27272727272,59.29,0,0,0,1,4,0
89424da91dbffff,0.0,65727.27272727272,76.92,0,0,0,0,1,0
89424da9203ffff,21538.0,12000.0,134.93,18,4,17,4,47,0
89424da9207ffff,0.0,22000.0,183.77,18,3,10,4,47,0
89424da920bffff,0.0,12000.0,114.59,15,5,19,6,47,0
89424da920fffff,0.0,20000.0,176.35,17,3,19,4,42,0
89424da9217ffff,0.0,22000.0,95.3,14,4,13,3,43,0
89424da921bffff,0.0,12000.0,241.31,17,9,18,8,48,0
89424da9223ffff,14557.0,20000.0,7.01,13,3,4,3,46,1
89424da9227ffff,0.0,50000.0,143.26,12,2,5,1,39,0
89424da922bffff,0.0,20000.0,44.13,17,4,7,3,55,0
89424da922fffff,0.0,50000.0,154.16,14,4,7,1,37,0
89424da9233ffff,0.0,22000.0,73.12,16,2,7,4,38,0
89424da9237ffff,0.0,50000.0,161.44,13,2,3,1,33,0
89424da923bffff,0.0,20000.0,66.72,18,4,6,3,39,0
89424da9243ffff,19895.0,14000.0,65.5,16,14,19,4,54,0
89424da9247ffff,0.0,18500.0,104.07,13,10,19,5,37,0
89424da924bffff,0.0,14000.0,103.84,11,13,19,6,38,1
89424da924fffff,0.0,14000.0,202.03,9,10,19,7,35,0
89424da9253ffff,0.0,12000.0,66.54,19,14,16,5,49,0
89424da9257ffff,0.0,12000.0,85.7,17,11,20,5,55,1
89424da925bffff,0.0,14000.0,61.51,19,14,21,2,48,1
89424da9263ffff,14606.0,20000.0,163.06,12,6,16,3,47,0
89424da9267ffff,0.0,20000.0,151.17,17,6,7,3,60,0
89424da926bffff,0.0,20000.0,98.69,6,5,18,5,43,0
89424da926fffff,0.0,42500.0,51.87,10,7,6,1,51,0
89424da9273ffff,0.0,18500.0,70.31,12,6,17,3,44,0
89424da9277ffff,0.0,20000.0,38.63,19,5,13,3,45,0
89424da927bffff,0.0,18500.0,81.68,11,7,18,5,42,1
89424da9283ffff,16923.0,60000.0,94.3,3,5,13,3,29,1
89424da9287ffff,0.0,22000.0,111.09,4,3,14,3,23,0
89424da928bffff,0.0,60000.0,52.12,12,7,10,6,39,0
89424da928fffff,0.0,22000.0,114.31,12,5,12,4,34,1
89424da9293ffff,0.0,60000.0,75.91,1,3,13,5,25,1
89424da9297ffff,0.0,26000.0,358.02,1,3,13,5,26,0
89424da929bffff,0.0,60000.0,79.61,8,5,9,4,31,1
89424da92a3ffff,17831.0,22000.0,103.02,9,1,11,1,23,0
89424da92abffff,0.0,22000.0,142.05,12,3,11,4,37,0
89424da92afffff,0.0,22000.0,108.75,11,1,6,2,34,0
89424da92b3ffff,0.0,22000.0,106.91,4,3,15,2,16,0
89424da92b7ffff,0.0,22000.0,137.07,4,1,10,1,13,0
89424da92bbffff,0.0,22000.0,115.95,7,4,13,3,31,0
89424da92c3ffff,20948.0,22000.0,34.68,15,12,8,6,50,1
89424da92c7ffff,0.0,12000.0,105.89,17,9,14,8,63,0
89424da92cbffff,0.0,12000.0,62.84,16,15,12,5,48,1
89424da92cfffff,0.0,12000.0,38.03,19,13,17,8,61,0
89424da92d3ffff,0.0,22000.0,106.54,12,11,2,4,43,1
89424da92d7ffff,0.0,60000.0,98.18,14,8,9,4,45,0
89424da92dbffff,0.0,22142.85714285714,175.22,14,10,1,5,45,1
89424da9303ffff,27032.0,30333.333333333332,177.17,0,0,0,0,9,0
89424da9307ffff,0.0,30333.333333333332,154.23,0,0,0,1,9,0
89424da930bffff,0.0,30333.333333333332,115.09,0,0,0,0,10,1
89424da930fffff,0.0,30333.333333333332,69.52,0,0,0,0,9,0
89424da9313ffff,0.0,30333.333333333332,46.33,0,0,1,0,12,0
89424da931bffff,0.0,50000.0,113.02,3,0,0,0,11,0
89424da9323ffff,21454.0,137611.11111111112,122.13,0,0,0,0,5,0
89424da932bffff,0.0,40000.0,150.37,0,1,0,5,6,0
89424da932fffff,0.0,26500.0,107.32,0,2,0,5,6,0
89424da933bffff,0.0,30333.333333333332,76.67,0,0,0,2,6,0
89424da9343ffff,17227.0,50000.0,38.75,5,3,5,0,27,0
89424da9347ffff,0.0,30333.333333333332,91.41,2,0,4,0,19,0
89424da934bffff,0.0,50000.0,240.05,8,3,5,1,32,0
89424da934fffff,0.0,40000.0,165.6,2,3,5,2,26,0
89424da9353ffff,0.0,50000.0,121.33,8,1,5,0,36,0
89424da9357ffff,0.0,50000.0,44.03,4,0,2,0,21,0
89424da935bffff,0.0,50000.0,113.85,9,4,6,0,38,0
89424da9363ffff,21358.0,40000.0,198.08,0,1,1,6,6,0
89424da9367ffff,0.0,40000.0,185.43,0,1,2,6,4,0
89424da936bffff,0.0,40000.0,67.47,0,1,2,8,5,0
89424da936fffff,0.0,40000.0,302.31,0,1,2,7,4,0
89424da9373ffff,0.0,40000.0,92.22,0,0,0,6,9,0
89424da9377ffff,0.0,40000.0,94.1,0,1,0,5,6,0
89424da937bffff,0.0,40000.0,122.97,0,0,4,6,8,0
89424da9383ffff,24243.0,65727.27272727272,187.4,0,0,2,1,3,0
89424da9387ffff,0.0,65727.27272727272,58.76,0,0,2,2,3,0
89424da938bffff,0.0,50000.0,76.01,0,0,2,0,9,0
89424da938fffff,0.0,30333.333333333332,25.52,0,0,2,1,5,0
89424da9393ffff,0.0,65727.27272727272,230.71,0,0,2,0,2,0
89424da9397ffff,0.0,65727.27272727272,144.64,0,0,2,2,2,0
89424da939bffff,0.0,50000.0,156.06,0,0,1,0,4,0
89424da93a3ffff,25194.0,137611.11111111112,50.65,0,0,1,2,5,0
89424da93a7ffff,0.0,137611.11111111112,144.77,0,0,1,2,4,0
89424da93abffff,0.0,137611.11111111112,187.06,0,0,1,1,5,0
89424da93afffff,0.0,137611.11111111112,60.62,0,0,1,1,4,0
89424da93b3ffff,0.0,137611.11111111112,49.1,0,0,2,2,4,1
89424da93b7ffff,0.0,137611.11111111112,162.17,0,0,1,2,4,0
89424da93bbffff,0.0,137611.11111111112,95.55,0,0,2,2,4,0
89424da93c3ffff,24221.0,50000.0,81.08,7,0,1,0,13,0
89424da93c7ffff,0.0,50000.0,92.16,3,0,1,0,10,0
89424da93cbffff,0.0,50000.0,74.58,10,0,1,0,29,0
89424da93cfffff,0.0,50000.0,79.82,4,0,1,0,15,0
89424da93d3ffff,0.0,50000.0,249.2,7,0,1,0,13,0
89424da93d7ffff,0.0,50000.0,98.95,0,0,2,0,12,0
89424da93dbffff,0.0,50000.0,107.73,10,1,1,0,27,0
89424da9403ffff,7416.0,16550.0,52.69,1,4,1,1,7,0
89424da9407ffff,0.0,30000.0,84.7,1,3,2,1,3,0
89424da940bffff,0.0,16550.0,109.38,1,3,1,3,5,0
89424da940fffff,0.0,30000.0,66.69,1,3,2,1,2,0
89424da9413ffff,0.0,16550.0,119.28,1,5,1,1,10,0
89424da9417ffff,0.0,30000.0,132.37,1,5,2,1,9,0
89424da941bffff,0.0,16550.0,158.85,1,5,0,1,9,1
89424da9423ffff,2186.0,30000.0,674.57,0,0,2,0,0,0
89424da9443ffff,5515.0,33000.0,131.55,1,3,1,4,5,0
89424da9447ffff,0.0,33000.0,49.49,1,3,1,4,5,0
89424da944fffff,0.0,33000.0,205.46,0,2,1,4,7,0
89424da9453ffff,0.0,16550.0,45.78,1,3,0,3,5,0
89424da9457ffff,0.0,16550.0,180.05,1,3,1,4,7,0
89424da9463ffff,7954.0,33000.0,21.11,0,2,1,3,6,0
89424da9467ffff,0.0,17666.666666666668,105.63,0,0,1,0,4,0
89424da946bffff,0.0,33000.0,185.7,0,0,1,4,13,0
89424da946fffff,0.0,33000.0,135.01,0,0,1,3,6,1
89424da9477ffff,0.0,33000.0,132.06,0,2,1,0,2,0
89424da947bffff,0.0,33000.0,102.7,0,2,1,3,9,0
89424da9483ffff,11060.0,16550.0,97.65,1,4,1,4,17,0
89424da9487ffff,0.0,30000.0,102.06,1,3,1,2,15,1
89424da948bffff,0.0,16550.0,28.17,1,5,1,4,16,1
89424da9493ffff,0.0,16550.0,413.39,1,3,0,3,17,1
89424da949bffff,0.0,16550.0,280.74,1,4,0,4,18,0
89424da94a3ffff,14356.0,30000.0,211.95,0,0,2,0,3,0
89424da94abffff,0.0,30000.0,140.96,0,0,2,0,3,0
89424da94b3ffff,0.0,30000.0,101.67,0,2,2,2,8,0
89424da94b7ffff,0.0,30000.0,98.25,0,0,2,0,3,1
89424da94bbffff,0.0,30000.0,77.44,1,3,2,1,12,0
89424da94c3ffff,14228.0,16550.0,226.23,1,5,0,2,15,0
89424da94c7ffff,0.0,16550.0,81.96,1,5,0,1,12,1
89424da94cfffff,0.0,16550.0,143.23,1,5,0,1,9,0
89424da94d7ffff,0.0,16550.0,315.19,1,5,0,3,18,1
89424da94dbffff,0.0,16550.0,148.55,1,1,0,2,14,0
89424da9503ffff,1.0,30000.0,1113.09,0,0,0,0,0,0
89424da9523ffff,2.0,65727.27272727272,1870.99,0,0,0,0,0,0
89424da9543ffff,5.0,17666.666666666668,804.45,0,0,0,0,0,0
89424da9563ffff,760.0,17666.666666666668,1007.53,0,0,0,0,0,0
89424da9583ffff,3074.0,30000.0,410.48,0,0,0,0,0,0
89424da9593ffff,0.0,30000.0,193.72,0,0,0,0,0,0
89424da95a3ffff,1.0,30000.0,1386.31,0,0,0,0,0,0
89424da95c3ffff,3866.0,30000.0,372.97,0,0,1,0,1,0
89424da95d3ffff,0.0,30000.0,137.61,0,0,2,0,1,0
89424da95d7ffff,0.0,30000.0,140.49,0,0,1,0,1,0
89424da95dbffff,0.0,30000.0,309.84,0,0,2,0,1,0
89424da9603ffff,17081.0,25000.0,379.91,1,0,0,0,10,0
89424da9607ffff,0.0,25000.0,103.83,1,0,0,3,19,0
89424da960bffff,0.0,25000.0,224.04,1,0,0,0,4,0
89424da960fffff,0.0,25000.0,200.91,1,0,1,0,14,0
89424da9623ffff,20567.0,26000.0,81.28,0,1,6,3,26,0
89424da9627ffff,0.0,26000.0,137.2,0,1,9,4,27,0
89424da962bffff,0.0,49250.0,88.36,0,2,6,4,26,1
89424da962fffff,0.0,26000.0,35.39,0,2,10,3,26,1
89424da9633ffff,0.0,33000.0,116.05,0,0,1,4,24,0
89424da9637ffff,0.0,33000.0,258.96,0,0,3,3,25,0
89424da963bffff,0.0,49250.0,149.26,1,1,2,3,21,0
89424da9643ffff,26272.0,25000.0,348.17,1,0,0,0,1,0
89424da9647ffff,0.0,25000.0,115.81,1,1,0,0,4,0
89424da964fffff,0.0,22142.85714285714,72.47,1,1,0,0,9,0
89424da9657ffff,0.0,25000.0,103.43,1,0,0,0,0,0
89424da9663ffff,24782.0,22142.85714285714,83.27,4,4,2,3,25,0
89424da9667ffff,0.0,22000.0,6.62,2,4,5,5,27,1
89424da966bffff,0.0,22142.85714285714,106.75,10,6,1,3,36,0
89424da966fffff,0.0,22000.0,174.83,8,6,4,4,32,0
89424da9673ffff,0.0,25000.0,65.85,1,1,0,0,12,0
89424da9677ffff,0.0,49250.0,28.32,1,3,2,2,22,0
89424da967bffff,0.0,22142.85714285714,30.23,3,2,0,3,15,0
89424da9683ffff,443.0,25000.0,863.94,0,0,0,3,1,0
89424da96a3ffff,14229.0,33000.0,98.4,0,0,1,5,12,0
89424da96a7ffff,0.0,33000.0,121.8,0,0,1,5,19,0
89424da96abffff,0.0,33000.0,243.92,0,0,0,5,17,0
89424da96afffff,0.0,33000.0,360.92,0,0,1,6,23,0
89424da96b3ffff,0.0,33000.0,230.21,0,0,1,3,11,0
89424da96b7ffff,0.0,33000.0,29.58,0,2,1,3,12,0
89424da96c3ffff,4152.0,25000.0,803.85,1,0,0,0,0,0
89424da9803ffff,4933.0,24000.0,97.32,0,0,0,0,0,0
89424da9807ffff,0.0,24000.0,180.42,0,0,0,0,0,0
89424da980fffff,0.0,24000.0,138.27,0,0,0,0,0,0
89424da9813ffff,0.0,24000.0,94.85,0,0,0,0,0,0
89424da9823ffff,3469.0,20000.0,96.12,0,0,0,0,0,0
89424da9827ffff,0.0,20000.0,71.69,0,0,0,0,0,0
89424da982fffff,0.0,20000.0,104.74,0,0,0,0,0,0
89424da9837ffff,0.0,20000.0,179.17,0,0,0,0,0,0
89424da983bffff,0.0,24000.0,67.35,0,0,0,0,0,0
89424da9843ffff,17390.0,24333.333333333332,198.82,0,0,0,0,0,0
89424da9847ffff,0.0,24000.0,117.17,0,0,0,0,0,0
89424da984bffff,0.0,24333.333333333332,320.89,0,0,0,0,1,0
89424da984fffff,0.0,24333.333333333332,166.73,0,0,0,0,1,0
89424da9857ffff,0.0,24000.0,267.51,0,0,0,0,0,0
89424da9863ffff,15998.0,20000.0,158.57,0,0,0,0,0,0
89424da9867ffff,0.0,20000.0,30.52,0,0,0,0,0,0
89424da986fffff,0.0,20000.0,85.67,0,0,0,0,0,0
89424da9877ffff,0.0,24000.0,45.89,0,0,0,0,0,0
89424da9883ffff,342.0,24000.0,715.8,0,0,0,0,0,0
89424da98a3ffff,1416.0,24000.0,216.36,0,0,0,0,0,0
89424da98a7ffff,0.0,24000.0,147.6,0,0,0,0,0,0
89424da98c3ffff,6204.0,25333.333333333332,56.62,0,0,0,0,0,0
89424da98cbffff,0.0,25333.333333333332,195.81,0,0,0,0,0,0
89424da9903ffff,1563.0,25000.0,273.94,0,0,0,0,0,0
89424da9907ffff,0.0,25000.0,177.31,0,0,0,0,0,0
89424da9923ffff,4543.0,32000.0,712.02,0,0,0,0,0,0
89424da9943ffff,10796.0,25000.0,104.56,0,0,0,0,0,0
89424da9957ffff,0.0,25000.0,173.39,0,0,0,0,0,0
89424da9963ffff,9794.0,32000.0,209.04,0,0,0,0,0,0
89424da996bffff,0.0,32000.0,87.63,0,0,0,0,0,0
89424da996fffff,0.0,32000.0,79.55,0,0,0,0,0,0
89424da9983ffff,171.0,20000.0,1150.05,0,0,0,0,0,0
89424da99a3ffff,1099.0,25000.0,890.88,0,0,0,0,0,0
89424da99c3ffff,2101.0,20000.0,731.89,0,0,0,0,0,0
89424da9a03ffff,16999.0,79800.0,144.87,1,1,2,1,4,0
89424da9a0bffff,0.0,35000.0,160.54,1,0,2,1,7,0
89424da9a0fffff,0.0,19500.0,104.83,1,0,2,1,3,0
89424da9a13ffff,0.0,79800.0,149.75,1,1,3,1,4,0
89424da9a17ffff,0.0,79800.0,114.68,1,1,2,1,3,0
89424da9a1bffff,0.0,15500.0,85.07,1,1,3,1,7,0
89424da9a23ffff,19344.0,22750.0,140.15,1,0,0,2,7,0
89424da9a27ffff,0.0,22750.0,127.39,0,0,0,2,8,0
89424da9a2fffff,0.0,22750.0,118.85,0,0,0,2,8,0
89424da9a33ffff,0.0,22750.0,291.59,1,0,0,2,8,0
89424da9a37ffff,0.0,22750.0,102.44,0,0,0,2,7,0
89424da9a3bffff,0.0,12000.0,92.42,1,0,0,3,9,0
89424da9a43ffff,20004.0,15500.0,314.88,1,0,8,2,10,0
89424da9a47ffff,0.0,35000.0,125.38,1,0,4,1,7,0
89424da9a53ffff,0.0,15500.0,111.46,2,1,8,2,10,0
89424da9a57ffff,0.0,15500.0,212.25,1,1,7,2,8,0
89424da9a5bffff,0.0,21250.0,246.78,1,1,8,1,10,0
89424da9a63ffff,20394.0,12000.0,76.62,1,0,0,3,4,0
89424da9a6bffff,0.0,23000.0,106.08,1,0,0,0,0,0
89424da9a73ffff,0.0,19500.0,250.31,1,0,2,1,2,0
89424da9a77ffff,0.0,12000.0,98.82,1,0,0,3,7,0
89424da9a83ffff,18196.0,24333.333333333332,439.23,0,1,2,0,1,0
89424da9a93ffff,0.0,24333.333333333332,86.82,0,1,0,0,1,0
89424da9aa3ffff,19906.0,24333.333333333332,253.31,0,0,0,0,2,0
89424da9aa7ffff,0.0,22750.0,170.43,0,0,0,0,2,0
89424da9aabffff,0.0,79800.0,174.16,1,0,0,1,3,0
89424da9aafffff,0.0,22750.0,44.5,0,0,0,0,4,0
89424da9ab7ffff,0.0,24333.333333333332,119.79,0,0,0,0,1,0
89424da9abbffff,0.0,24333.333333333332,295.15,0,0,0,1,3,0
89424da9ac3ffff,15974.0,28045.454545454544,266.21,1,1,3,2,5,0
89424da9acbffff,0.0,28045.454545454544,99.38,1,1,8,1,8,0
89424da9acfffff,0.0,15500.0,74.86,2,1,6,2,8,0
89424da9ad7ffff,0.0,28045.454545454544,101.32,1,1,3,2,4,0
89424da9adbffff,0.0,28045.454545454544,141.13,1,1,3,1,5,0
89424da9b03ffff,10380.0,25000.0,296.53,0,0,0,0,0,0
89424da9b17ffff,0.0,25000.0,572.83,0,0,0,0,0,0
89424da9b1bffff,0.0,20000.0,73.88,0,0,0,0,1,0
89424da9b23ffff,9843.0,32000.0,627.45,0,0,0,0,0,0
89424da9b27ffff,0.0,32000.0,305.46,0,0,0,0,0,0
89424da9b43ffff,17195.0,17000.0,162.23,0,0,0,2,7,0
89424da9b4bffff,0.0,36666.666666666664,96.01,0,0,0,2,7,1
89424da9b4fffff,0.0,17000.0,133.53,0,0,0,3,7,0
89424da9b53ffff,0.0,22750.0,176.37,0,0,0,2,7,0
89424da9b5bffff,0.0,22750.0,312.81,0,0,0,2,7,0
89424da9b63ffff,13971.0,17000.0,129.66,0,0,0,1,1,0
89424da9b67ffff,0.0,32000.0,294.09,0,0,0,1,0,0
89424da9b6bffff,0.0,17000.0,56.01,0,0,0,1,1,0
89424da9b6fffff,0.0,32000.0,147.2,0,0,0,1,0,0
89424da9b73ffff,0.0,17000.0,174.12,0,0,0,1,1,0
89424da9b7bffff,0.0,17000.0,151.36,0,0,0,1,1,0
89424da9b83ffff,14703.0,20000.0,514.95,0,0,0,0,0,0
89424da9b87ffff,0.0,25000.0,150.82,0,0,0,0,0,0
89424da9b8bffff,0.0,20000.0,404.81,0,0,0,0,0,0
89424da9ba3ffff,10405.0,25000.0,189.91,0,0,0,0,0,0
89424da9ba7ffff,0.0,32000.0,176.4,0,0,0,0,0,0
89424da9bc3ffff,16340.0,20000.0,82.85,0,0,0,0,3,0
89424da9bcbffff,0.0,22750.0,80.63,0,0,0,2,7,0
89424da9bcfffff,0.0,22750.0,115.52,0,0,0,0,4,0
89424da9bd3ffff,0.0,20000.0,168.04,0,0,0,0,0,0
89424da9bd7ffff,0.0,20000.0,199.9,0,0,0,0,0,0
89424da9bdbffff,0.0,22750.0,119.64,0,0,0,0,5,0
89424da9c03ffff,1099.0,25333.333333333332,550.45,0,0,0,1,0,0
89424da9c23ffff,391.0,25333.333333333332,1135.82,0,0,0,0,0,0
89424da9c43ffff,4909.0,32500.0,385.92,0,0,0,0,0,0
89424da9c47ffff,0.0,32500.0,62.79,0,0,0,0,0,0
89424da9c4fffff,0.0,32500.0,154.35,0,0,0,0,0,0
89424da9c63ffff,2663.0,25333.333333333332,664.8,0,0,0,0,0,0
89424da9c83ffff,48.0,32500.0,549.72,0,0,0,1,0,0
89424da9c8fffff,0.0,25333.333333333332,201.08,0,0,0,1,0,0
89424da9ca3ffff,144.0,25333.333333333332,412.97,0,0,0,1,0,0
89424da9cb3ffff,0.0,25333.333333333332,162.75,0,0,0,1,0,0
89424da9cbbffff,0.0,25333.333333333332,217.49,0,0,0,1,0,0
89424da9cc3ffff,305.0,32500.0,1050.55,0,0,0,0,0,0
89424da9d03ffff,342.0,24000.0,351.44,0,0,0,0,0,0
89424da9d17ffff,0.0,24000.0,179.32,0,0,0,0,0,0
89424da9d23ffff,147.0,24000.0,799.4,0,0,0,0,0,0
89424da9d43ffff,708.0,24000.0,203.03,0,0,0,0,0,0
89424da9d47ffff,0.0,24000.0,169.3,0,0,0,0,0,0
89424da9d4fffff,0.0,24000.0,146.91,0,0,0,0,0,0
89424da9d63ffff,391.0,24000.0,574.29,0,0,0,0,0,0
89424da9d83ffff,2750.0,24000.0,907.64,0,0,0,0,0,0
89424da9da3ffff,904.0,24000.0,614.71,0,0,0,0,0,0
89424da9dc3ffff,300.0,25333.333333333332,1000.04,0,0,0,0,0,0
89424da9e03ffff,15339.0,32500.0,45.92,0,0,0,0,1,0
89424da9e0bffff,0.0,37333.333333333336,58.91,0,1,0,0,1,0
89424da9e13ffff,0.0,32500.0,91.13,0,0,0,0,1,0
89424da9e17ffff,0.0,32500.0,62.31,0,0,0,0,1,0
89424da9e1bffff,0.0,32500.0,10.86,0,1,0,0,2,0
89424da9e23ffff,18758.0,25333.333333333332,373.49,0,0,0,0,0,0
89424da9e2fffff,0.0,24333.333333333332,48.65,0,0,0,0,0,0
89424da9e43ffff,17390.0,26500.0,84.79,0,1,0,0,2,0
89424da9e47ffff,0.0,26500.0,105.35,0,1,0,0,0,0
89424da9e4bffff,0.0,26500.0,180.91,0,1,0,0,4,0
89424da9e4fffff,0.0,26500.0,180.97,0,1,0,0,2,0
89424da9e57ffff,0.0,26500.0,159.54,0,1,0,0,2,0
89424da9e5bffff,0.0,26500.0,111.17,0,1,0,0,3,0
89424da9e63ffff,18513.0,37333.333333333336,330.99,0,2,0,0,0,0
89424da9e67ffff,0.0,37333.333333333336,157.76,0,1,0,0,0,0
89424da9e6fffff,0.0,28045.454545454544,126.41,1,1,1,0,2,0
89424da9e73ffff,0.0,37333.333333333336,233.28,0,1,0,0,0,0
89424da9e77ffff,0.0,37333.333333333336,138.19,0,1,0,0,0,0
89424da9e7bffff,0.0,37333.333333333336,141.89,0,2,0,0,1,0
89424da9e83ffff,12945.0,32500.0,76.93,0,0,0,0,1,0
89424da9e8bffff,0.0,32500.0,238.05,0,0,0,0,1,0
89424da9e8fffff,0.0,32500.0,111.42,0,0,0,0,1,0
89424da9e9bffff,0.0,32500.0,155.49,0,0,0,0,1,0
89424da9ea3ffff,10723.0,32500.0,231.72,0,0,0,0,1,0
89424da9eabffff,0.0,32500.0,151.03,0,0,0,0,1,0
89424da9eb3ffff,0.0,32500.0,43.48,0,0,0,0,1,0
89424da9ebbffff,0.0,32500.0,138.03,0,0,0,0,1,0
89424da9ec3ffff,17267.0,32500.0,19.71,0,0,0,0,4,0
89424da9ecbffff,0.0,26500.0,99.01,0,1,0,0,4,0
89424da9ed7ffff,0.0,32500.0,131.86,0,0,0,0,3,0
89424da9edbffff,0.0,137611.11111111112,169.05,0,0,0,1,3,0
89424dab003ffff,0.0,16550.0,111.19,0,0,0,0,2,0
89424dab00bffff,0.0,16550.0,140.34,0,0,0,0,3,0
89424dab00fffff,0.0,16550.0,48.82,0,0,0,1,4,0
89424dab01bffff,0.0,16550.0,141.6,0,0,0,0,1,0
89424dab02bffff,0.0,30000.0,103.75,0,0,0,1,4,0
89424dab03bffff,0.0,30000.0,94.49,0,0,0,1,4,0
89424dab043ffff,6255.0,16550.0,602.37,0,0,0,0,0,0
89424dab063ffff,15845.0,16550.0,119.17,0,0,0,1,4,0
89424dab067ffff,0.0,30000.0,147.66,0,0,0,1,4,0
89424dab06bffff,0.0,16550.0,55.07,0,0,0,1,4,0
89424dab06fffff,0.0,30000.0,50.53,0,0,0,1,4,0
89424dab073ffff,0.0,16550.0,87.64,0,0,0,1,4,0
89424dab077ffff,0.0,30000.0,136.88,0,0,0,1,4,0
89424dab0c3ffff,5068.0,16550.0,775.32,0,0,0,0,0,0
89424dab203ffff,18381.0,16550.0,177.11,0,1,0,1,2,0
89424dab213ffff,0.0,16550.0,99.86,0,1,0,0,0,0
89424dab223ffff,19204.0,16550.0,240.88,0,3,0,3,9,0
89424dab227ffff,0.0,16550.0,74.55,0,1,0,2,10,0
89424dab22fffff,0.0,16550.0,187.67,0,3,0,3,13,0
89424dab233ffff,0.0,16550.0,56.15,0,1,0,3,8,0
89424dab237ffff,0.0,16550.0,39.96,0,1,0,2,7,0
89424dab23bffff,0.0,16550.0,143.23,0,1,0,3,9,0
89424dab243ffff,15814.0,50000.0,151.12,0,0,0,1,10,0
89424dab247ffff,0.0,16550.0,85.19,0,0,0,2,13,0
89424dab253ffff,0.0,50000.0,66.93,0,0,0,0,7,0
89424dab25bffff,0.0,50000.0,160.59,0,0,0,1,8,0
89424dab263ffff,16067.0,16550.0,217.4,0,3,0,3,18,0
89424dab267ffff,0.0,16550.0,272.96,0,3,0,3,20,0
89424dab26bffff,0.0,16550.0,260.54,0,2,0,2,15,0
89424dab26fffff,0.0,16550.0,158.55,1,3,0,4,20,1
89424dab273ffff,0.0,16550.0,29.61,0,0,0,2,10,0
89424dab277ffff,0.0,16550.0,397.38,0,3,0,3,16,0
89424dab27bffff,0.0,16550.0,143.64,0,0,0,2,13,0
89424dab283ffff,10030.0,16550.0,493.49,0,1,0,0,0,0
89424dab287ffff,0.0,16550.0,173.98,0,1,0,0,0,0
89424dab28bffff,0.0,16550.0,441.45,0,1,0,0,0,0
89424dab2a3ffff,18158.0,16550.0,215.01,0,1,0,1,1,0
89424dab2a7ffff,0.0,16550.0,132.94,0,0,0,1,4,0
89424dab2b3ffff,0.0,16550.0,130.34,0,1,0,0,0,0
89424dab2b7ffff,0.0,16550.0,103.24,0,0,0,1,3,0
89424dab2bbffff,0.0,16550.0,170.59,0,1,0,0,0,0
89424dab2c3ffff,3677.0,50000.0,129.44,0,1,0,0,0,0
89424dab2c7ffff,0.0,16550.0,179.96,0,1,0,0,0,0
89424dab2cbffff,0.0,50000.0,19.89,0,0,0,0,0,0
89424dab303ffff,6148.0,30000.0,124.37,0,0,0,0,0,0
89424dab323ffff,6623.0,30000.0,384.47,0,0,0,0,0,0
89424dab32bffff,0.0,30000.0,161.69,0,0,0,0,0,0
89424dab343ffff,12232.0,30000.0,402.75,0,1,0,2,9,0
89424dab347ffff,0.0,30000.0,182.72,0,0,0,0,2,0
89424dab34bffff,0.0,30000.0,124.95,0,3,1,2,10,1
89424dab34fffff,0.0,30000.0,43.38,0,1,2,2,8,0
89424dab363ffff,17557.0,30000.0,268.41,0,0,1,0,2,0
89424dab367ffff,0.0,30000.0,158.01,0,0,0,0,1,0
89424dab36bffff,0.0,30000.0,74.63,0,0,2,0,2,0
89424dab36fffff,0.0,30000.0,176.78,0,0,1,0,1,0
89424dab377ffff,0.0,30000.0,166.39,0,0,0,0,1,0
89424dab37bffff,0.0,30000.0,239.93,0,0,2,0,2,0
89424dab383ffff,15687.0,30000.0,28.0,0,0,0,1,4,0
89424dab387ffff,0.0,30000.0,129.4,0,0,0,0,0,0
89424dab38bffff,0.0,30000.0,167.75,0,0,0,1,2,0
89424dab39bffff,0.0,30000.0,97.89,0,0,0,1,4,0
89424dab3a3ffff,7130.0,30000.0,341.66,0,0,0,0,0,0
89424dab3b3ffff,0.0,30000.0,152.33,0,0,0,0,0,0
89424dab3c3ffff,12137.0,30000.0,295.46,0,0,0,1,4,0
89424dab3cbffff,0.0,16550.0,276.96,0,1,0,3,7,1
89424dab3cfffff,0.0,30000.0,64.31,0,1,0,2,4,0
89424dab3d3ffff,0.0,16550.0,73.31,0,0,0,1,6,0
89424dab3d7ffff,0.0,30000.0,186.76,0,0,0,1,4,0
89424dab603ffff,936.0,20000.0,1862.05,0,0,0,0,0,0
89424dab623ffff,50.0,16550.0,1270.71,0,0,0,0,0,0
89424dab643ffff,2108.0,20000.0,923.45,0,0,0,0,0,0
89424dab663ffff,1538.0,50000.0,1006.16,0,0,0,0,0,0
89424dab683ffff,8.0,20000.0,1789.56,0,0,0,0,0,0
89424dab6a3ffff,2358.0,16550.0,1743.82,0,0,0,0,0,0
89424dab6c3ffff,4449.0,20000.0,1209.88,0,0,0,0,0,0
