h3_index,is_hotspot,lr_hotspot_probability,xgb_hotspot_probability,xgb_rank
89424d00003ffff,0,0.011142282082221238,0.0058988687,3600
89424d00023ffff,0,0.02748760414050836,0.02375179,2884
89424d00043ffff,0,0.025209828630603545,0.0058988687,3601
89424d00063ffff,0,0.06640706589323966,0.006060526,3568
89424d000a3ffff,0,0.0031520585814801875,0.0058988687,3602
89424d000c3ffff,0,0.003551201446155143,0.0058988687,3603
89424d00103ffff,0,0.036200172943014856,0.0090054935,3012
89424d00123ffff,0,0.22333878770060703,0.011786988,2996
89424d00127ffff,0,0.2393548935344878,0.045787264,2706
89424d0012bffff,0,0.16278654281122154,0.040763106,2783
89424d0012fffff,0,0.21441519203525733,0.03597871,2839
89424d00143ffff,0,0.06939685983882908,0.017605985,2953
89424d00163ffff,0,0.255071134696636,0.033576604,2846
89424d0016fffff,0,0.292834512028514,0.13160585,2485
89424d00183ffff,0,0.036830263307404534,0.008788707,3015
89424d001a3ffff,0,0.18076614132850238,0.008815402,3014
89424d001b7ffff,0,0.3085906869678972,0.17194733,2401
89424d001c3ffff,0,0.01070059593095607,0.008767015,3016
89424d00283ffff,0,0.023584419254264785,0.0058988687,3604
89424d002a3ffff,0,0.14014922112878728,0.00591889,3576
89424d002afffff,0,0.28497099636303297,0.046548083,2699
89424d00303ffff,0,0.21432921699859367,0.032177523,2850
89424d00307ffff,0,0.3129968638079261,0.17194733,2402
89424d0030fffff,0,0.26280759677306603,0.14824957,2467
89424d00313ffff,0,0.26912845841382643,0.13491715,2483
89424d00317ffff,0,0.3340765933428415,0.1710592,2443
89424d00323ffff,0,0.14240128173400618,0.023919355,2880
89424d00333ffff,0,0.29468314325832395,0.15603368,2457
89424d00343ffff,0,0.08270430687891096,0.006060526,3569
89424d00363ffff,0,0.1663960915226126,0.02524526,2873
89424d00373ffff,0,0.31973334640435663,0.17194733,2403
89424d00383ffff,0,0.17112994793673098,0.024012096,2876
89424d0038fffff,0,0.36213469294854655,0.17171378,2423
89424d003a3ffff,0,0.26123468484109663,0.044569608,2724
89424d003a7ffff,0,0.2804656479368597,0.16882429,2448
89424d003afffff,0,0.32532594539809817,0.17171378,2424
89424d003b3ffff,0,0.31076106000666226,0.17112134,2442
89424d003b7ffff,0,0.275096647272464,0.112016164,2495
89424d003bbffff,0,0.3585550596634786,0.17171378,2425
89424d003c3ffff,0,0.15200827956721277,0.006020997,3571
89424d003dbffff,0,0.269887015642666,0.0380944,2830
89424d00483ffff,0,0.005124804352399569,0.0060847276,3564
89424d004a3ffff,0,0.000652803052534876,0.0058988687,3605
89424d004c3ffff,0,0.00475808501875593,0.0058988687,3606
89424d00523ffff,0,0.012358205011990895,0.008767015,3017
89424d00603ffff,0,0.000657989244276272,0.005900258,3596
89424d00623ffff,0,0.00449828955317683,0.0058988687,3607
89424d00643ffff,0,0.0003473832377316082,0.0058988687,3608
89424d00663ffff,0,0.002818973610898144,0.0058988687,3609
89424d006c3ffff,0,8.636939371697127e-05,0.0060847276,3565
89424d00803ffff,0,0.24737828321302316,0.10404,2505
89424d00817ffff,0,0.26359356883597773,0.20987077,2383
89424d0081bffff,0,0.3091504875094416,0.28549466,2371
89424d00823ffff,0,0.2527812601126822,0.050689206,2604
89424d0082bffff,0,0.28872961331874125,0.1483164,2466
89424d00833ffff,0,0.2777219984705434,0.16950351,2445
89424d00837ffff,0,0.307762769046811,0.15787195,2456
89424d00843ffff,0,0.20070268665019575,0.6812965,2223
89424d00847ffff,0,0.320471016554537,0.95514894,1895
89424d00853ffff,0,0.3173690560634106,0.2870373,2369
89424d00857ffff,0,0.25982066721320335,0.04470475,2723
89424d00863ffff,0,0.23532776460051485,0.60171175,2279
89424d0086bffff,0,0.31411354714491135,0.9545876,1898
89424d00873ffff,0,0.3205641539660958,0.88998896,2072
89424d00877ffff,0,0.31659746122548715,0.17186853,2422
89424d0087bffff,0,0.2958128854009482,0.9615621,1860
89424d00883ffff,0,0.10769860806619105,0.97476953,1791
89424d00887ffff,0,0.17321337466150558,0.9274357,1952
89424d008a3ffff,0,0.2977841786786645,0.38573986,2322
89424d008a7ffff,0,0.29030362110012176,0.15392192,2458
89424d008abffff,0,0.29759066553629704,0.57770604,2289
89424d008afffff,0,0.3755270261554452,0.61593735,2265
89424d008c3ffff,0,0.1723743322990526,0.114229806,2493
89424d008d3ffff,0,0.3538813197287226,0.95795715,1878
89424d008d7ffff,0,0.2333895823709529,0.9815486,1736
89424d00903ffff,0,0.2810237896961731,0.16547945,2453
89424d0090fffff,0,0.36943505699146306,0.9843025,1639
89424d0091bffff,0,0.192528329861966,0.08299517,2526
89424d00923ffff,0,0.3964125296354313,0.99314344,713
89424d00927ffff,1,0.5543198083923048,0.99579597,6
89424d0092bffff,0,0.5094594666283324,0.99579597,7
89424d0092fffff,1,0.6164180275656328,0.99579597,8
89424d00937ffff,0,0.5889279501864233,0.99579597,9
89424d0093bffff,0,0.5451766910648002,0.99579597,10
89424d00943ffff,0,0.23909464756475599,0.5848817,2285
89424d00947ffff,0,0.3008214590882238,0.87129945,2087
89424d0094fffff,0,0.2940878538011105,0.87025607,2088
89424d00957ffff,0,0.27964617187903174,0.11371725,2494
89424d00963ffff,0,0.2191333697758931,0.98783654,1435
89424d00967ffff,0,0.41068121368162314,0.99417764,597
89424d0096bffff,0,0.3105465599576998,0.99331975,705
89424d0096fffff,0,0.4259328975828322,0.99503034,439
89424d00973ffff,0,0.3162884815069902,0.17204176,2400
89424d00977ffff,0,0.42358543191042614,0.9957257,184
89424d00983ffff,0,0.14885092585916718,0.98701376,1486
89424d0098bffff,0,0.283444382081203,0.1501597,2461
89424d009a3ffff,0,0.23119718927438257,0.9799109,1756
89424d009a7ffff,0,0.2960631867146551,0.9878181,1436
89424d009abffff,0,0.25454069736885293,0.98328066,1689
89424d009b3ffff,0,0.24018085666756978,0.7446818,2182
89424d009bbffff,0,0.2843012042080994,0.9577103,1880
89424d009c3ffff,0,0.21825277252969566,0.031006815,2854
89424d009cfffff,0,0.2842646899227662,0.11509653,2491
89424d009d3ffff,0,0.32220357764997026,0.171887,2421
89424d00a03ffff,0,0.2440654332107299,0.70983094,2211
89424d00a0bffff,0,0.23815103478095692,0.1348347,2484
89424d00a0fffff,1,0.2639136639781345,0.17237566,2398
89424d00a17ffff,0,0.305902457531806,0.9545642,1899
89424d00a1bffff,0,0.32104162056090824,0.17160062,2433
89424d00a23ffff,0,0.0657718505124813,0.023840647,2883
89424d00a3bffff,0,0.14717122304411606,0.105609655,2499
89424d00a83ffff,0,0.3356896563746025,0.91982186,1982
89424d00a9bffff,0,0.30361383794702035,0.17194733,2404
89424d00aa3ffff,0,0.28602228393113915,0.9052611,2043
89424d00aafffff,0,0.28432249619428,0.9525278,1905
89424d00ab3ffff,0,0.3120802840691009,0.9607344,1864
89424d00ab7ffff,0,0.24763197945057797,0.94124484,1918
89424d00abbffff,0,0.37024688140172074,0.96213263,1853
89424d00ac3ffff,0,0.175554102051686,0.025161047,2874
89424d00acfffff,0,0.2873539541973281,0.14677723,2474
89424d00ad7ffff,0,0.3457150123491437,0.17194733,2405
89424d00adbffff,0,0.3194138306591648,0.17194733,2406
89424d00b03ffff,0,0.19970567146696136,0.40351367,2318
89424d00b07ffff,0,0.2697582872666017,0.7683672,2146
89424d00b0bffff,0,0.3233036923605124,0.32685617,2343
89424d00b0fffff,0,0.39705752284229934,0.63942575,2228
89424d00b13ffff,0,0.2866016764600332,0.73508996,2191
89424d00b23ffff,0,0.26794644801297524,0.43548816,2312
89424d00b27ffff,0,0.3022627345388201,0.981102,1746
89424d00b2fffff,0,0.33238914592970425,0.6297695,2241
89424d00b33ffff,0,0.3539125239759376,0.8903637,2068
89424d00b37ffff,0,0.36564491865706117,0.9950239,443
89424d00b3bffff,0,0.32582293857954125,0.63421273,2237
89424d00b43ffff,0,0.2747219116621571,0.05627886,2551
89424d00b4bffff,0,0.2556074589730596,0.14357586,2481
89424d00b4fffff,0,0.28939617400494644,0.60847646,2274
89424d00b57ffff,0,0.26858241550660505,0.04791534,2674
89424d00b63ffff,0,0.20877142308624852,0.33872545,2340
89424d00b67ffff,0,0.38706671577690704,0.63942575,2229
89424d00b6bffff,0,0.35247873058637125,0.63942575,2230
89424d00b73ffff,0,0.3961703731126445,0.63942575,2231
89424d00b77ffff,0,0.32353838487083,0.6391616,2232
89424d00b83ffff,0,0.13349366399124998,0.50847006,2302
89424d00b9bffff,0,0.2748410928755446,0.16600528,2452
89424d00ba3ffff,0,0.3085843706609657,0.9213503,1977
89424d00ba7ffff,0,0.3382536879777828,0.9948328,473
89424d00bb7ffff,0,0.35719806523950276,0.96208304,1854
89424d00bbbffff,0,0.3038913991867228,0.8772311,2082
89424d00bc3ffff,0,0.22198524266381767,0.032076523,2851
89424d00bc7ffff,0,0.3180297514727469,0.05852654,2542
89424d00bcfffff,0,0.31025358224742067,0.17127046,2441
89424d00bd3ffff,0,0.291042307160787,0.9545604,1900
89424d00bd7ffff,0,0.2953400752273725,0.14791726,2468
89424d00c03ffff,0,0.47079472526069277,0.9941459,609
89424d00c07ffff,0,0.33536398777759213,0.9938539,649
89424d00c0bffff,0,0.4044576521955947,0.9653844,1833
89424d00c0fffff,0,0.3995286753712555,0.99543643,345
89424d00c13ffff,0,0.2743523507673093,0.15280142,2459
89424d00c1bffff,0,0.25371516797029825,0.8608286,2102
89424d00c23ffff,1,0.29056172672851815,0.9831507,1698
89424d00c27ffff,0,0.4338620361747258,0.9904596,1030
89424d00c2bffff,0,0.3508350430426758,0.98738486,1467
89424d00c2fffff,0,0.42235223581888204,0.9904218,1040
89424d00c33ffff,0,0.4200302332011249,0.99543643,346
89424d00c37ffff,0,0.41026247155734163,0.9904596,1031
89424d00c43ffff,0,0.27880572826447425,0.5395858,2292
89424d00c4bffff,0,0.3809339273316054,0.61593735,2266
89424d00c4fffff,0,0.4709467921116604,0.9866005,1527
89424d00c63ffff,0,0.2912558810894825,0.92737633,1953
89424d00c67ffff,0,0.39204671318624795,0.98948705,1219
89424d00c6bffff,0,0.4631744633602576,0.9955935,281
89424d00c73ffff,0,0.44043561263773434,0.99533975,355
89424d00c77ffff,1,0.40325759167328357,0.99543643,347
89424d00c7bffff,0,0.46156043292903387,0.9955935,282
89424d00c83ffff,0,0.2635177247561723,0.056490883,2548
89424d00c8bffff,0,0.3350736230092734,0.17194733,2407
89424d00c9bffff,0,0.30764609252262237,0.17194733,2408
89424d00ca3ffff,0,0.2085856459881671,0.98857474,1361
89424d00cabffff,0,0.34142395675792997,0.99536276,353
89424d00cafffff,0,0.42403998176940433,0.99547696,308
89424d00cc3ffff,0,0.1174717325605404,0.023883983,2882
89424d00d03ffff,0,0.30646162477021976,0.94179463,1917
89424d00d0fffff,0,0.32602030178722263,0.9905293,1017
89424d00d13ffff,0,0.3416800511187086,0.96756446,1811
89424d00d17ffff,0,0.32926822439025005,0.92561483,1964
89424d00d23ffff,0,0.15239100320782076,0.9894381,1223
89424d00d27ffff,0,0.2530261421580132,0.9913125,830
89424d00d2fffff,0,0.3394873854526727,0.994669,480
89424d00d33ffff,0,0.18393512216570332,0.9834696,1681
89424d00d43ffff,0,0.13424312773324382,0.8679859,2092
89424d00d53ffff,0,0.259090395616352,0.9835737,1674
89424d00d57ffff,1,0.13105485008586681,0.9359456,1922
89424d00d63ffff,0,0.27792090882113923,0.021942997,2946
89424d00d67ffff,0,0.37420408126761157,0.9924226,754
89424d00d6fffff,0,0.30321833499390766,0.147537,2470
89424d00d77ffff,0,0.2353138782044869,0.98259306,1716
89424d00d83ffff,0,0.2818409073215102,0.7453003,2179
89424d00d87ffff,0,0.293115288726414,0.91648346,2003
89424d00d8fffff,0,0.3254064395392377,0.92561483,1965
89424d00da3ffff,0,0.26987587423101855,0.8669902,2095
89424d00da7ffff,0,0.4126129463268206,0.9956119,276
89424d00dabffff,0,0.31310948697400315,0.98988134,1192
89424d00db3ffff,0,0.2925954631507011,0.9174335,1999
89424d00db7ffff,0,0.29230047157511313,0.9246673,1971
89424d00dbbffff,1,0.24873959439012147,0.9083191,2035
89424d00dc3ffff,0,0.25015370580905455,0.98074687,1749
89424d00dcbffff,1,0.3719914280473359,0.9896681,1212
89424d00dd3ffff,0,0.36855575741104296,0.995655,246
89424d00dd7ffff,0,0.2859677180371851,0.98005795,1754
89424d00ddbffff,0,0.4381281672653071,0.98996824,1175
89424d00e03ffff,0,0.2977049125027746,0.99160135,811
89424d00e07ffff,0,0.35310195213831186,0.9925469,745
89424d00e0bffff,0,0.379946010881196,0.9954062,350
89424d00e0fffff,0,0.2789732746062226,0.9923874,758
89424d00e17ffff,0,0.45384955935011373,0.9958011,5
89424d00e23ffff,0,0.4660776415975747,0.9941681,602
89424d00e2fffff,0,0.4280140720459995,0.9890859,1290
89424d00e33ffff,0,0.45067620215695975,0.99499136,454
89424d00e43ffff,0,0.3064129020353767,0.055246834,2556
89424d00e4bffff,0,0.33624166994369314,0.17194733,2409
89424d00e4fffff,0,0.3092921860258578,0.17194733,2410
89424d00e53ffff,0,0.27585877028304906,0.1721628,2399
89424d00e5bffff,0,0.31599910432287126,0.17171378,2426
89424d00e63ffff,0,0.21602027241268543,0.98913485,1277
89424d00e73ffff,0,0.3053371224340112,0.9946653,481
89424d00e77ffff,0,0.342417901436767,0.9954062,351
89424d00e7bffff,0,0.32325016160235814,0.9952946,358
89424d00e83ffff,0,0.22292234919062848,0.012247034,2990
89424d00e87ffff,0,0.28445558470215865,0.2925638,2367
89424d00e9bffff,0,0.3219687189176032,0.069551684,2533
89424d00ea3ffff,0,0.46592030193470274,0.9944989,498
89424d00ea7ffff,0,0.48382712447625936,0.9866005,1528
89424d00eafffff,1,0.4778228805237285,0.99558616,284
89424d00eb3ffff,0,0.47115297358251595,0.9866005,1529
89424d00eb7ffff,0,0.34330381343210364,0.9778541,1776
89424d00ec3ffff,0,0.13803151580506337,0.01761128,2952
89424d00ed3ffff,0,0.2776453909857383,0.11097032,2496
89424d00edbffff,0,0.21946782997380493,0.114662476,2492
89424d01d83ffff,0,0.31857474934796304,0.055225324,2557
89424d01d87ffff,0,0.29676643507395367,0.171348,2437
89424d01d97ffff,0,0.3154169555736678,0.17194733,2411
89424d01da3ffff,0,0.26163486844512984,0.04393618,2730
89424d01dafffff,0,0.26957290457059335,0.1769678,2394
89424d01db3ffff,0,0.3017803938711774,0.17147364,2435
89424d01db7ffff,0,0.31025834110751865,0.17194733,2412
89424d01dbbffff,0,0.28072315726555963,0.14630744,2478
89424d02003ffff,0,0.07292710258401108,0.023350151,2928
89424d02023ffff,0,0.07709742981790216,0.023350151,2929
89424d02043ffff,0,0.12594456260316444,0.0058988687,3610
89424d0205bffff,0,0.25454973509112905,0.043371167,2740
89424d02063ffff,0,0.018188702512784007,0.0058988687,3611
89424d02083ffff,0,0.20404877231790014,0.025741387,2872
89424d02097ffff,0,0.3070436933919436,0.17194733,2413
89424d020a3ffff,0,0.2526515707541853,0.03293374,2847
89424d020c3ffff,0,0.2407425999031138,0.0077860607,3074
89424d02103ffff,0,0.010722762896340674,0.023350151,2930
89424d02123ffff,0,0.0034271446451899228,0.02335671,2923
89424d02143ffff,0,0.020039881140919393,0.02338258,2901
89424d02163ffff,0,0.002783119822383722,0.023350151,2931
89424d02183ffff,0,0.03247118680516171,0.023350151,2932
89424d021a3ffff,0,0.013991611691711843,0.02335671,2924
89424d021c3ffff,0,0.08591305936762561,0.023373635,2907
89424d02203ffff,0,0.1376940005005042,0.0058988687,3612
89424d0221bffff,0,0.2658519256838527,0.038623672,2820
89424d02223ffff,0,0.018999555862190196,0.0058988687,3613
89424d02243ffff,0,0.09576890293882329,0.0058988687,3614
89424d02263ffff,0,0.032974169930864466,0.0058988687,3615
89424d02283ffff,0,0.12015024079373117,0.00591889,3577
89424d02293ffff,0,0.24887722891780553,0.03747059,2835
89424d022a3ffff,0,0.03796216306925209,0.0058988687,3616
89424d022c3ffff,0,0.13783726458923343,0.0058988687,3617
89424d02303ffff,0,0.0012980412971540104,0.008767015,3018
89424d02343ffff,0,0.0022633158756511108,0.0058988687,3618
89424d02363ffff,0,0.000268160615770029,0.008767015,3019
89424d02383ffff,0,0.010876135045690172,0.023373635,2908
89424d023a3ffff,0,0.0029280301568979277,0.02338258,2902
89424d023c3ffff,0,0.005482449669139369,0.005903806,3588
89424d02403ffff,0,0.056388674330599214,0.005900258,3597
89424d02423ffff,0,0.18802377531370984,0.02350149,2887
89424d02437ffff,0,0.28363427335478636,0.14707513,2472
89424d02443ffff,0,0.2982913264210585,0.014272389,2973
89424d02463ffff,0,0.17963918877090299,0.005925494,3574
89424d0246fffff,0,0.28583889511662125,0.046548083,2700
89424d02483ffff,0,0.02820997231012519,0.006591491,3285
89424d024a3ffff,0,0.20233138143922919,0.008147803,3054
89424d024a7ffff,0,0.24062216003420717,0.049037114,2629
89424d024c3ffff,0,0.06428093660763208,0.0058988687,3619
89424d02503ffff,0,0.022212406265815565,0.006591491,3286
89424d02523ffff,0,0.11442464618668104,0.006591491,3287
89424d02543ffff,0,0.11281497840929508,0.023350151,2933
89424d02563ffff,0,0.06462747841292268,0.02335671,2925
89424d02583ffff,0,0.025732261336001865,0.006591491,3288
89424d025a3ffff,0,0.052619816583236695,0.006591491,3289
89424d025c3ffff,0,0.11041421951088513,0.006591491,3290
89424d02603ffff,0,0.10432907866479213,0.0058988687,3620
89424d02623ffff,0,0.26272248347824523,0.014332107,2972
89424d0262bffff,0,0.293461458726514,0.046727777,2685
89424d0262fffff,0,0.2871392115676184,0.046585992,2697
89424d02643ffff,0,0.1377559295231808,0.0058988687,3621
89424d0265bffff,0,0.26519741110596884,0.03894503,2815
89424d02663ffff,0,0.25610181782707675,0.014347661,2971
89424d0266bffff,0,0.27928460227874685,0.04159282,2767
89424d0266fffff,0,0.30638832609021693,0.046727777,2686
89424d02673ffff,0,0.27149793044301257,0.038316373,2824
89424d02683ffff,0,0.15768015177871214,0.005900608,3594
89424d026a3ffff,0,0.06923800731070315,0.0058988687,3622
89424d026c3ffff,0,0.06778561801895286,0.0058988687,3623
89424d02843ffff,0,0.02028148989387436,0.023373635,2909
89424d02923ffff,0,0.015596278701975367,0.0066035227,3160
89424d02943ffff,0,0.011516735360941268,0.023387617,2897
89424d02963ffff,0,0.011523031868200152,0.006608845,3141
89424d02983ffff,0,0.0004107531232561774,0.0066035227,3161
89424d029c3ffff,0,0.0015599798857412128,0.0066035227,3162
89424d02a03ffff,0,0.1995081880185715,0.02497932,2875
89424d02a07ffff,0,0.3109121776008113,0.17194733,2414
89424d02a0fffff,0,0.3339505131172979,0.17194733,2415
89424d02a23ffff,0,0.101044822404795,0.023387251,2898
89424d02a43ffff,0,0.10082712320996852,0.023399275,2893
89424d02a63ffff,0,0.2969851000876076,0.055268332,2555
89424d02a67ffff,0,0.2854562296803784,0.14790659,2469
89424d02a73ffff,0,0.2948209324194886,0.17129147,2439
89424d02a83ffff,0,0.05372919240806405,0.023373635,2910
89424d02aa3ffff,0,0.11446067864686466,0.023373635,2911
89424d02ac3ffff,0,0.031125867151485062,0.02335671,2926
89424d02b03ffff,0,0.3247321376637874,0.96915877,1806
89424d02b0fffff,0,0.33380253993793974,0.9849448,1606
89424d02b23ffff,0,0.13563825530188361,0.023890674,2881
89424d02b2bffff,0,0.31686006275447304,0.9856848,1571
89424d02b43ffff,0,0.1566742581339512,0.934794,1925
89424d02b63ffff,0,0.2566260763831157,0.9602795,1867
89424d02b67ffff,0,0.3460639134310308,0.9857971,1565
89424d02b6bffff,0,0.3590307576600482,0.99551994,294
89424d02b6fffff,0,0.31395665769189945,0.9856075,1578
89424d02b77ffff,0,0.31458536896551437,0.98563814,1573
89424d02b7bffff,0,0.32040317637195825,0.9856872,1570
89424d02ba3ffff,0,0.057010132985776424,0.023350151,2934
89424d02bc3ffff,0,0.05127419601555693,0.023350151,2935
89424d02c03ffff,0,0.010305573924783769,0.023373635,2912
89424d02c23ffff,0,0.002170843780972653,0.023373635,2913
89424d02c63ffff,0,0.001292328378195027,0.02338258,2903
89424d02c83ffff,0,0.06416521333491827,0.006591491,3291
89424d02ca3ffff,0,0.011276683143673673,0.006591491,3292
89424d02cc3ffff,0,0.02191739162329114,0.023361856,2919
89424d02d03ffff,0,0.00022934492877060475,0.0066035227,3163
89424d02dc3ffff,0,0.0014537288079616438,0.006591491,3293
89424d02e03ffff,0,0.0014412075579792105,0.023391321,2896
89424d02e23ffff,0,0.007494204372686103,0.023409853,2891
89424d02e43ffff,0,0.0010588026772978014,0.023373635,2914
89424d02ea3ffff,0,0.0009508510566344192,0.02338258,2904
89424d02ec3ffff,0,0.0005102606644290235,0.02338258,2905
89424d03003ffff,0,0.00017912454135043972,0.0058988687,3624
89424d03023ffff,0,0.00023762584516274224,0.0058988687,3625
89424d03063ffff,0,2.971558356439013e-05,0.0058988687,3626
89424d03083ffff,0,0.0014161010966201137,0.0058988687,3627
89424d030a3ffff,0,0.0007018978878276805,0.0058988687,3628
89424d030c3ffff,0,0.0004292110319438291,0.0058988687,3629
89424d03103ffff,0,0.002915123778903299,0.0058988687,3630
89424d03123ffff,0,0.0018992058399675445,0.0058988687,3631
89424d03143ffff,0,0.0004440949719906141,0.0058988687,3632
89424d03163ffff,0,0.0004469812607764751,0.0058988687,3633
89424d03183ffff,0,0.014853096945143947,0.0058988687,3634
89424d031a3ffff,0,0.014709362013235293,0.0058988687,3635
89424d031c3ffff,0,0.001919888001717747,0.0058988687,3636
89424d03383ffff,0,6.136787601323066e-05,0.0058988687,3637
89424d03403ffff,0,0.021397588605578517,0.0058988687,3638
89424d03423ffff,0,0.01110178615751318,0.0058988687,3639
89424d03443ffff,0,0.003209228122298509,0.0058988687,3640
89424d03463ffff,0,0.003283778660377524,0.0058988687,3641
89424d03483ffff,0,0.08258032192364503,0.0058988687,3642
89424d034a3ffff,0,0.08377098800002691,0.0058988687,3643
89424d034c3ffff,0,0.011104406848055855,0.0058988687,3644
89424d03503ffff,0,0.018799146962992636,0.0058988687,3645
89424d03523ffff,0,0.03437964109757859,0.0058988687,3646
89424d03543ffff,0,0.005629763915275264,0.0058988687,3647
89424d03563ffff,0,0.0048501112109707,0.0058988687,3648
89424d03583ffff,0,0.11930914210520384,0.0058988687,3649
89424d035a3ffff,0,0.10721492992822389,0.0058988687,3650
89424d035c3ffff,0,0.042486578529414024,0.0058988687,3651
89424d03603ffff,0,0.001915531604731893,0.0059122103,3580
89424d03683ffff,0,0.007939072675772652,0.0058988687,3652
89424d036a3ffff,0,0.0009480430526516657,0.0058988687,3653
89424d036c3ffff,0,0.012814875522965063,0.0058988687,3654
89424d04003ffff,0,0.6265310855672643,0.98794764,1428
89424d04007ffff,0,0.8183811410907894,0.99564826,251
89424d0400bffff,0,0.7845373989109516,0.9907112,956
89424d0400fffff,1,0.5754531658325456,0.9902998,1084
89424d04017ffff,0,0.8706624443483661,0.9907579,910
89424d04023ffff,0,0.5881266045830481,0.98743254,1463
89424d04027ffff,0,0.7478345046897393,0.98697275,1490
89424d04043ffff,0,0.8010915002576128,0.99239516,757
89424d04047ffff,0,0.881006725622754,0.99578863,150
89424d0404bffff,1,0.9180960952249867,0.99579597,11
89424d04053ffff,0,0.8715483150580043,0.99421096,575
89424d0405bffff,1,0.8819357231044065,0.9957866,158
89424d04063ffff,1,0.30867608082815695,0.97829074,1772
89424d0406bffff,1,0.5713422920068789,0.9907112,957
89424d04073ffff,0,0.5651984322628816,0.9907112,958
89424d04083ffff,0,0.9429116355511669,0.988356,1383
89424d04087ffff,0,0.9418297689827332,0.9907579,911
89424d0408bffff,0,0.8811852446565555,0.9907579,912
89424d0408fffff,0,0.9141398534305794,0.9907579,913
89424d04093ffff,0,0.897438233765898,0.98709863,1480
89424d04097ffff,0,0.9055607699843337,0.99048114,1029
89424d0409bffff,0,0.8726075392646352,0.9889956,1303
89424d040a3ffff,0,0.983410667457252,0.994478,515
89424d040a7ffff,1,0.9963685738767639,0.99579597,12
89424d040abffff,0,0.959744407032718,0.99579597,13
89424d040afffff,0,0.9638582946576064,0.99579597,14
89424d040b3ffff,0,0.9321467053225269,0.9866432,1523
89424d040b7ffff,0,0.9958137862987504,0.9956455,253
89424d040bbffff,0,0.9460563321802598,0.99066836,976
89424d040c3ffff,1,0.8262779456940884,0.988356,1384
89424d040c7ffff,0,0.7811544928134014,0.98693055,1500
89424d040cbffff,0,0.9542475954588654,0.9951432,421
89424d040d3ffff,1,0.8631190693926122,0.99579597,15
89424d040d7ffff,1,0.8565163340608808,0.9907579,914
89424d040dbffff,0,0.8957131797930803,0.99579597,16
89424d04103ffff,0,0.9407876454219767,0.9828003,1709
89424d04107ffff,0,0.8342704362766328,0.9869839,1488
89424d0410bffff,1,0.933735392621336,0.9901791,1140
89424d0410fffff,0,0.9337925302973463,0.9901791,1141
89424d04113ffff,0,0.9962637285158368,0.9951497,413
89424d04117ffff,0,0.9731790229453199,0.9911433,839
89424d0411bffff,1,0.9908852175036493,0.99579597,17
89424d04123ffff,0,0.2665193815312007,0.97958136,1764
89424d0412bffff,0,0.6703183144975069,0.99028563,1091
89424d04143ffff,0,0.6922602296529959,0.9876891,1444
89424d04147ffff,0,0.8529080239631748,0.9901294,1159
89424d0414fffff,0,0.8007602235631538,0.9902302,1122
89424d04153ffff,1,0.9018629727118793,0.9907112,959
89424d04157ffff,0,0.8689912230547564,0.9868091,1513
89424d0415bffff,0,0.49047224181091686,0.98585105,1564
89424d04163ffff,0,0.6921373404457375,0.9943319,537
89424d04167ffff,0,0.703024413473673,0.99560493,280
89424d0416bffff,0,0.6004049277507515,0.99390054,640
89424d0416fffff,1,0.7056079037871963,0.99570197,198
89424d04173ffff,0,0.8860398805282923,0.9901791,1142
89424d0417bffff,0,0.8087652849438385,0.9901791,1143
89424d04183ffff,1,0.9998762933089248,0.9944989,499
89424d04187ffff,0,0.9988417792459278,0.99579597,18
89424d0418bffff,1,0.9998486733712071,0.99579597,19
89424d0418fffff,0,0.9990030175338782,0.9942076,578
89424d04193ffff,1,0.9998934121610911,0.9942602,557
89424d04197ffff,1,0.9997309896903711,0.99579597,20
89424d0419bffff,0,0.999919141527869,0.9957901,112
89424d041a3ffff,0,0.8165065977692433,0.9888398,1333
89424d041b3ffff,0,0.9500652546888566,0.9911973,831
89424d041c3ffff,1,0.9985318177782176,0.99449587,511
89424d041c7ffff,1,0.9987545722519419,0.99579597,21
89424d041cbffff,0,0.9620894138970925,0.99035555,1054
89424d041cfffff,1,0.9738626860967764,0.9907112,960
89424d041d3ffff,0,0.998440092506632,0.99421555,573
89424d041d7ffff,1,0.9996449036294175,0.99420136,583
89424d04203ffff,0,0.3519508579276218,0.9820284,1726
89424d0420fffff,0,0.42488569757762706,0.9290167,1943
89424d04213ffff,0,0.5514210860047938,0.99290967,726
89424d04217ffff,0,0.6378029257329202,0.9937251,664
89424d0421bffff,0,0.44922624588117643,0.99044275,1035
89424d04223ffff,0,0.2543428066650728,0.8021139,2122
89424d04227ffff,0,0.3357077576604044,0.92701364,1955
89424d0422bffff,0,0.3325796238368783,0.926922,1957
89424d0422fffff,0,0.36953825946043567,0.9273241,1954
89424d04233ffff,0,0.494446920267475,0.99040765,1043
89424d04237ffff,0,0.4179143927064772,0.9906538,979
89424d0423bffff,0,0.45885014645989314,0.9290167,1944
89424d04243ffff,0,0.3159055384540955,0.99048233,1025
89424d04247ffff,0,0.18272263578191775,0.93428713,1927
89424d04253ffff,0,0.4090351613714156,0.9957135,189
89424d04257ffff,0,0.4001988055978069,0.9902418,1111
89424d04263ffff,0,0.10348538293854462,0.7432239,2184
89424d0427bffff,0,0.102243905145877,0.6302472,2240
89424d04283ffff,0,0.866788118655807,0.9923712,763
89424d04287ffff,0,0.9071815470426593,0.99579597,22
89424d0428bffff,0,0.8351854605389689,0.99415946,606
89424d0428fffff,1,0.8954990212985495,0.99579597,23
89424d04293ffff,0,0.8998005577383683,0.99439543,523
89424d04297ffff,0,0.9119599173288986,0.99579597,24
89424d0429bffff,0,0.8662838130640121,0.995705,197
89424d042a3ffff,0,0.8047047345445114,0.99249244,749
89424d042a7ffff,1,0.6337158886276454,0.9957302,181
89424d042abffff,0,0.758950078674563,0.99579597,25
89424d042b3ffff,0,0.9202991240869179,0.99579597,26
89424d042bbffff,1,0.8873395515485255,0.9957936,103
89424d042c3ffff,0,0.6091828695619592,0.99450517,486
89424d042c7ffff,0,0.6251225742103027,0.99579597,27
89424d042cbffff,1,0.5259774756671945,0.9957901,113
89424d042cfffff,0,0.5268525384102144,0.9957223,187
89424d042d3ffff,0,0.6819272335671814,0.99579597,28
89424d042dbffff,0,0.6682843521693662,0.99579597,29
89424d04303ffff,0,0.34247686367794355,0.9920656,785
89424d04307ffff,0,0.3924096454674105,0.99525255,367
89424d04313ffff,0,0.2822363434785705,0.8985193,2050
89424d04317ffff,0,0.3062443630216466,0.984532,1632
89424d04323ffff,0,0.25724097052456874,0.9804031,1752
89424d04327ffff,0,0.3878252443362523,0.9845767,1627
89424d0432bffff,0,0.39240276488851433,0.98895025,1312
89424d0432fffff,0,0.37682589077116824,0.9845767,1628
89424d0433bffff,0,0.2959012010827399,0.98388946,1662
89424d04343ffff,0,0.27300003213081764,0.9801386,1753
89424d04347ffff,0,0.3818230702117298,0.9915763,812
89424d04363ffff,0,0.3814547331544971,0.986909,1504
89424d0436fffff,0,0.36088120418432085,0.9857617,1567
89424d04377ffff,0,0.30615329481319914,0.9865864,1535
89424d0437bffff,0,0.4748674124201461,0.992106,776
89424d04383ffff,1,0.2892225611367845,0.84819436,2109
89424d04387ffff,1,0.23233195471688017,0.98317945,1697
89424d0439bffff,0,0.35733825066123026,0.90168,2045
89424d043a3ffff,0,0.5458174872542016,0.99324536,709
89424d043a7ffff,0,0.6057057036314747,0.99393684,635
89424d043afffff,0,0.280312246240018,0.9914914,818
89424d043b3ffff,0,0.5946597300516719,0.9869023,1505
89424d043b7ffff,0,0.6985261911080036,0.9901791,1144
89424d043c3ffff,0,0.1711245119818166,0.70314497,2215
89424d043cbffff,0,0.275646561331074,0.9090221,2033
89424d043dbffff,0,0.45226722526709284,0.9905997,1008
89424d04403ffff,0,0.30850410020211905,0.98345774,1682
89424d04407ffff,0,0.5452676791575914,0.99514925,415
89424d0440bffff,0,0.44994477937370686,0.9870376,1483
89424d0440fffff,0,0.45723995055728833,0.9957245,185
89424d04413ffff,0,0.2916390731230801,0.98313934,1699
89424d04417ffff,0,0.3891150626919662,0.9842465,1641
89424d0441bffff,0,0.40625634916006675,0.99053866,1015
89424d04423ffff,0,0.8849740684901899,0.9938235,656
89424d04427ffff,0,0.8533234848023811,0.98872733,1351
89424d0442fffff,0,0.8419686826533695,0.9870617,1481
89424d04433ffff,0,0.7769244558109765,0.9954453,317
89424d04437ffff,0,0.9025306304612495,0.99528384,359
89424d0443bffff,0,0.5612828371333476,0.99360275,678
89424d04443ffff,0,0.49935863749200626,0.99116194,837
89424d04447ffff,0,0.5290766584042691,0.9892963,1268
89424d0444bffff,0,0.4347446169542373,0.9901325,1157
89424d0444fffff,1,0.7299110508031347,0.9957874,156
89424d04453ffff,1,0.4097464918667688,0.99162173,810
89424d04457ffff,0,0.4570965577024371,0.99076116,879
89424d0445bffff,0,0.44744471935647967,0.9939347,637
89424d04463ffff,0,0.7668125595373023,0.9936352,672
89424d04467ffff,0,0.8444765854802925,0.99578804,152
89424d0446bffff,0,0.8831732653751637,0.99579597,30
89424d0446fffff,0,0.8236586302174359,0.99578804,153
89424d04473ffff,0,0.6575963965503642,0.99622583,2
89424d04477ffff,0,0.7831789870065945,0.99579597,31
89424d0447bffff,0,0.8461626037018501,0.99579597,32
89424d04483ffff,0,0.2284246260311127,0.9750087,1790
89424d04487ffff,0,0.31280824261513673,0.9880818,1419
89424d04493ffff,0,0.5018541627598873,0.99021226,1130
89424d04497ffff,0,0.3347592918729425,0.9882125,1412
89424d0449bffff,0,0.524618141539504,0.99021226,1131
89424d044a3ffff,0,0.671031241239912,0.98639244,1540
89424d044a7ffff,0,0.7943233681649373,0.9894325,1234
89424d044abffff,0,0.7077448621884188,0.995502,304
89424d044afffff,1,0.7915129459671216,0.9894325,1235
89424d044b3ffff,0,0.5505954115129863,0.989124,1281
89424d044b7ffff,0,0.7121024471810439,0.9894325,1236
89424d044bbffff,0,0.5351412893629297,0.989124,1282
89424d044c3ffff,1,0.46403401441843534,0.99139374,820
89424d044c7ffff,0,0.419791934296778,0.9850134,1605
89424d044cbffff,0,0.4771253235892885,0.9933203,704
89424d044cfffff,0,0.44711402828179897,0.99072593,936
89424d044d3ffff,0,0.5689273224745046,0.9941306,612
89424d044dbffff,0,0.3946098882970116,0.9890535,1301
89424d04503ffff,0,0.6294576433597459,0.99172205,801
89424d04507ffff,0,0.9428131180533413,0.9956758,237
89424d0450bffff,1,0.9339076984361148,0.99411774,614
89424d04513ffff,0,0.5411610918651764,0.99579597,33
89424d04517ffff,0,0.5041591469601591,0.99575186,175
89424d0451bffff,0,0.6659693062557902,0.99421555,574
89424d04523ffff,0,0.9976588092098125,0.99450517,487
89424d04527ffff,1,0.995250265578077,0.99579597,34
89424d0452bffff,1,0.9996210235878229,0.9957851,164
89424d0452fffff,1,0.9996020123066421,0.99579597,35
89424d04533ffff,0,0.9760271615539201,0.99579597,36
89424d04537ffff,0,0.9797359157539639,0.9941907,587
89424d0453bffff,0,0.9970654137102792,0.9957621,172
89424d04543ffff,1,0.9263343780316019,0.99450517,488
89424d04547ffff,0,0.9772338712807268,0.99439543,524
89424d0454bffff,0,0.9145403647340868,0.9907579,915
89424d0454fffff,1,0.9935160810754923,0.99579597,37
89424d04557ffff,0,0.9239486317843671,0.99579597,38
89424d0455bffff,0,0.8960454795293495,0.98692626,1502
89424d04563ffff,0,0.9946861865175674,0.99234885,765
89424d04567ffff,1,0.9999319005946422,0.9942755,549
89424d0456bffff,0,0.9974839021927389,0.99579597,39
89424d0456fffff,0,0.9996011021118979,0.9956502,249
89424d04573ffff,0,0.9953180532806811,0.99579597,40
89424d04577ffff,0,0.9980531929322357,0.99579597,41
89424d0457bffff,0,0.9957357598960728,0.99579597,42
89424d04583ffff,0,0.6772867057708115,0.99450517,489
89424d04587ffff,0,0.5839630103041762,0.99385256,650
89424d0458fffff,0,0.6653672101798067,0.99579597,43
89424d04593ffff,0,0.7069191698921382,0.99527514,362
89424d04597ffff,0,0.6691640239367495,0.99579597,44
89424d045a3ffff,0,0.7073138874009973,0.9942583,558
89424d045a7ffff,0,0.76705085129143,0.9956455,254
89424d045afffff,0,0.8896644662581884,0.99564415,255
89424d045b3ffff,0,0.6528457241486779,0.9954385,344
89424d045b7ffff,0,0.5664036669022092,0.9956178,269
89424d045bbffff,0,0.6349368334900295,0.99565667,245
89424d045c3ffff,1,0.860507265630806,0.99450517,490
89424d045c7ffff,0,0.8037756012274013,0.99579597,45
89424d045cbffff,1,0.957020102695313,0.99579597,46
89424d045cfffff,1,0.9344541295671885,0.99579597,47
89424d045d3ffff,0,0.7554521129955014,0.9907603,884
89424d045d7ffff,1,0.8256471085702183,0.99579597,48
89424d045dbffff,0,0.8906378048631279,0.99579597,49
89424d04603ffff,1,0.7244570353291782,0.9923749,761
89424d04607ffff,0,0.738625201857013,0.9954453,318
89424d0460bffff,1,0.7862838310587577,0.9957851,165
89424d0460fffff,0,0.6417262409730543,0.9938886,642
89424d04617ffff,0,0.6710897305389162,0.9951242,424
89424d0461bffff,0,0.738849772919065,0.99474925,474
89424d04623ffff,1,0.7808708775962486,0.99207324,784
89424d04627ffff,0,0.9063551821327696,0.99579597,50
89424d0462fffff,1,0.8072760477226003,0.994253,560
89424d04633ffff,0,0.8168330665384763,0.99526477,365
89424d0463bffff,0,0.8246667778211854,0.99579597,51
89424d04643ffff,1,0.8226597287982151,0.99450517,491
89424d04647ffff,1,0.8674517305502789,0.99579597,52
89424d0464bffff,0,0.8523958100214106,0.99422026,568
89424d0464fffff,1,0.856287443719562,0.995728,183
89424d04653ffff,0,0.7402911898807726,0.9938481,651
89424d04657ffff,1,0.8202028109949142,0.9944061,521
89424d0465bffff,1,0.8480713136043767,0.9904974,1021
89424d04663ffff,0,0.6763957372473522,0.9943131,541
89424d0466bffff,1,0.6217238719118912,0.994189,589
89424d0466fffff,0,0.6499289505591145,0.99579597,53
89424d04673ffff,0,0.6139049799534866,0.9942096,577
89424d0467bffff,0,0.6975096877613056,0.9942685,551
89424d04683ffff,0,0.3674893832803302,0.98696035,1491
89424d04687ffff,0,0.4703064495693053,0.9901325,1158
89424d0468fffff,0,0.5764288267760629,0.9933224,703
89424d04693ffff,0,0.38134499044739817,0.9929859,722
89424d04697ffff,0,0.37554149779720486,0.99180275,797
89424d0469bffff,0,0.39077316279575064,0.99302274,720
89424d046a3ffff,0,0.6872582877359589,0.9903935,1047
89424d046a7ffff,1,0.884536058707339,0.99579597,54
89424d046abffff,0,0.6739924173212098,0.9941017,615
89424d046afffff,0,0.8198581280365995,0.9951704,406
89424d046b7ffff,0,0.810913946098388,0.9943077,543
89424d046bbffff,1,0.4293435279425654,0.990118,1160
89424d046c3ffff,0,0.5877313425987484,0.99231887,768
89424d046c7ffff,0,0.6681456806049878,0.99485373,469
89424d046cbffff,0,0.7343799536050546,0.99538773,352
89424d046cfffff,1,0.6766585118843506,0.99418116,595
89424d046dbffff,0,0.6378393845980588,0.99579597,55
89424d04803ffff,0,0.054669024035305526,0.3014286,2362
89424d0480fffff,0,0.14976542491683392,0.9330076,1935
89424d04823ffff,0,0.12139499913317185,0.9480747,1909
89424d04843ffff,0,0.3483835829628632,0.98562044,1575
89424d0484bffff,0,0.36440700254428665,0.98858,1360
89424d0484fffff,0,0.30250406757179626,0.9846489,1623
89424d04853ffff,0,0.30643227102111126,0.9835079,1677
89424d0485bffff,0,0.4256712220309515,0.98835975,1381
89424d04863ffff,0,0.5441561139788836,0.9936547,671
89424d04877ffff,1,0.31887974683072745,0.993766,661
89424d0487bffff,1,0.15986221952648152,0.9823714,1719
89424d04883ffff,0,0.041209902259455346,0.9342337,1928
89424d048a3ffff,0,0.05734745388797941,0.026021397,2870
89424d048c3ffff,0,0.1476944647932705,0.97076327,1800
89424d04903ffff,0,0.22508412120622026,0.2828169,2372
89424d04913ffff,0,0.3608287438477676,0.6143172,2268
89424d0491bffff,0,0.3522438400129634,0.6101992,2271
89424d04923ffff,0,0.3192529508618229,0.9607805,1863
89424d04927ffff,0,0.3121845004713326,0.9932082,710
89424d0492bffff,0,0.40759463327254464,0.99502504,442
89424d0492fffff,0,0.44523909150865165,0.99522674,387
89424d04933ffff,0,0.48047024795544774,0.985504,1583
89424d04937ffff,0,0.39063011361357797,0.9951875,396
89424d0493bffff,0,0.3948189730674161,0.98475736,1620
89424d04943ffff,0,0.2886972316546074,0.3589858,2334
89424d04947ffff,0,0.3433145486596667,0.63493896,2236
89424d0494bffff,1,0.5531805654344423,0.9957901,114
89424d04957ffff,0,0.41871628839769426,0.6254254,2246
89424d04963ffff,0,0.3024751214553327,0.9643791,1837
89424d04967ffff,0,0.39025039628171115,0.9849178,1611
89424d04973ffff,0,0.4229291778502074,0.6254254,2247
89424d04977ffff,0,0.4280955518385429,0.985504,1584
89424d04983ffff,0,0.4286510564629574,0.96504205,1835
89424d04987ffff,0,0.3713295439650733,0.9783085,1771
89424d0498fffff,1,0.43032817070471696,0.9854669,1591
89424d04993ffff,0,0.5238074409978836,0.9866005,1530
89424d04997ffff,0,0.5117671084577875,0.9863245,1543
89424d0499bffff,0,0.5034213961784061,0.9866005,1531
89424d049a3ffff,0,0.3306746382352915,0.957152,1885
89424d049a7ffff,0,0.42990763310580127,0.9952321,384
89424d049abffff,0,0.41733927460677367,0.9847136,1621
89424d049afffff,0,0.43051786783176227,0.985504,1585
89424d049b7ffff,0,0.40115973287866724,0.99493223,460
89424d049c3ffff,0,0.2965028273476275,0.040751316,2785
89424d049c7ffff,0,0.40975612203002093,0.64391273,2226
89424d049d7ffff,0,0.4064246508673773,0.64391273,2227
89424d049dbffff,0,0.16799773104723034,0.108711414,2497
89424d04a03ffff,1,0.9937583739809172,0.99437547,529
89424d04a0bffff,1,0.9969837989394026,0.9957447,176
89424d04a0fffff,0,0.9840903026843757,0.99579597,56
89424d04a13ffff,0,0.9815029867330904,0.99071014,961
89424d04a17ffff,0,0.9916655894544057,0.9957901,115
89424d04a1bffff,1,0.988903292698059,0.9942321,566
89424d04a23ffff,1,0.7300124705110336,0.9921812,774
89424d04a27ffff,1,0.9247044714582823,0.9902815,1094
89424d04a2bffff,1,0.7474250201693526,0.9933719,700
89424d04a2fffff,0,0.8165797095533335,0.98880315,1343
89424d04a33ffff,0,0.7333875416382304,0.9939782,627
89424d04a37ffff,1,0.9133071950583231,0.9902834,1092
89424d04a3bffff,1,0.7241923921867971,0.99393684,636
89424d04a43ffff,0,0.974378887406562,0.9936741,667
89424d04a47ffff,0,0.9785738037088022,0.99578804,154
89424d04a4fffff,1,0.7072458335105007,0.9956714,239
89424d04a53ffff,0,0.9865757876028272,0.9935286,687
89424d04a57ffff,0,0.9916077641399328,0.99579597,57
89424d04a63ffff,0,0.9021215192313182,0.99350464,689
89424d04a67ffff,0,0.9219950289054948,0.9942864,548
89424d04a6bffff,1,0.8212274665219006,0.9943383,536
89424d04a6fffff,0,0.8923766284114114,0.9951803,398
89424d04a7bffff,1,0.8294509515882452,0.9951803,399
89424d04a83ffff,0,0.9589951893450172,0.9830962,1700
89424d04a87ffff,0,0.5194419419626001,0.98896766,1309
89424d04a8bffff,0,0.9761517951199608,0.99071014,962
89424d04a93ffff,0,0.7439359839192963,0.98678803,1514
89424d04a97ffff,0,0.4295493788968551,0.9867447,1518
89424d04aa3ffff,0,0.7522985401975784,0.9870368,1484
89424d04aa7ffff,1,0.7932014077740901,0.9852668,1596
89424d04aafffff,0,0.8575742993519082,0.99570197,199
89424d04ab3ffff,0,0.4127136037396556,0.9896995,1209
89424d04ac3ffff,0,0.96141984969432,0.9944989,500
89424d04ac7ffff,1,0.9529197505721476,0.9872183,1474
89424d04acbffff,0,0.9542809758845748,0.9941518,608
89424d04acfffff,1,0.9819653298695367,0.9957866,159
89424d04ad3ffff,0,0.9854293777164278,0.99071014,963
89424d04ad7ffff,1,0.9760179124954159,0.9898906,1188
89424d04adbffff,0,0.9764905036513697,0.9957901,116
89424d04b03ffff,0,0.6040341621690843,0.99238086,760
89424d04b07ffff,0,0.5677980391689754,0.9957901,117
89424d04b0bffff,0,0.6947492987457045,0.99564,257
89424d04b0fffff,0,0.4300599018364456,0.9957885,151
89424d04b13ffff,0,0.8017328969431059,0.9957901,118
89424d04b17ffff,0,0.8012599716805959,0.9957901,119
89424d04b1bffff,1,0.7695513519150902,0.9957901,120
89424d04b23ffff,0,0.24344716398744795,0.5994473,2283
89424d04b27ffff,0,0.2971341529250445,0.6012752,2281
89424d04b43ffff,0,0.5090691815884671,0.98880666,1342
89424d04b47ffff,0,0.4402364587364229,0.9936074,675
89424d04b4bffff,0,0.3845719007791664,0.99187773,796
89424d04b57ffff,0,0.8125270830879722,0.9943211,538
89424d04b5bffff,0,0.8513588386386691,0.98939776,1243
89424d04b63ffff,0,0.3070199196010904,0.7219099,2201
89424d04b6bffff,0,0.35829405684976917,0.9950239,444
89424d04b73ffff,0,0.5090090559732009,0.995439,332
89424d04b83ffff,1,0.6257962851481037,0.99197584,791
89424d04b87ffff,1,0.6318810882980975,0.9957227,186
89424d04b8bffff,1,0.8144531428881026,0.9957901,121
89424d04b8fffff,1,0.7925677312450182,0.9957901,122
89424d04b93ffff,0,0.4934219679729734,0.99277115,736
89424d04b97ffff,0,0.5615213308683347,0.9956391,259
89424d04b9bffff,0,0.6898102884277519,0.992788,731
89424d04ba3ffff,0,0.40705531179320326,0.99448425,512
89424d04babffff,0,0.4758462807960182,0.9952463,369
89424d04bb3ffff,0,0.45819055188124636,0.99564904,250
89424d04bbbffff,0,0.6875855368889997,0.9957901,123
89424d04bc3ffff,1,0.8754290124666535,0.9944989,501
89424d04bc7ffff,0,0.8124457189949115,0.9957901,124
89424d04bcfffff,0,0.8357782207251351,0.99410033,616
89424d04bd7ffff,0,0.7244717916441905,0.9941642,605
89424d04c03ffff,0,0.3941491463256096,0.994446,517
89424d04c0bffff,0,0.46644178832324423,0.9956371,261
89424d04c0fffff,0,0.41936185613644433,0.994052,618
89424d04c13ffff,1,0.5742721163338849,0.9956995,227
89424d04c17ffff,0,0.6256230954162785,0.9957901,125
89424d04c1bffff,1,0.5451067003811023,0.99570197,200
89424d04c23ffff,0,0.32982854546320656,0.9904273,1037
89424d04c2bffff,0,0.1690273272683168,0.992444,752
89424d04c2fffff,0,0.12214539362241232,0.99201703,787
89424d04c33ffff,0,0.5870525146990575,0.9957901,126
89424d04c37ffff,0,0.36043994791915906,0.99238205,759
89424d04c3bffff,0,0.31689449419907567,0.99326724,707
89424d04c43ffff,0,0.3062088460935074,0.98589903,1563
89424d04c47ffff,1,0.3807980274307186,0.9941335,610
89424d04c4bffff,0,0.2763148374214454,0.95931107,1869
89424d04c4fffff,0,0.28594821663386827,0.97722083,1778
89424d04c5bffff,0,0.25752327753283155,0.2621243,2379
89424d04c63ffff,0,0.1562968958267656,0.9902449,1109
89424d04c83ffff,1,0.5353106859871453,0.9943627,531
89424d04c87ffff,1,0.5764320685214315,0.9956709,241
89424d04c8bffff,0,0.5721980765372755,0.99570197,201
89424d04c8fffff,0,0.5506053647439874,0.99424696,562
89424d04c97ffff,1,0.6209587389290079,0.9954453,319
89424d04ca3ffff,0,0.5083714448988046,0.9919844,789
89424d04ca7ffff,0,0.5055003132758077,0.99525297,366
89424d04cb3ffff,0,0.609518891040505,0.99579597,58
89424d04cb7ffff,0,0.6241914793093046,0.99579597,59
89424d04cbbffff,0,0.6604954214172161,0.99579597,60
89424d04cc3ffff,0,0.31515765025088116,0.9837319,1669
89424d04ccfffff,0,0.4189640656551834,0.9950627,433
89424d04cd3ffff,0,0.3449563773322995,0.98911256,1287
89424d04cdbffff,0,0.335649628567227,0.9653343,1834
89424d04d03ffff,0,0.1744179610854105,0.3006541,2363
89424d04d23ffff,0,0.39794746275061565,0.9902543,1102
89424d04d2fffff,0,0.5346752830795747,0.9940242,623
89424d04d33ffff,0,0.5362448461188337,0.9926503,741
89424d04d37ffff,0,0.6751612721559025,0.99570197,202
89424d04d3bffff,0,0.2974948823856151,0.9927632,737
89424d04d43ffff,0,0.07365790969971145,0.9481817,1908
89424d04d63ffff,0,0.1575051505492351,0.3020109,2361
89424d04d67ffff,0,0.38279547080664506,0.98159003,1734
89424d04d6fffff,0,0.3344784925326576,0.9811842,1743
89424d04d77ffff,0,0.2511130265733423,0.9734995,1797
89424d04d7bffff,0,0.08043451630200699,0.10852406,2498
89424d04d83ffff,0,0.43477083254236476,0.19783488,2388
89424d04da3ffff,1,0.6664260303013636,0.99384713,652
89424d04dafffff,0,0.6654273692680026,0.9956938,230
89424d04db3ffff,0,0.5663156216919133,0.9869421,1498
89424d04dc3ffff,0,0.34733881172392433,0.35526246,2336
89424d04dc7ffff,0,0.46712246249529094,0.6234602,2248
89424d04dd3ffff,0,0.5104195067180722,0.9866144,1524
89424d04ddbffff,0,0.3632677684037637,0.9753943,1788
89424d04e03ffff,1,0.48049713349634054,0.99384713,653
89424d04e0fffff,0,0.5752035085858195,0.99394464,631
89424d04e13ffff,0,0.4099165678617092,0.9639328,1840
89424d04e17ffff,0,0.3509083479724815,0.9946845,479
89424d04e1bffff,0,0.46906346272090815,0.9952001,394
89424d04e23ffff,0,0.28782746442161566,0.9811816,1744
89424d04e27ffff,0,0.4307833532977306,0.99090093,852
89424d04e2bffff,1,0.3785233331038834,0.9861662,1554
89424d04e2fffff,0,0.5247310989558331,0.9902403,1117
89424d04e3bffff,0,0.6241998023651263,0.99570197,203
89424d04e43ffff,0,0.47277962875488344,0.98326284,1690
89424d04e47ffff,1,0.5911828219083154,0.9949634,459
89424d04e4bffff,0,0.3460790551604103,0.98418015,1646
89424d04e4fffff,0,0.491334616009792,0.9938616,647
89424d04e57ffff,0,0.4574404049274763,0.9817611,1729
89424d04e63ffff,0,0.8246741594936955,0.9944989,502
89424d04e6bffff,0,0.9681201950222749,0.9954619,313
89424d04e6fffff,0,0.9850986524908233,0.9906643,977
89424d04e77ffff,0,0.6288113697340167,0.99567354,238
89424d04e7bffff,1,0.7264608177626273,0.99520683,393
89424d04e83ffff,1,0.5030437638264208,0.98274803,1711
89424d04e87ffff,0,0.31556768091197956,0.98960376,1214
89424d04e8bffff,1,0.6169066236486769,0.9900577,1164
89424d04e8fffff,0,0.43785073469942265,0.92544174,1968
89424d04e97ffff,0,0.3767517841843554,0.9861374,1556
89424d04e9bffff,0,0.662758618924735,0.99027765,1097
89424d04ea3ffff,1,0.2872584157007232,0.9567258,1888
89424d04ea7ffff,0,0.4159834881258478,0.99522674,388
89424d04eabffff,0,0.4062613889096563,0.9848846,1616
89424d04eafffff,0,0.4180138388202342,0.99527776,361
89424d04eb3ffff,0,0.34011812223962257,0.9630285,1847
89424d04eb7ffff,0,0.3563285578014563,0.9846451,1624
89424d04ebbffff,0,0.357008805513584,0.98300177,1703
89424d04ec3ffff,0,0.5673070864783938,0.98728025,1471
89424d04ecbffff,0,0.22207874477255135,0.9814846,1737
89424d04ecfffff,0,0.45822876021422354,0.989152,1276
89424d05003ffff,0,0.32496902555660606,0.9919658,792
89424d0500fffff,0,0.484013510079557,0.995439,333
89424d05013ffff,0,0.40107803432797695,0.9941922,585
89424d0501bffff,0,0.3789511026015464,0.989124,1283
89424d05023ffff,0,0.3104358369203743,0.92544794,1967
89424d05027ffff,0,0.3428456099467076,0.95673937,1887
89424d05033ffff,0,0.31575225584486794,0.9932896,706
89424d05037ffff,0,0.3675405036773621,0.9638746,1842
89424d0503bffff,0,0.33725711161367866,0.99489766,466
89424d05043ffff,0,0.42869075421445757,0.9852867,1595
89424d05047ffff,0,0.38509872300503484,0.989394,1246
89424d0504fffff,0,0.42235000718139704,0.9893768,1254
89424d05057ffff,0,0.4727003781222604,0.98890275,1320
89424d0505bffff,0,0.5053649806779715,0.98943377,1230
89424d05063ffff,0,0.2894559957512865,0.9269722,1956
89424d0506bffff,0,0.28682740045827426,0.72397715,2199
89424d0506fffff,0,0.26256220617166937,0.7353753,2190
89424d05073ffff,0,0.32831729707941243,0.9879332,1429
89424d05083ffff,0,0.2743525682849575,0.98938966,1252
89424d05087ffff,1,0.3805126515199867,0.9939381,633
89424d0508bffff,0,0.35383519868184354,0.9904468,1034
89424d0508fffff,0,0.39411163154607304,0.9941767,598
89424d05093ffff,0,0.34402959707986214,0.96199137,1857
89424d0509bffff,0,0.2920277260539279,0.98635286,1541
89424d050a3ffff,0,0.34553496192741445,0.987648,1448
89424d050abffff,0,0.41577432482275045,0.9897876,1206
89424d050afffff,0,0.37296020153939935,0.99547213,309
89424d050b3ffff,0,0.4814506834752637,0.9957079,193
89424d050b7ffff,0,0.44084258653824937,0.99424696,563
89424d050bbffff,0,0.3778593000290104,0.9902227,1124
89424d050c3ffff,0,0.39533031091670595,0.98370653,1670
89424d050c7ffff,0,0.44280208738760074,0.9906538,980
89424d050cbffff,0,0.5485203687474737,0.98943377,1231
89424d050cfffff,0,0.5589979844878701,0.989124,1284
89424d050d3ffff,0,0.4812971254593424,0.9957874,157
89424d050dbffff,0,0.4946511920262171,0.9890758,1293
89424d05103ffff,0,0.29652666688496715,0.9757428,1787
89424d05107ffff,0,0.40850916582217517,0.9886708,1352
89424d0510bffff,0,0.30301405661376585,0.90680593,2041
89424d05117ffff,0,0.46883065963429044,0.98943484,1226
89424d0511bffff,0,0.5012395705111153,0.9887571,1349
89424d05123ffff,0,0.2419629582781477,0.012374009,2989
89424d0512fffff,0,0.1514905345164443,0.6198297,2250
89424d05133ffff,0,0.3378851552032246,0.9160835,2005
89424d05137ffff,0,0.28432517405943664,0.051744442,2589
89424d0513bffff,0,0.25766061151803843,0.060190402,2539
89424d05143ffff,0,0.38995880282741346,0.9202999,1981
89424d0514fffff,0,0.4307467883676953,0.89770937,2053
89424d05153ffff,0,0.44015001727363834,0.9577683,1879
89424d0515bffff,0,0.44837582534496234,0.96589494,1828
89424d05163ffff,0,0.07821142605763892,0.36371753,2333
89424d0516fffff,0,0.053898518443308466,0.035247587,2843
89424d05183ffff,1,0.5487040978258119,0.98744446,1462
89424d0518bffff,0,0.3628669372625209,0.9807369,1750
89424d0518fffff,0,0.4617840877020387,0.9881331,1417
89424d05193ffff,1,0.8316884384625931,0.99025285,1104
89424d05197ffff,0,0.5499410873636954,0.9938776,643
89424d0519bffff,0,0.7160855594731931,0.9905769,1011
89424d051a3ffff,0,0.20637953673739065,0.97442245,1792
89424d051abffff,0,0.41499356583758473,0.9889925,1305
89424d051bbffff,0,0.4268198012974341,0.9884753,1373
89424d051c3ffff,0,0.3027637292320942,0.980675,1751
89424d051c7ffff,0,0.4818142484954359,0.98502535,1604
89424d051d3ffff,0,0.5102411663623029,0.9954453,320
89424d051dbffff,0,0.3079525446801673,0.99310654,717
89424d05203ffff,0,0.07848082453401205,0.32591128,2344
89424d05223ffff,0,0.08780778429144237,0.006332056,3546
89424d05243ffff,0,0.2297375743700544,0.014068697,2976
89424d0524bffff,0,0.2606700692101058,0.040957265,2776
89424d05263ffff,0,0.06526498718080383,0.006605014,3156
89424d05283ffff,0,0.20315213690693573,0.9764404,1781
89424d0528fffff,0,0.2530086644279372,0.89286405,2062
89424d05297ffff,0,0.467237331723522,0.9894165,1239
89424d0529bffff,0,0.16763920569470975,0.9807703,1748
89424d052a3ffff,0,0.18267504771595938,0.74449813,2183
89424d052a7ffff,0,0.27136575667490476,0.7166622,2206
89424d052b3ffff,0,0.29657061945880575,0.9032465,2044
89424d052bbffff,0,0.282192490837297,0.91635305,2004
89424d052c3ffff,0,0.22983935626668367,0.9520864,1907
89424d052d3ffff,0,0.3358375792543107,0.9832284,1691
89424d05303ffff,0,0.17532236172983867,0.011017675,3006
89424d0531bffff,0,0.3146789485971137,0.075241745,2529
89424d05323ffff,0,0.22238950141338137,0.45466423,2309
89424d0533bffff,0,0.26993842789584227,0.808051,2121
89424d05343ffff,0,0.22080734955021572,0.010964002,3007
89424d0535bffff,0,0.2797132121994028,0.049435582,2622
89424d05363ffff,0,0.0849616710285079,0.37130234,2327
89424d05383ffff,0,0.3551527287339906,0.7415728,2185
89424d05393ffff,1,0.3066469028688508,0.95417845,1902
89424d05397ffff,0,0.3803087300466643,0.9603244,1866
89424d0539bffff,0,0.3772840045419656,0.17374034,2395
89424d053a3ffff,0,0.16113425297389009,0.41363943,2313
89424d053b3ffff,0,0.2810417140068887,0.833206,2117
89424d053bbffff,0,0.285484795441057,0.78676176,2133
89424d053c3ffff,0,0.175530145877782,0.0066343294,3126
89424d053c7ffff,0,0.3031738223172567,0.075241745,2530
89424d053d3ffff,0,0.2646272897421976,0.7777346,2138
89424d053dbffff,0,0.2877458591183757,0.049629472,2620
89424d05403ffff,1,0.3347567302595763,0.99385405,648
89424d05407ffff,0,0.2997993074280383,0.9842284,1643
89424d0540bffff,1,0.3864352961769867,0.9942722,550
89424d0540fffff,0,0.33848798501698496,0.9902418,1112
89424d05413ffff,0,0.4341124048217603,0.9952461,370
89424d05417ffff,1,0.41123672586676874,0.99361575,674
89424d0541bffff,0,0.4870887870743581,0.9957901,127
89424d05423ffff,0,0.33752256653611157,0.99450517,492
89424d05433ffff,0,0.3794066694130392,0.9890974,1288
89424d05437ffff,0,0.4230554124214507,0.9954453,321
89424d0543bffff,0,0.3013188741529461,0.9896079,1213
89424d05443ffff,0,0.48215559842408506,0.99450517,493
89424d0544bffff,0,0.5430581962650234,0.99579597,61
89424d05453ffff,1,0.561573321476685,0.9942619,555
89424d05457ffff,0,0.5637010236221284,0.99579597,62
89424d0545bffff,0,0.5100974718260014,0.99422747,567
89424d05463ffff,1,0.28159843548060065,0.93263215,1938
89424d05467ffff,1,0.2768874470274545,0.91103655,2023
89424d0546fffff,0,0.22845361016401713,0.99246323,751
89424d05477ffff,0,0.3565348318336703,0.98983365,1201
89424d0547bffff,0,0.39763734782980437,0.99514794,417
89424d05483ffff,0,0.5229710955636393,0.99434686,533
89424d05487ffff,0,0.48875767445516605,0.99570197,204
89424d0548bffff,0,0.3844683641510104,0.99403054,622
89424d0548fffff,0,0.4343887850988966,0.9955479,289
89424d05493ffff,0,0.6451297076051924,0.99570197,205
89424d05497ffff,1,0.6808757359522596,0.99570197,206
89424d0549bffff,0,0.6447912739156217,0.99570197,207
89424d054a3ffff,0,0.331300246031462,0.9932534,708
89424d054a7ffff,0,0.4841427346120168,0.9954453,322
89424d054abffff,0,0.40502290466148383,0.9890974,1289
89424d054afffff,1,0.34973346779601017,0.9935313,686
89424d054b3ffff,0,0.42282312108737746,0.99462664,484
89424d054b7ffff,0,0.4513937092907515,0.9954453,323
89424d054bbffff,0,0.4358017137566405,0.99511963,427
89424d054c3ffff,0,0.4198449532575572,0.99450517,494
89424d054c7ffff,0,0.41542867460679983,0.9956945,229
89424d054cbffff,0,0.5236078355816036,0.99611986,3
89424d054cfffff,0,0.541370508702642,0.99565035,248
89424d054d3ffff,0,0.5063703726781373,0.99569094,233
89424d054d7ffff,0,0.5688565937660396,0.99570197,208
89424d054dbffff,0,0.4665845102744073,0.9951535,411
89424d05503ffff,1,0.828017674783596,0.98835444,1388
89424d05507ffff,1,0.8808826130177375,0.9907603,885
89424d0550fffff,0,0.8715408220872708,0.99072504,941
89424d05513ffff,1,0.8283802752433915,0.99045753,1033
89424d05517ffff,1,0.8172006716350722,0.989059,1299
89424d05523ffff,0,0.7273336840967269,0.99207616,783
89424d05527ffff,0,0.6589559155290581,0.9957866,160
89424d0552bffff,1,0.8991013130873713,0.9956306,262
89424d0552fffff,1,0.7703297596934109,0.9938207,657
89424d05533ffff,0,0.7962069383658319,0.99352473,688
89424d0553bffff,1,0.8333768972562385,0.99562716,267
89424d05543ffff,0,0.4063461016427554,0.99435633,532
89424d05547ffff,0,0.7208121068714985,0.99570197,209
89424d0554bffff,0,0.3872627330343487,0.9956178,270
89424d0554fffff,0,0.45022213076693707,0.9956795,235
89424d05553ffff,0,0.4934181030052344,0.9957079,194
89424d05557ffff,0,0.7071475548737334,0.9955505,288
89424d0555bffff,0,0.3564447808021184,0.9954616,314
89424d05563ffff,0,0.729806702415152,0.9866014,1526
89424d0556fffff,0,0.6907640831752216,0.9877297,1440
89424d05573ffff,0,0.7470915637074671,0.9941821,594
89424d05577ffff,0,0.7699029719126878,0.9863185,1546
89424d0557bffff,1,0.6010756512479722,0.9941232,613
89424d05583ffff,0,0.5813746705757963,0.9836837,1673
89424d05587ffff,1,0.8423769362510769,0.9907603,886
89424d0558bffff,0,0.740895858929471,0.99076116,880
89424d0558fffff,0,0.8498563767173914,0.9907603,887
89424d05597ffff,0,0.7985617855975952,0.9904974,1022
89424d0559bffff,0,0.6518929728496984,0.98943484,1227
89424d055a3ffff,0,0.8327744957752202,0.99450517,495
89424d055abffff,1,0.866526079426788,0.99422026,569
89424d055afffff,0,0.8641939904425794,0.9956921,232
89424d055b3ffff,1,0.8438904238949467,0.99578804,155
89424d055b7ffff,1,0.7986960729814648,0.99579597,63
89424d055bbffff,1,0.8792284054474664,0.99573445,179
89424d055c3ffff,1,0.3462471351954848,0.9827104,1713
89424d055c7ffff,0,0.6507821926807106,0.9907044,966
89424d055cbffff,0,0.5142694946383543,0.9957079,195
89424d055d7ffff,0,0.5553652199516674,0.98943484,1228
89424d055dbffff,0,0.5540295791900748,0.9954453,324
89424d05603ffff,0,0.29216546071748684,0.16092819,2455
89424d05607ffff,1,0.49696820299252914,0.9880482,1423
89424d0560bffff,0,0.297006062425456,0.580579,2287
89424d05613ffff,0,0.4029201261634581,0.995211,392
89424d05617ffff,0,0.4484679355631162,0.9951171,429
89424d0561bffff,0,0.3533257542195848,0.9848271,1618
89424d05623ffff,0,0.3683368558906344,0.9788928,1769
89424d05627ffff,0,0.5061173952337479,0.98943377,1232
89424d0562bffff,0,0.5009727543477492,0.9887865,1345
89424d0562fffff,0,0.46858429444703437,0.9887865,1346
89424d05633ffff,0,0.5324958864319896,0.9887865,1347
89424d05637ffff,0,0.5162911407927823,0.98943377,1233
89424d0563bffff,0,0.42779742537756843,0.9841728,1648
89424d05643ffff,0,0.14539299978704956,0.022004195,2945
89424d0564bffff,0,0.3644128093958962,0.9863245,1544
89424d0564fffff,0,0.3516545501594333,0.9849232,1608
89424d0565bffff,0,0.31882192825365785,0.6283449,2244
89424d05663ffff,0,0.2714897376648631,0.9694845,1804
89424d05667ffff,0,0.3512107716830572,0.9928237,729
89424d0566bffff,1,0.3241401659388843,0.9849232,1609
89424d0566fffff,0,0.3053694987833821,0.995018,448
89424d05677ffff,0,0.47070529639385683,0.9954453,325
89424d05683ffff,0,0.4811875056541334,0.9944087,520
89424d05687ffff,0,0.5673508276311184,0.9957866,161
89424d0568bffff,1,0.4656792357392568,0.99511963,428
89424d0568fffff,0,0.5115851479530907,0.99579597,64
89424d05693ffff,0,0.5974208469170902,0.99579024,110
89424d05697ffff,0,0.5848042563761445,0.9957936,104
89424d0569bffff,0,0.5289195163427481,0.99579597,65
89424d056a3ffff,0,0.42263767730045193,0.993478,690
89424d056a7ffff,0,0.4345295841260776,0.9941907,588
89424d056abffff,0,0.5838381199952343,0.9954453,326
89424d056afffff,0,0.4671551091418907,0.9934294,695
89424d056b3ffff,1,0.5129768382126234,0.9957901,128
89424d056b7ffff,0,0.3978751811261239,0.9951242,425
89424d056bbffff,0,0.4989440275883134,0.9954453,327
89424d056c3ffff,1,0.2312595242279597,0.95462555,1897
89424d056c7ffff,0,0.35344604182337547,0.9848429,1617
89424d056cfffff,0,0.3105325318906119,0.98204976,1724
89424d056d3ffff,0,0.35796929799834637,0.99503034,440
89424d056d7ffff,0,0.2901404149215905,0.97815454,1775
89424d056dbffff,0,0.32685910742225965,0.9948351,472
89424d05803ffff,0,0.17903621463079455,0.97420657,1793
89424d05823ffff,0,0.2977040261302423,0.9696718,1803
89424d05827ffff,0,0.31404147006936534,0.6071915,2275
89424d0582bffff,0,0.31863958006011023,0.17194733,2416
89424d0582fffff,0,0.33643874963774406,0.61634994,2254
89424d05833ffff,0,0.3751498286814654,0.98388654,1663
89424d05843ffff,0,0.06691453199752491,0.006002315,3572
89424d05863ffff,0,0.19533827909271848,0.021604175,2948
89424d05867ffff,0,0.30990458079769806,0.12739946,2486
89424d0586fffff,0,0.3296243190641439,0.12739946,2487
89424d05883ffff,0,0.2859617450117206,0.9796439,1763
89424d05887ffff,0,0.2178850704714363,0.99152344,815
89424d0588bffff,1,0.38229981162445287,0.9889509,1311
89424d05893ffff,0,0.3617668394045545,0.98865217,1354
89424d0589bffff,0,0.3000887938587747,0.9435,1915
89424d058a3ffff,0,0.4433569036594112,0.990041,1167
89424d058abffff,0,0.41193619118880653,0.9954149,349
89424d058b3ffff,0,0.3136476900858982,0.9924807,750
89424d058bbffff,1,0.2598437746859099,0.9915388,814
89424d058c3ffff,0,0.24792531721495437,0.9532362,1903
89424d058c7ffff,0,0.3679300208451744,0.98825556,1406
89424d058cbffff,0,0.15137096242608747,0.9689939,1808
89424d058d7ffff,0,0.3258949141733184,0.9630819,1846
89424d05903ffff,0,0.18919103091513703,0.83500147,2115
89424d05917ffff,0,0.39067833304502203,0.96035355,1865
89424d05923ffff,0,0.48196275242212894,0.99048233,1026
89424d05927ffff,0,0.7392934840076657,0.99579597,66
89424d0592fffff,1,0.5316692449292033,0.99418485,590
89424d05933ffff,0,0.6938989397745005,0.9952298,385
89424d05943ffff,0,0.31548707048453983,0.9664885,1820
89424d05947ffff,0,0.21747544732061308,0.96742976,1813
89424d0594bffff,1,0.35045297917354606,0.9832284,1692
89424d0594fffff,0,0.33279840883667094,0.9832284,1693
89424d05957ffff,0,0.33987338374482434,0.9949984,453
89424d0595bffff,0,0.3361132090223824,0.9849448,1607
89424d05963ffff,0,0.19754167944543696,0.9356783,1923
89424d05967ffff,0,0.43089023294470913,0.9948997,465
89424d05983ffff,0,0.4537531869165365,0.9926358,742
89424d0598bffff,0,0.5169596969221165,0.99579185,108
89424d0598fffff,0,0.4662680743245424,0.99579597,67
89424d05993ffff,1,0.5855682029221404,0.9941719,601
89424d0599bffff,0,0.6080766150174088,0.9951439,419
89424d059a3ffff,0,0.8381166911606376,0.99250376,747
89424d059a7ffff,0,0.8523238778224158,0.9951803,400
89424d059abffff,0,0.7689585967491304,0.9957936,105
89424d059afffff,0,0.8498956369029859,0.9957621,173
89424d059b7ffff,0,0.7875159336472237,0.99362504,673
89424d059bbffff,0,0.7322190208980481,0.99579597,68
89424d059c3ffff,0,0.38364424820204196,0.9902058,1134
89424d059c7ffff,0,0.4854570595007767,0.9956306,263
89424d059cfffff,0,0.5084635911920834,0.99561614,274
89424d059d3ffff,0,0.6716797963536061,0.99576956,171
89424d059d7ffff,1,0.7407821242814606,0.99579597,69
89424d05a03ffff,0,0.1753187247876654,0.00845106,3031
89424d05a07ffff,0,0.2529234157832434,0.03992099,2803
89424d05a1bffff,0,0.10821016206474476,0.030325592,2862
89424d05a23ffff,0,0.2975379338817386,0.5218037,2297
89424d05a2bffff,0,0.30689645601284254,0.7470537,2173
89424d05a2fffff,0,0.24523117521772994,0.71490145,2207
89424d05a37ffff,0,0.27475716578000886,0.729108,2196
89424d05a3bffff,0,0.2776404860881627,0.7461395,2178
89424d05a43ffff,0,0.04999342607601717,0.3257452,2345
89424d05a53ffff,0,0.12951525308862524,0.8669479,2096
89424d05a63ffff,0,0.26008027726362704,0.5211849,2300
89424d05a67ffff,0,0.26278491590333836,0.70506126,2214
89424d05a6bffff,0,0.23964366608367152,0.04571516,2708
89424d05a6fffff,0,0.24150116369924,0.6962429,2220
89424d05a77ffff,0,0.2608136792057036,0.705249,2213
89424d05a83ffff,0,0.24997692862211124,0.98113334,1745
89424d05a97ffff,0,0.22403630906046673,0.03364965,2845
89424d05aa3ffff,0,0.18840981643855226,0.0198231,2949
89424d05aabffff,0,0.24940841896005794,0.041501477,2768
89424d05aafffff,0,0.2796797263523936,0.04910898,2626
89424d05ac3ffff,0,0.16464168338189175,0.9757944,1786
89424d05acbffff,0,0.24415722956994665,0.98226035,1721
89424d05adbffff,0,0.3825900572499944,0.98949987,1217
89424d05b03ffff,0,0.11167458410054353,0.023940217,2879
89424d05b23ffff,0,0.07960694633781754,0.5111693,2301
89424d05b37ffff,0,0.18418745467365152,0.8002193,2123
89424d05b43ffff,0,0.09569792203890215,0.32108012,2353
89424d05b63ffff,0,0.05676326031804197,0.023363512,2917
89424d05b83ffff,0,0.18088662829616228,0.28553522,2370
89424d05b87ffff,0,0.2280784146609571,0.9396581,1920
89424d05b97ffff,0,0.3639922860571957,0.61634994,2255
89424d05ba3ffff,0,0.2180870308058425,0.98945427,1222
89424d05babffff,0,0.24697946787742658,0.97400075,1794
89424d05bb3ffff,0,0.35913454532071637,0.9832284,1694
89424d05bbbffff,0,0.35988372090303405,0.6162102,2263
89424d05bc3ffff,0,0.18466385268343027,0.01790894,2951
89424d05bd3ffff,0,0.3218057201313065,0.12739946,2488
89424d05bdbffff,0,0.31644383439251267,0.12739946,2489
89424d05c03ffff,0,0.28153916639438137,0.97818315,1774
89424d05c0bffff,0,0.3306083113320736,0.98668516,1521
89424d05c13ffff,0,0.4370248609346703,0.98906946,1294
89424d05c1bffff,0,0.4034785536465777,0.990319,1070
89424d05c23ffff,0,0.13411311521308233,0.9757985,1784
89424d05c2bffff,0,0.22324100757619966,0.93911165,1921
89424d05c43ffff,0,0.2572779720458433,0.9821486,1723
89424d05c47ffff,0,0.43334423405895967,0.990319,1071
89424d05c4fffff,0,0.45049876017045043,0.99072504,942
89424d05c57ffff,0,0.3771116179747153,0.989455,1221
89424d05c63ffff,0,0.22491000980015347,0.97862816,1770
89424d05c77ffff,0,0.3765368770183874,0.92882156,1946
89424d05c7bffff,0,0.33287795078993826,0.98678446,1515
89424d05c83ffff,0,0.336642665571251,0.98818976,1413
89424d05c8bffff,0,0.328051171643767,0.9886199,1356
89424d05c8fffff,0,0.4373917973068284,0.989124,1285
89424d05c93ffff,0,0.3177122843050675,0.9900099,1172
89424d05c97ffff,0,0.4487092104972706,0.9906538,981
89424d05c9bffff,0,0.29416444130591207,0.9887541,1350
89424d05ca3ffff,0,0.38490042187216245,0.9899586,1176
89424d05ca7ffff,0,0.44787209826779717,0.992106,777
89424d05cb3ffff,0,0.45919037905833593,0.992106,778
89424d05cb7ffff,0,0.45506417915350195,0.992106,779
89424d05cbbffff,0,0.4131618069809429,0.9900445,1166
89424d05cc3ffff,0,0.24554716388839876,0.98378706,1665
89424d05cd7ffff,0,0.32910119485233785,0.988118,1418
89424d05cdbffff,0,0.26434259728504284,0.26152253,2380
89424d05d03ffff,1,0.8214667814599071,0.9944989,503
89424d05d07ffff,1,0.7357290871177038,0.99424547,564
89424d05d0bffff,1,0.8110477521919665,0.99416614,603
89424d05d0fffff,1,0.8328939926267471,0.9956389,260
89424d05d13ffff,0,0.799566334402021,0.9957901,129
89424d05d17ffff,1,0.775464480511621,0.9906292,1004
89424d05d1bffff,1,0.7922049362405541,0.9957901,130
89424d05d23ffff,0,0.40985914253007516,0.99048233,1027
89424d05d2fffff,0,0.43407966692083383,0.9954453,328
89424d05d33ffff,0,0.7120867961566204,0.99564004,256
89424d05d43ffff,0,0.5627843006149393,0.99419737,584
89424d05d47ffff,1,0.8005378535435322,0.9935862,682
89424d05d4fffff,0,0.7178600885264114,0.9939283,638
89424d05d53ffff,0,0.46365095351265434,0.994912,461
89424d05d57ffff,0,0.8414573923655129,0.9957901,131
89424d05d63ffff,0,0.812666691021229,0.9936608,670
89424d05d67ffff,0,0.8405270703809969,0.99579597,70
89424d05d6bffff,0,0.7394002000460947,0.9957901,132
89424d05d6fffff,0,0.691854528271219,0.99443865,518
89424d05d73ffff,0,0.9073119678699753,0.99563986,258
89424d05d77ffff,0,0.8397152884842999,0.9929397,724
89424d05d7bffff,1,0.8574118348490739,0.99425143,561
89424d05d83ffff,0,0.2641754601918025,0.9799078,1757
89424d05d8bffff,0,0.5589473676239053,0.98548484,1590
89424d05d93ffff,0,0.28281029947934494,0.98180395,1727
89424d05da3ffff,0,0.6906591647808353,0.98368895,1672
89424d05da7ffff,0,0.9799139466942528,0.9906292,1005
89424d05dabffff,0,0.7585617519087269,0.99042207,1039
89424d05db3ffff,0,0.4537783060811226,0.98416483,1649
89424d05dc3ffff,0,0.4563639565236459,0.98405576,1653
89424d05dc7ffff,0,0.688349954641705,0.99016714,1148
89424d05dcbffff,0,0.3883207397382915,0.99171776,802
89424d05dcfffff,0,0.6317539286153343,0.99003243,1169
89424d05ddbffff,0,0.5178304595217631,0.992106,780
89424d05e03ffff,0,0.3197098738313714,0.981559,1735
89424d05e07ffff,0,0.4167921828395843,0.98883665,1335
89424d05e23ffff,0,0.23007378978820434,0.98855597,1363
89424d05e3bffff,0,0.40542417718011875,0.9952652,364
89424d05e43ffff,0,0.3497123489962564,0.9871322,1479
89424d05e47ffff,0,0.36255174157396086,0.9874588,1461
89424d05e4bffff,0,0.303203763612676,0.91909844,1992
89424d05e4fffff,0,0.40684629042712633,0.9898391,1200
89424d05e57ffff,0,0.36515775134031253,0.988415,1376
89424d05e5bffff,0,0.2817232207808879,0.91141146,2020
89424d05e63ffff,0,0.3368558625002653,0.99384713,654
89424d05e6bffff,0,0.4366977057504781,0.99523896,383
89424d05e73ffff,0,0.42916660631764963,0.995439,334
89424d05e77ffff,0,0.35523940033484747,0.9950156,450
89424d05e7bffff,0,0.37555826557623134,0.995181,397
89424d05e83ffff,0,0.24345271116914138,0.9829581,1705
89424d05e97ffff,0,0.3958020152558912,0.99069923,970
89424d05ea3ffff,0,0.3873622885278872,0.98831826,1400
89424d05ea7ffff,0,0.2786910177375713,0.98422873,1642
89424d05eabffff,0,0.4133944782137856,0.99072504,943
89424d05eb3ffff,0,0.3725348203495844,0.9869806,1489
89424d05eb7ffff,0,0.42158504945322084,0.9903309,1067
89424d05ec3ffff,0,0.07001567324985287,0.007919366,3067
89424d06003ffff,0,0.25500882297749133,0.9878494,1434
89424d06007ffff,0,0.3496208427114272,0.9898551,1197
89424d0600bffff,0,0.36175269884504585,0.9899876,1173
89424d0600fffff,0,0.40777499755783464,0.9889263,1315
89424d06013ffff,0,0.3861630304577288,0.99072504,944
89424d06017ffff,0,0.30689604588003955,0.98694956,1497
89424d06023ffff,0,0.3769007540466789,0.99400145,625
89424d06027ffff,0,0.4577108715785898,0.9955259,292
89424d0602bffff,0,0.5410877950466457,0.9957079,196
89424d0602fffff,0,0.4912210485597743,0.99570054,226
89424d0603bffff,0,0.43027067073376146,0.98988676,1189
89424d06043ffff,0,0.2295827788343521,0.9813766,1741
89424d06047ffff,0,0.3110976180826545,0.9092481,2030
89424d0604fffff,0,0.34937765503133283,0.91335607,2016
89424d06057ffff,0,0.3911506677489517,0.99072623,935
89424d0605bffff,0,0.30793287299330574,0.98932886,1263
89424d06063ffff,0,0.33147947519456455,0.98293555,1706
89424d06067ffff,0,0.5166755738751351,0.99003625,1168
89424d0606bffff,0,0.3865451040519456,0.9843616,1637
89424d06073ffff,0,0.33448591027904656,0.9837799,1666
89424d06077ffff,0,0.4669825586149779,0.99028206,1093
89424d0607bffff,0,0.32993447756442457,0.9305678,1940
89424d06083ffff,0,0.3880310903152678,0.9944989,504
89424d06087ffff,0,0.4125373948186044,0.99072504,945
89424d0608bffff,1,0.4437867669490845,0.9957901,133
89424d0608fffff,0,0.37090473365699944,0.9903152,1076
89424d06093ffff,0,0.4016453365696602,0.9957773,169
89424d06097ffff,0,0.39273246398871436,0.99072504,946
89424d0609bffff,0,0.26813780988053576,0.99312913,715
89424d060a3ffff,0,0.30732049063581923,0.9867669,1517
89424d060a7ffff,0,0.5201997792519384,0.99009776,1161
89424d060abffff,0,0.34639817011347823,0.9898856,1190
89424d060afffff,0,0.41293710267759587,0.98949766,1218
89424d060c3ffff,0,0.26292662820900264,0.992249,771
89424d060cbffff,0,0.321483332065485,0.9900663,1163
89424d060d3ffff,0,0.40825187163779153,0.9866005,1532
89424d060d7ffff,0,0.3838237690740399,0.9956567,244
89424d060dbffff,0,0.36412758247409116,0.9863357,1542
89424d06103ffff,0,0.8999965497344993,0.98625624,1548
89424d06107ffff,0,0.9028644159746065,0.99579597,71
89424d0610bffff,1,0.8417580136406766,0.990753,922
89424d0610fffff,0,0.929950890643772,0.99530935,357
89424d06113ffff,0,0.8710523616561491,0.9907647,861
89424d06117ffff,1,0.916277487371671,0.990657,978
89424d0611bffff,0,0.834484536164766,0.99024045,1116
89424d06123ffff,0,0.9766018082504327,0.9882421,1408
89424d06127ffff,1,0.9640655655470709,0.9906538,982
89424d0612bffff,0,0.9691454075694087,0.99579597,72
89424d0612fffff,0,0.9468255584690264,0.9949079,463
89424d06133ffff,0,0.957131758368932,0.9906538,983
89424d06137ffff,0,0.9596321076146277,0.9906538,984
89424d0613bffff,0,0.9263691839018411,0.9957936,106
89424d06143ffff,0,0.48796556589921075,0.98854613,1365
89424d06147ffff,0,0.6754662528233348,0.9894156,1240
89424d0614bffff,0,0.6227656134724452,0.9901791,1145
89424d06153ffff,0,0.5940869638407357,0.9901791,1146
89424d06157ffff,0,0.686524957526211,0.98997504,1174
89424d0615bffff,0,0.4395390160103539,0.9935916,681
89424d06163ffff,0,0.783984412952361,0.9837969,1664
89424d06167ffff,0,0.9340352830209425,0.9957866,162
89424d0616bffff,0,0.700625815752016,0.9899169,1182
89424d0616fffff,0,0.8512156552866625,0.9902909,1087
89424d06173ffff,0,0.7753800981967433,0.9907674,855
89424d06177ffff,0,0.9419488955543834,0.99579597,73
89424d0617bffff,1,0.5630874565243871,0.9905845,1009
89424d06183ffff,0,0.8887405431153066,0.9883558,1387
89424d06187ffff,0,0.925443588444673,0.9906538,985
89424d0618bffff,0,0.8525389335081618,0.9907615,872
89424d0618fffff,0,0.8942842008192904,0.9907621,870
89424d06193ffff,0,0.9176365629831693,0.9907615,873
89424d06197ffff,1,0.9423644038073324,0.99073416,925
89424d0619bffff,0,0.8032370552918104,0.9907615,874
89424d061a3ffff,0,0.9051992450619389,0.9883137,1402
89424d061a7ffff,1,0.930942460870837,0.9951803,401
89424d061abffff,1,0.9373616335647623,0.9907621,871
89424d061afffff,1,0.9474308129753525,0.9906538,986
89424d061b3ffff,1,0.9267992525780196,0.9906538,987
89424d061b7ffff,0,0.9171595478868485,0.9907603,888
89424d061bbffff,0,0.8995192050291458,0.98906595,1296
89424d061c3ffff,0,0.6019456326211001,0.9899586,1177
89424d061c7ffff,0,0.7706944665225773,0.9902979,1085
89424d061cbffff,0,0.5837532816452093,0.992106,781
89424d061cfffff,0,0.6977751293112044,0.992106,782
89424d061d3ffff,0,0.6234269152959498,0.9907603,889
89424d061d7ffff,0,0.6688415205100353,0.98688126,1507
89424d061dbffff,0,0.5787534973746155,0.99198824,788
89424d06203ffff,0,0.36108995092684854,0.9837516,1668
89424d06207ffff,0,0.47436140141973776,0.9907256,938
89424d0620bffff,0,0.5368889903850903,0.9907256,939
89424d0620fffff,1,0.4838931779840858,0.98685217,1508
89424d06213ffff,0,0.3864207576460494,0.98890233,1321
89424d06217ffff,0,0.3730571134450112,0.99022186,1127
89424d0621bffff,0,0.4529558938571045,0.9907256,940
89424d06223ffff,0,0.28439714697294527,0.9861314,1557
89424d06227ffff,0,0.28131619733653307,0.9283093,1950
89424d0622bffff,0,0.5412641851646496,0.99021226,1132
89424d0622fffff,0,0.35109744382380687,0.98796546,1427
89424d06233ffff,0,0.41738799529372517,0.990605,1007
89424d06237ffff,0,0.2791715346278797,0.8974906,2055
89424d0623bffff,0,0.4812757279536318,0.9902177,1129
89424d06243ffff,0,0.5202680666201258,0.9944989,505
89424d06247ffff,1,0.5678920663921562,0.9957219,188
89424d0624bffff,0,0.4741153512257523,0.995439,335
89424d0624fffff,1,0.542968367217803,0.9948467,470
89424d0625bffff,0,0.44658152436025805,0.995439,336
89424d06263ffff,0,0.5153870305981327,0.98767173,1445
89424d06267ffff,0,0.5156476992430525,0.98981553,1202
89424d0626bffff,0,0.6287739238326714,0.9957807,167
89424d06273ffff,1,0.5343435261365097,0.9903276,1068
89424d06277ffff,1,0.5439562799256583,0.99021226,1133
89424d0627bffff,0,0.5571828195193868,0.99421984,570
89424d06283ffff,0,0.1738048409390979,0.7648771,2147
89424d06287ffff,0,0.3652088233138757,0.9151721,2011
89424d0628fffff,0,0.348329837877237,0.92520165,1969
89424d06293ffff,0,0.28082113863145186,0.9113697,2021
89424d06297ffff,0,0.2262226945979947,0.9832889,1688
89424d062a3ffff,0,0.29410624870112856,0.8494976,2108
89424d062a7ffff,0,0.351897496982765,0.8998639,2047
89424d062abffff,0,0.3569692898803221,0.9102585,2028
89424d062afffff,0,0.31734544952330374,0.91034895,2027
89424d062b3ffff,0,0.3166632979466105,0.92172784,1976
89424d062b7ffff,0,0.3608767110131834,0.9188902,1993
89424d062bbffff,0,0.37195788653561795,0.90780973,2037
89424d062c3ffff,0,0.2207635612612983,0.98990583,1184
89424d062c7ffff,0,0.38012888767219255,0.98890233,1322
89424d062d7ffff,0,0.3616376700263908,0.9888998,1323
89424d062dbffff,0,0.33926610789401007,0.994717,476
89424d06303ffff,0,0.536532590834628,0.98898935,1306
89424d06307ffff,0,0.4754212689653337,0.9903167,1072
89424d0630bffff,0,0.4156576578725167,0.9886,1357
89424d06313ffff,0,0.5344752532878762,0.9913616,823
89424d06317ffff,0,0.5262070113289841,0.9903004,1082
89424d0631bffff,0,0.47862010428877555,0.99070495,965
89424d06323ffff,0,0.41232635768142883,0.9825957,1715
89424d0632bffff,0,0.6361465059766871,0.9903167,1073
89424d06333ffff,0,0.43346053098720566,0.9864797,1536
89424d06337ffff,0,0.7057796931935887,0.99556875,287
89424d0633bffff,0,0.49421811233374635,0.99092585,851
89424d06343ffff,0,0.2860801528791135,0.983022,1702
89424d06347ffff,0,0.5671456625305985,0.9900775,1162
89424d0634bffff,0,0.41739091040377496,0.989124,1286
89424d0634fffff,0,0.5108122698070738,0.989436,1224
89424d06353ffff,0,0.26902825148054593,0.8960712,2056
89424d06357ffff,0,0.40134132188412186,0.98884153,1332
89424d06363ffff,0,0.6531948512124814,0.98898935,1307
89424d06367ffff,0,0.6788928961552202,0.9894238,1237
89424d0636bffff,1,0.7346444243798832,0.9886347,1355
89424d0636fffff,0,0.799223204386822,0.99579597,74
89424d06373ffff,0,0.45433152314485875,0.9872542,1472
89424d06377ffff,0,0.5484377156940485,0.9888837,1328
89424d06383ffff,0,0.4842484412989219,0.98643607,1538
89424d06387ffff,0,0.5820498532487196,0.9893796,1253
89424d0638bffff,0,0.5039986670064928,0.9913616,824
89424d0638fffff,0,0.44580764600834216,0.9885887,1359
89424d06393ffff,0,0.550487107607864,0.9902227,1125
89424d0639bffff,1,0.5313732467819182,0.9893352,1261
89424d063a3ffff,0,0.4640046343277226,0.98772675,1441
89424d063a7ffff,0,0.5126173063849898,0.9902227,1126
89424d063abffff,0,0.4653912119359355,0.9902663,1100
89424d063afffff,0,0.45924502333644135,0.9903004,1083
89424d063b7ffff,0,0.5200456230563433,0.98995227,1178
89424d063bbffff,0,0.5440363209122567,0.99026465,1101
89424d063c3ffff,0,0.3375659123249232,0.9767672,1780
89424d063c7ffff,0,0.5101365056986888,0.9913616,825
89424d063cbffff,0,0.4328758407527224,0.98943484,1229
89424d063cfffff,0,0.3842783492589832,0.98462737,1626
89424d063d3ffff,0,0.512521902684417,0.9878651,1432
89424d063d7ffff,0,0.48242709782466264,0.9908869,853
89424d063dbffff,0,0.4290220944421584,0.985083,1603
89424d06403ffff,0,0.06855385842019203,0.02375179,2885
89424d06423ffff,0,0.23704251948280108,0.9874851,1460
89424d06427ffff,0,0.2812913657787684,0.9839829,1657
89424d0642fffff,1,0.3367699131929433,0.99051315,1019
89424d06437ffff,0,0.3181858224700999,0.98851275,1369
89424d06443ffff,0,0.06381764512428945,0.008050208,3063
89424d06463ffff,0,0.298473409688519,0.99382615,655
89424d0646bffff,0,0.4182187385101968,0.9866005,1533
89424d0646fffff,0,0.38545660722308034,0.9955855,286
89424d06477ffff,0,0.31858225802271883,0.98389673,1661
89424d0647bffff,0,0.31390920594333466,0.16376425,2454
89424d06483ffff,0,0.01888224540845375,0.006797181,3098
89424d064a3ffff,0,0.06827979462248801,0.0066763847,3116
89424d064c3ffff,0,0.033272524405847714,0.006591491,3294
89424d06503ffff,0,0.3878869238062969,0.98757637,1454
89424d06507ffff,0,0.7024673126012139,0.9290698,1942
89424d0650bffff,0,0.47955161132859075,0.99035054,1061
89424d0650fffff,0,0.6286218522314133,0.9901716,1147
89424d06513ffff,0,0.3624103883362583,0.9659404,1827
89424d06517ffff,0,0.4827256346740872,0.9185355,1995
89424d06523ffff,0,0.7839067147370731,0.98357093,1675
89424d06527ffff,0,0.9347205468754207,0.9906538,988
89424d0652bffff,0,0.881145393702843,0.99072313,950
89424d0652fffff,0,0.9138734012628125,0.9907615,875
89424d06533ffff,0,0.8609052195586111,0.9907647,862
89424d06537ffff,0,0.8659416607222319,0.98704904,1482
89424d0653bffff,0,0.8277670262559023,0.9907647,863
89424d06543ffff,0,0.3353848513034789,0.99345315,693
89424d06547ffff,0,0.4173696489136768,0.9902682,1099
89424d0654bffff,0,0.3457145245572485,0.9899025,1187
89424d0654fffff,0,0.37882573332250025,0.9880354,1424
89424d06557ffff,0,0.4485034306715107,0.9955259,293
89424d0655bffff,0,0.33556866760159026,0.9902529,1103
89424d06563ffff,0,0.5570408748056103,0.98835784,1382
89424d06567ffff,0,0.752198808459848,0.9907635,866
89424d0656bffff,0,0.5549585919586973,0.9904965,1023
89424d0656fffff,0,0.706782783467744,0.9907635,867
89424d06573ffff,0,0.5531223639692291,0.9903543,1055
89424d06577ffff,0,0.7327908504579622,0.99035376,1058
89424d0657bffff,0,0.4617774522818418,0.9899445,1180
89424d06583ffff,0,0.1895201950781953,0.63344324,2238
89424d06587ffff,0,0.3176384635753301,0.92258215,1974
89424d0658bffff,0,0.3338979894252847,0.9641136,1839
89424d0658fffff,0,0.3296356159717818,0.92575955,1961
89424d06597ffff,0,0.29265898813999863,0.7725762,2142
89424d065a3ffff,0,0.6847475722865921,0.98835444,1389
89424d065a7ffff,0,0.7359481810352531,0.98724574,1473
89424d065abffff,1,0.7800383835108198,0.9907647,864
89424d065afffff,0,0.8178719103765786,0.98692596,1503
89424d065b3ffff,0,0.4424870912557035,0.99028695,1090
89424d065b7ffff,0,0.710762607017858,0.9903167,1074
89424d065bbffff,0,0.539873089002187,0.92575955,1962
89424d065c3ffff,0,0.2669678104748027,0.99387395,644
89424d065c7ffff,0,0.343207076866915,0.9954196,348
89424d065cfffff,0,0.36517080495371257,0.99551773,300
89424d065d7ffff,0,0.35332481730954124,0.8960413,2057
89424d06603ffff,0,0.2686873798657616,0.056490883,2549
89424d06607ffff,0,0.26068757252495955,0.04258174,2752
89424d0660bffff,0,0.30744591836853036,0.17194733,2417
89424d0660fffff,0,0.26346189499601436,0.04295209,2744
89424d06613ffff,0,0.33473944085259666,0.6161373,2264
89424d06617ffff,0,0.29810653420826844,0.17129147,2440
89424d0661bffff,0,0.28651397518357197,0.14677502,2475
89424d06623ffff,0,0.2010589013397409,0.9080757,2036
89424d0662bffff,0,0.34015623773570625,0.96452826,1836
89424d0662fffff,0,0.28351902012699814,0.9677732,1810
89424d06633ffff,0,0.27295067059266315,0.31556877,2356
89424d0663bffff,0,0.30894476619018774,0.32175866,2351
89424d06643ffff,0,0.1308093367903588,0.023999196,2877
89424d06657ffff,0,0.299503688078082,0.171348,2438
89424d06663ffff,0,0.1871380201208687,0.013247746,2983
89424d06667ffff,0,0.2978920631877093,0.7725395,2143
89424d0666fffff,0,0.32061488811251687,0.92550635,1966
89424d06683ffff,0,0.2068018917522926,0.303809,2359
89424d0668bffff,0,0.3164542623784689,0.62061167,2249
89424d06693ffff,1,0.34453909239006986,0.62583804,2245
89424d0669bffff,0,0.3124962703251361,0.5883406,2284
89424d066a3ffff,0,0.23389323885715296,0.18461746,2391
89424d066a7ffff,0,0.34691901968668487,0.96755457,1812
89424d066afffff,0,0.31688229162240844,0.32209846,2350
89424d066b7ffff,0,0.26722657804344924,0.04903223,2630
89424d066c3ffff,0,0.09877251032701659,0.023945482,2878
89424d06803ffff,1,0.46218450132802796,0.9883256,1398
89424d0680bffff,0,0.6385776520164536,0.99579597,75
89424d0680fffff,0,0.4889979151863112,0.9907603,890
89424d06817ffff,0,0.44574051852254776,0.9906336,1003
89424d0681bffff,0,0.6180999948582071,0.99579597,76
89424d06823ffff,0,0.2169461726983078,0.9794257,1766
89424d06833ffff,0,0.4082541435553114,0.9871729,1476
89424d06837ffff,0,0.3896929061125955,0.98905927,1298
89424d0683bffff,0,0.34725893666343105,0.9868508,1509
89424d06843ffff,0,0.42572873071519945,0.99178296,798
89424d06847ffff,0,0.4544621484291596,0.98693585,1499
89424d0684bffff,0,0.9006362767065091,0.9957901,134
89424d0684fffff,0,0.6171005347458988,0.99073195,927
89424d06853ffff,0,0.5872824472999751,0.99025285,1105
89424d06857ffff,0,0.5272275337804408,0.995157,409
89424d0685bffff,0,0.8926235590403805,0.99426425,554
89424d06863ffff,0,0.5132319292526368,0.9923609,764
89424d06867ffff,0,0.5663415383180076,0.9941738,600
89424d06873ffff,0,0.553064031473406,0.99579597,77
89424d06877ffff,0,0.4545403992252348,0.9907005,969
89424d0687bffff,0,0.5380929213819179,0.9951437,420
89424d06883ffff,0,0.20009866321120864,0.9737857,1796
89424d0688bffff,0,0.42768594058121334,0.9890235,1302
89424d06893ffff,0,0.2652642473313195,0.9821818,1722
89424d0689bffff,0,0.4057342601884275,0.98892975,1314
89424d068a3ffff,0,0.17734697867049734,0.8796799,2078
89424d068abffff,0,0.47224153311053335,0.9907603,891
89424d068afffff,0,0.31996074761158644,0.9899459,1179
89424d068c3ffff,0,0.3399514567923172,0.981654,1731
89424d068c7ffff,0,0.5130265343389764,0.99434423,535
89424d068cbffff,0,0.36814584113780446,0.98555684,1580
89424d068cfffff,0,0.5190060587647681,0.99004674,1165
89424d068d3ffff,0,0.4675110610704099,0.9909458,848
89424d068dbffff,0,0.37589582276678096,0.98740715,1466
89424d06903ffff,0,0.41375931268680133,0.9851258,1601
89424d06907ffff,0,0.47955737049298575,0.98890686,1319
89424d0690fffff,0,0.43208826309191317,0.9845462,1631
89424d06913ffff,0,0.5233734722057595,0.989134,1278
89424d06917ffff,0,0.5047151137959983,0.99051315,1020
89424d0691bffff,0,0.5771549887824549,0.9893927,1247
89424d06923ffff,0,0.24132197498536723,0.9782887,1773
89424d06927ffff,0,0.3122633401610215,0.915624,2008
89424d0692bffff,0,0.34461687966459625,0.9193782,1986
89424d0692fffff,0,0.3287859240431368,0.9192067,1989
89424d06933ffff,0,0.3224414727497846,0.98826957,1405
89424d06937ffff,0,0.3079428211546907,0.98806334,1420
89424d0693bffff,0,0.37189137841052455,0.98805374,1422
89424d06943ffff,0,0.36101692260277424,0.99049544,1024
89424d06947ffff,0,0.5132406559958466,0.99287695,727
89424d0694bffff,0,0.459408395113759,0.99374634,663
89424d06953ffff,0,0.4518637315013449,0.98986566,1194
89424d0695bffff,0,0.41969776819657334,0.9885407,1367
89424d06963ffff,0,0.31475166011646716,0.8991072,2048
89424d06973ffff,0,0.4233960481590073,0.9910752,843
89424d06983ffff,0,0.5459413565166247,0.98835444,1390
89424d06987ffff,0,0.521489407239411,0.99072504,947
89424d0698bffff,0,0.5549842376910221,0.987575,1455
89424d0698fffff,0,0.5989850842991509,0.9906913,971
89424d06993ffff,0,0.42941567912840395,0.9901509,1154
89424d06997ffff,0,0.5116242157931326,0.9907603,892
89424d0699bffff,0,0.514988873890049,0.98695236,1493
89424d069a3ffff,0,0.32007173597115435,0.9856453,1572
89424d069abffff,0,0.45127707828666863,0.9893927,1248
89424d069b3ffff,0,0.4560448694204393,0.9903152,1077
89424d069bbffff,0,0.510105936104378,0.9903317,1066
89424d069c3ffff,0,0.39564511571259287,0.98661214,1525
89424d069c7ffff,1,0.5656716463744126,0.99072504,948
89424d069cbffff,0,0.4731257042477035,0.99051577,1018
89424d069cfffff,1,0.5819465988239477,0.99072504,949
89424d069d7ffff,0,0.5129318423600269,0.9889331,1313
89424d069dbffff,0,0.38686413465626135,0.9903753,1048
89424d06a03ffff,0,0.7504563551537535,0.9843917,1636
89424d06a07ffff,1,0.8040663753705856,0.99068594,972
89424d06a0bffff,0,0.7926224394536185,0.9911973,832
89424d06a0fffff,0,0.5058942827909055,0.98763335,1449
89424d06a17ffff,0,0.7661307724079052,0.98684305,1510
89424d06a1bffff,0,0.8822743557982723,0.9911973,833
89424d06a23ffff,0,0.5697489572042873,0.98832864,1396
89424d06a2bffff,0,0.5995518074738211,0.9911973,834
89424d06a2fffff,0,0.6132472608487141,0.9907673,856
89424d06a33ffff,0,0.42716070876934414,0.98684305,1511
89424d06a37ffff,0,0.59042748471835,0.9907673,857
89424d06a3bffff,1,0.4977492303773356,0.99073195,928
89424d06a43ffff,1,0.97961108416086,0.9869519,1495
89424d06a47ffff,0,0.8401965162157734,0.9911433,840
89424d06a4bffff,1,0.9892181989662274,0.9876646,1447
89424d06a4fffff,1,0.9173205166817369,0.99102026,846
89424d06a53ffff,1,0.976937465515268,0.9877907,1438
89424d06a57ffff,1,0.9405149642356839,0.9878837,1431
89424d06a5bffff,1,0.9974687892036522,0.99565154,247
89424d06a63ffff,0,0.37352300492229173,0.9888398,1334
89424d06a67ffff,0,0.5277429810816104,0.99115705,838
89424d06a6fffff,0,0.38861082576463873,0.9898005,1204
89424d06a73ffff,0,0.489790722730728,0.9911973,835
89424d06a83ffff,1,0.8155788437829815,0.99448425,513
89424d06a87ffff,0,0.8415009384226676,0.9942033,581
89424d06a8fffff,0,0.9128282447667716,0.9957901,135
89424d06a93ffff,0,0.738464515823048,0.99418277,593
89424d06a97ffff,0,0.8889072577497863,0.9957901,136
89424d06a9bffff,0,0.7831946041245036,0.99474925,475
89424d06aa3ffff,0,0.7215011035807256,0.98163027,1732
89424d06aafffff,0,0.4895754930597743,0.990361,1052
89424d06ab3ffff,0,0.7462914032946482,0.99073195,929
89424d06ac3ffff,0,0.9511188623941276,0.99237204,762
89424d06ac7ffff,1,0.9089143257589705,0.99579597,78
89424d06acbffff,1,0.9773926240156524,0.99579185,109
89424d06acfffff,0,0.9752771562370727,0.9911973,836
89424d06ad3ffff,0,0.8729434858513019,0.99579597,79
89424d06ad7ffff,0,0.8725220030371388,0.99579597,80
89424d06adbffff,0,0.9433997438554411,0.99579597,81
89424d06b03ffff,0,0.32485944282262996,0.98729396,1468
89424d06b0bffff,0,0.5036824079522768,0.9939381,634
89424d06b17ffff,0,0.40151954397495626,0.9910734,844
89424d06b1bffff,1,0.6780870734230331,0.99579597,82
89424d06b23ffff,0,0.2584573771296116,0.9881797,1415
89424d06b27ffff,0,0.3252463344789064,0.99029404,1086
89424d06b2fffff,0,0.28198926684599696,0.9848203,1619
89424d06b37ffff,0,0.3818680099768822,0.99366766,669
89424d06b43ffff,0,0.3401506132979311,0.99048233,1028
89424d06b4bffff,1,0.5819152976375978,0.9954453,329
89424d06b4fffff,0,0.4766772989946897,0.993562,685
89424d06b53ffff,0,0.4892507931520033,0.9843093,1638
89424d06b57ffff,0,0.7291400475370997,0.99579597,83
89424d06b63ffff,0,0.21173583806325083,0.9904028,1044
89424d06b7bffff,0,0.4260114752372969,0.991879,794
89424d06b83ffff,0,0.5790375556217063,0.99450517,496
89424d06b87ffff,1,0.5629889626234019,0.9938913,641
89424d06b8bffff,1,0.5863934439163828,0.99403197,621
89424d06b8fffff,0,0.5698018780067902,0.9941922,586
89424d06b93ffff,0,0.5611527834894895,0.9907603,893
89424d06b97ffff,0,0.480214025052316,0.9902715,1098
89424d06b9bffff,0,0.6642460382841717,0.9957598,174
89424d06ba3ffff,0,0.36685815659143506,0.9916382,809
89424d06bafffff,0,0.3541403165540035,0.99265456,740
89424d06bb3ffff,0,0.4114487363198808,0.99296397,723
89424d06bb7ffff,0,0.41198058119679537,0.9929976,721
89424d06bbbffff,0,0.4724070274802546,0.9939644,629
89424d06bc3ffff,0,0.5855999213060602,0.9944545,516
89424d06bc7ffff,0,0.6594178751874014,0.9942685,552
89424d06bcbffff,0,0.5091839894309259,0.98451895,1633
89424d06bcfffff,0,0.6704643094709642,0.9957936,107
89424d06bd3ffff,0,0.5876511605927855,0.99418485,591
89424d06bd7ffff,0,0.6781977567912983,0.99565977,242
89424d06bdbffff,1,0.5938375608232463,0.99073195,930
89424d06c03ffff,0,0.6004661534484388,0.98345304,1683
89424d06c07ffff,0,0.5603029377803145,0.9890641,1297
89424d06c0bffff,0,0.7448344982178433,0.9907615,876
89424d06c0fffff,0,0.6276532364203521,0.9907615,877
89424d06c13ffff,0,0.8771065397870874,0.9903672,1050
89424d06c17ffff,0,0.6533130542018376,0.9876213,1450
89424d06c1bffff,0,0.8283951186914121,0.9874247,1465
89424d06c23ffff,0,0.3745867406466523,0.9791407,1768
89424d06c27ffff,0,0.4161851284955864,0.98607534,1558
89424d06c2bffff,0,0.46488489567678665,0.9853625,1593
89424d06c2fffff,0,0.4636804677736635,0.98939776,1244
89424d06c33ffff,0,0.49959412811279086,0.9884962,1372
89424d06c37ffff,0,0.44922708954260276,0.98968405,1211
89424d06c3bffff,0,0.5588367756415046,0.99076563,859
89424d06c43ffff,0,0.7275605522613383,0.9919844,790
89424d06c47ffff,0,0.7084267718611161,0.9905306,1016
89424d06c4fffff,1,0.717660438517382,0.9951496,414
89424d06c53ffff,1,0.9404242566261886,0.9907624,868
89424d06c57ffff,0,0.8714924219825589,0.9907615,878
89424d06c5bffff,0,0.9452975865804321,0.99546695,311
89424d06c63ffff,0,0.4972323384516925,0.98912513,1280
89424d06c67ffff,0,0.4604641233566237,0.9889123,1318
89424d06c6bffff,0,0.4178163375602928,0.98728734,1469
89424d06c73ffff,1,0.5605431289852831,0.99134415,828
89424d06c77ffff,0,0.5950999450956594,0.9913929,821
89424d06c83ffff,1,0.7822180441856941,0.98835427,1394
89424d06c87ffff,1,0.686322673888747,0.99076116,881
89424d06c8bffff,0,0.8540874686815753,0.99076116,882
89424d06c8fffff,0,0.7621149688465724,0.99076116,883
89424d06c93ffff,0,0.7761475497499388,0.99035054,1062
89424d06c97ffff,1,0.7685158120578819,0.9903513,1060
89424d06c9bffff,0,0.8527642208802785,0.9929361,725
89424d06ca3ffff,0,0.5075667335621943,0.98392516,1659
89424d06ca7ffff,0,0.5438971217647139,0.9923361,766
89424d06cabffff,0,0.5043338797499691,0.9847121,1622
89424d06cafffff,0,0.40895743428588194,0.98937106,1256
89424d06cb7ffff,0,0.6162453910280836,0.9916646,808
89424d06cc3ffff,0,0.7900940541378546,0.98832375,1399
89424d06cc7ffff,0,0.7955771388839834,0.91848075,1996
89424d06ccbffff,1,0.8735982028006015,0.98713297,1478
89424d06ccfffff,0,0.8438009735446174,0.9907624,869
89424d06cd3ffff,1,0.9144728755769193,0.9951803,402
89424d06cd7ffff,0,0.8784183501254358,0.9903526,1059
89424d06cdbffff,0,0.9186056290450424,0.9951803,403
89424d06d03ffff,0,0.21208127687462275,0.78777313,2132
89424d06d13ffff,0,0.4186190734471867,0.99054873,1014
89424d06d1bffff,0,0.40577079015289647,0.9903124,1079
89424d06d23ffff,0,0.3260256684023948,0.9825039,1718
89424d06d27ffff,0,0.4098656661878414,0.9900249,1171
89424d06d2bffff,0,0.3855643438950639,0.9883945,1377
89424d06d2fffff,0,0.40407683237265907,0.98702914,1485
89424d06d33ffff,0,0.3755510763601032,0.9903543,1056
89424d06d37ffff,0,0.3728877419359095,0.9885271,1368
89424d06d3bffff,0,0.3701732893281521,0.9901922,1135
89424d06d43ffff,0,0.12081276103382274,0.85700494,2104
89424d06d63ffff,0,0.26095501062389587,0.9852356,1597
89424d06d67ffff,0,0.45143108314179536,0.9902418,1113
89424d06d6bffff,0,0.33326770970311,0.9902418,1114
89424d06d6fffff,0,0.5007606023262372,0.9906538,989
89424d06d73ffff,0,0.2861647809947603,0.9136379,2014
89424d06d77ffff,0,0.283051843545884,0.91271996,2018
89424d06d83ffff,0,0.4132854375774334,0.988356,1385
89424d06d87ffff,0,0.4348649575369565,0.9907579,916
89424d06d8bffff,0,0.31516955126755336,0.98556376,1579
89424d06d8fffff,0,0.33871058494546447,0.9861966,1552
89424d06d93ffff,0,0.39989337264168656,0.9871581,1477
89424d06d97ffff,0,0.4122588587232443,0.9889956,1304
89424d06d9bffff,0,0.33658679900317223,0.9855224,1582
89424d06da3ffff,0,0.16443346560304528,0.97630084,1782
89424d06dabffff,0,0.2746488318921819,0.98456293,1629
89424d06dafffff,0,0.2699675922637717,0.9862365,1550
89424d06db3ffff,0,0.28426720753059664,0.91445917,2012
89424d06db7ffff,0,0.3425914079080038,0.9886597,1353
89424d06dbbffff,0,0.3996101117582739,0.98954916,1216
89424d06dc3ffff,0,0.36273740525112125,0.9828421,1708
89424d06dc7ffff,0,0.42436923787115,0.9901381,1156
89424d06dd7ffff,0,0.3642713737681533,0.98591864,1562
89424d06ddbffff,0,0.5806341313537804,0.9921764,775
89424d06e03ffff,0,0.4900175562235349,0.99037325,1049
89424d06e0bffff,0,0.6151683104918085,0.99418485,592
89424d06e0fffff,0,0.3923949230436946,0.9927723,734
89424d06e17ffff,0,0.5737517697924562,0.98417646,1647
89424d06e1bffff,0,0.695930708295017,0.9934651,692
89424d06e23ffff,0,0.390488859513895,0.99360514,676
89424d06e27ffff,0,0.40855703183675196,0.9954616,315
89424d06e2fffff,0,0.7882032403257936,0.99579597,84
89424d06e43ffff,0,0.7691909000746721,0.9936741,668
89424d06e47ffff,1,0.7769312284478003,0.99579597,85
89424d06e4fffff,0,0.680686020035083,0.9942685,553
89424d06e53ffff,1,0.8332686856054502,0.99579597,86
89424d06e57ffff,0,0.6208917250893056,0.9938161,658
89424d06e5bffff,0,0.7919852811270862,0.99579597,87
89424d06e63ffff,0,0.5075638283817164,0.9943818,528
89424d06e67ffff,0,0.848230537118629,0.99579597,88
89424d06e6bffff,1,0.6734412878098626,0.99579597,89
89424d06e6fffff,0,0.8367877814549122,0.9956482,252
89424d06e73ffff,0,0.5608762330449556,0.99415946,607
89424d06e7bffff,0,0.7118372366724189,0.99579597,90
89424d06e83ffff,0,0.7625145258994593,0.9833,1687
89424d06e87ffff,0,0.8327293821919494,0.9906538,990
89424d06e8bffff,0,0.8622030699603779,0.9907579,917
89424d06e8fffff,0,0.8198035724464139,0.9906538,991
89424d06e93ffff,0,0.9002756000933634,0.9954684,310
89424d06e97ffff,0,0.9152599404140416,0.9956306,264
89424d06e9bffff,0,0.8387655671047659,0.9907579,918
89424d06ea3ffff,0,0.5637388014159592,0.99439806,522
89424d06eabffff,1,0.49271047148306,0.98672915,1519
89424d06eafffff,0,0.3979348939404366,0.99135214,827
89424d06eb3ffff,1,0.7349104085000648,0.9952298,386
89424d06eb7ffff,0,0.6079895306798034,0.9951484,416
89424d06ebbffff,0,0.5962468222813888,0.984401,1635
89424d06ec3ffff,0,0.6752753708080173,0.988356,1386
89424d06ec7ffff,0,0.8175313576570444,0.9956306,265
89424d06ecfffff,1,0.8452600840793203,0.99579597,91
89424d06ed3ffff,0,0.8102063990309297,0.9902909,1088
89424d06ed7ffff,0,0.8439361613625974,0.9907338,926
89424d06edbffff,0,0.6394902883996229,0.9907096,964
89424d07003ffff,0,0.248240179619365,0.9875403,1457
89424d07007ffff,0,0.2962713295723224,0.98855954,1362
89424d0700bffff,0,0.30804833212830324,0.9899058,1185
89424d07023ffff,0,0.2942748507640771,0.98831826,1401
89424d07027ffff,0,0.38581051311412123,0.99072593,937
89424d0702bffff,0,0.351495744816958,0.99074835,923
89424d0702fffff,0,0.3315801528933973,0.9884635,1374
89424d07033ffff,0,0.3808906772838589,0.99067634,973
89424d07037ffff,0,0.4379743989275931,0.99070174,967
89424d0703bffff,0,0.2524704375329219,0.98619384,1553
89424d07043ffff,0,0.20976740566021437,0.012606625,2986
89424d0704fffff,0,0.258076949274011,0.7495624,2167
89424d0705bffff,0,0.3048096042212555,0.14936416,2462
89424d07063ffff,0,0.11505094769935967,0.97579503,1785
89424d07067ffff,0,0.21613147376754896,0.98179406,1728
89424d07077ffff,0,0.21096224738104863,0.9835063,1678
89424d0707bffff,0,0.25007987251153063,0.9827663,1710
89424d07083ffff,0,0.20698054113501643,0.9797873,1760
89424d07087ffff,0,0.3082887993092892,0.9848989,1615
89424d07093ffff,0,0.30266485953597355,0.7355485,2188
89424d070a3ffff,0,0.21488685680417552,0.9814001,1740
89424d070a7ffff,0,0.41229004917823225,0.9905803,1010
89424d070abffff,0,0.41161859584384597,0.99070084,968
89424d070b3ffff,0,0.3606457231115488,0.98541605,1592
89424d070b7ffff,0,0.3681497032594081,0.9878875,1430
89424d070bbffff,0,0.37611112632112037,0.98905355,1300
89424d070c3ffff,0,0.04470957406580143,0.32559812,2347
89424d070cbffff,0,0.09747685540765431,0.61914855,2252
89424d070d3ffff,0,0.06571707162172774,0.61933154,2251
89424d07103ffff,0,0.35032775907172514,0.9939952,626
89424d07107ffff,0,0.369323558479515,0.9938624,645
89424d07113ffff,0,0.41608633682020074,0.99551994,295
89424d0711bffff,0,0.3667913491218936,0.99551994,296
89424d07123ffff,0,0.19258924301517155,0.9831834,1696
89424d07137ffff,0,0.25603762929576734,0.98849696,1371
89424d07143ffff,0,0.23579720444034644,0.94378424,1913
89424d0715bffff,1,0.295925923392768,0.98402816,1655
89424d07163ffff,0,0.3423314351557664,0.58140016,2286
89424d0716fffff,0,0.24574693802342515,0.99203783,786
89424d0717bffff,0,0.5035288001592921,0.89780897,2052
89424d07183ffff,0,0.3128103034113696,0.994345,534
89424d07187ffff,0,0.3896080979512284,0.99569315,231
89424d0718bffff,0,0.3512757976405757,0.99483514,471
89424d07193ffff,0,0.36913236274494965,0.9902398,1118
89424d0719bffff,0,0.41081425096309104,0.9902398,1119
89424d071a3ffff,0,0.38807303228022755,0.99257123,744
89424d071abffff,0,0.44873463370982525,0.99570197,210
89424d071b3ffff,0,0.5188626847248275,0.99574274,177
89424d071b7ffff,0,0.5685029248698051,0.9951466,418
89424d071bbffff,0,0.347370535682242,0.99431574,539
89424d071c3ffff,0,0.31360043368747964,0.9876091,1452
89424d071c7ffff,0,0.34669041316225896,0.9882896,1403
89424d071cbffff,1,0.40839799439092084,0.9898478,1199
89424d071cfffff,0,0.4063074443950377,0.99027914,1095
89424d071d3ffff,0,0.4016280187661262,0.98988175,1191
89424d071d7ffff,0,0.3863874294404487,0.9901663,1149
89424d071dbffff,0,0.4458794104791615,0.9906292,1006
89424d07203ffff,0,0.5487865271954385,0.99429846,546
89424d07207ffff,0,0.6419575549187341,0.99629074,1
89424d0720bffff,0,0.5913826423933788,0.989905,1186
89424d07213ffff,0,0.3528789743147239,0.99404335,620
89424d07217ffff,0,0.4762576795282147,0.99375427,662
89424d0721bffff,0,0.47481430536112684,0.9938624,646
89424d07223ffff,0,0.5434598041897084,0.99417436,599
89424d07227ffff,1,0.6240855354721817,0.9956143,275
89424d0722bffff,1,0.6432251953397818,0.99570197,211
89424d0722fffff,0,0.6010427614874504,0.99431366,540
89424d07233ffff,0,0.6620624307880589,0.99570197,212
89424d0723bffff,0,0.6815007890540034,0.99570197,213
89424d07243ffff,0,0.22629273416167417,0.98126924,1742
89424d0724bffff,0,0.3579506403601161,0.9908507,854
89424d0724fffff,0,0.3094726246707251,0.9892013,1271
89424d07253ffff,0,0.28532392186584454,0.99092954,850
89424d07257ffff,0,0.3709317637870004,0.99274445,738
89424d07263ffff,0,0.32316310141206855,0.9794148,1767
89424d07267ffff,0,0.6061673595101681,0.99562967,266
89424d0726bffff,0,0.47981298708691306,0.9894352,1225
89424d07273ffff,0,0.603076908336207,0.9901844,1137
89424d07277ffff,1,0.5413720635895095,0.9935779,684
89424d0727bffff,0,0.5246164592062638,0.9901844,1138
89424d07283ffff,0,0.309927305601889,0.9894662,1220
89424d07287ffff,0,0.3788848100887264,0.9946191,485
89424d0728bffff,0,0.4097278492702472,0.9939422,632
89424d0728fffff,0,0.4132430323800048,0.9952686,363
89424d07293ffff,0,0.326034951424833,0.993807,659
89424d07297ffff,0,0.393926625291777,0.995279,360
89424d0729bffff,0,0.3492214151771237,0.9942063,579
89424d072a3ffff,0,0.30405454903011403,0.99098676,847
89424d072a7ffff,0,0.34964145635950644,0.9872813,1470
89424d072abffff,0,0.6535452762218442,0.99570197,214
89424d072afffff,0,0.521621949458702,0.98939514,1245
89424d072c3ffff,0,0.3315825265685043,0.9910438,845
89424d072c7ffff,0,0.4135531039598256,0.9935991,679
89424d072cfffff,1,0.3842672201753245,0.99358505,683
89424d072d3ffff,0,0.43288561123286623,0.9957901,137
89424d072d7ffff,0,0.41471350792666456,0.9952461,371
89424d07303ffff,0,0.5019244547105338,0.9944989,506
89424d07307ffff,0,0.6461968890236139,0.9957821,166
89424d0730bffff,1,0.5179916997975819,0.99574196,178
89424d07313ffff,0,0.4695574187938822,0.99154884,813
89424d07317ffff,0,0.6731833165161911,0.9957324,180
89424d0731bffff,0,0.49010461167284775,0.9903422,1065
89424d07323ffff,0,0.4079691313142445,0.99045885,1032
89424d07327ffff,0,0.7233761810820274,0.99418116,596
89424d0732fffff,0,0.5913474667513159,0.99371606,665
89424d07333ffff,0,0.7307453142783328,0.99579597,92
89424d07337ffff,0,0.6205164698668908,0.9943077,544
89424d07343ffff,0,0.298100865520409,0.9919269,793
89424d07347ffff,0,0.3997286369714242,0.9956178,271
89424d0734bffff,0,0.4992768770003281,0.99570197,215
89424d0734fffff,0,0.3332222100458025,0.9931553,711
89424d07353ffff,0,0.45509894487873115,0.9956119,277
89424d07357ffff,0,0.4174244658349718,0.99421984,571
89424d0735bffff,1,0.5278001709357054,0.99402314,624
89424d07363ffff,0,0.2605423217323324,0.99024445,1110
89424d0736bffff,0,0.5175362381708679,0.9954453,330
89424d0736fffff,0,0.4692219743645546,0.9951237,426
89424d07373ffff,0,0.27531347754359914,0.99278915,730
89424d07377ffff,0,0.44034901013543876,0.9957746,170
89424d0737bffff,0,0.4181984379644103,0.9956178,272
89424d07383ffff,0,0.2689305962371457,0.97985476,1758
89424d0738bffff,0,0.2816209164168158,0.9842069,1644
89424d073a3ffff,0,0.452470788209868,0.9904273,1038
89424d073a7ffff,0,0.7265773564488187,0.99579597,93
89424d073abffff,0,0.656276409421217,0.9957901,138
89424d073afffff,0,0.771878564788047,0.99579024,111
89424d073bbffff,0,0.5198498438309918,0.992778,733
89424d073c3ffff,0,0.2582700202454067,0.9817004,1730
89424d073c7ffff,0,0.4227947980407295,0.98684305,1512
89424d073cbffff,1,0.4352571108541531,0.9956581,243
89424d073cfffff,0,0.43510296611314353,0.99073195,931
89424d073d7ffff,1,0.24909176239619094,0.9842069,1645
89424d073dbffff,0,0.4040672402588217,0.99505484,434
89424d07403ffff,0,0.0586928234400523,0.006638344,3124
89424d07423ffff,0,0.1932432982787702,0.008466846,3027
89424d07427ffff,0,0.28324385166132604,0.73041254,2195
89424d0742bffff,0,0.28377629397916637,0.051750984,2588
89424d07437ffff,0,0.23929977981737083,0.039362144,2813
89424d07443ffff,0,0.04830247154521439,0.0066035227,3164
89424d07463ffff,0,0.09425906387828721,0.3257452,2346
89424d07483ffff,0,0.018270125710242453,0.0068091876,3095
89424d074a3ffff,0,0.1263339644588406,0.0066035227,3165
89424d074afffff,0,0.23634558905203337,0.039244164,2814
89424d074c3ffff,0,0.008339435006472112,0.006608845,3142
89424d07503ffff,0,0.20343566138605773,0.8938955,2060
89424d07507ffff,0,0.3785915668832419,0.96298456,1848
89424d0750bffff,0,0.351423944180855,0.9889203,1316
89424d0750fffff,0,0.35477091457377397,0.9889203,1317
89424d07513ffff,0,0.3108006283986822,0.30341962,2360
89424d07517ffff,0,0.30199164647774546,0.9554083,1892
89424d0751bffff,0,0.2509456825615076,0.04825243,2662
89424d07523ffff,0,0.21873090402119275,0.98968893,1210
89424d0752bffff,0,0.3549042382941006,0.98719424,1475
89424d0752fffff,0,0.41230802770490044,0.9952001,395
89424d07533ffff,0,0.3628970144376479,0.994976,456
89424d07537ffff,1,0.24674997619843647,0.9917452,799
89424d0753bffff,0,0.3203014696698902,0.962884,1849
89424d07543ffff,0,0.1047645288048057,0.97268456,1798
89424d0754fffff,0,0.3443578781877691,0.98560876,1577
89424d07553ffff,0,0.25708560356399895,0.94326323,1916
89424d07563ffff,0,0.2542186128522671,0.9798007,1759
89424d07567ffff,0,0.4323402719778447,0.98933923,1259
89424d0756bffff,0,0.34153954848995655,0.983945,1658
89424d07573ffff,0,0.3680208156881462,0.98937637,1255
89424d07577ffff,0,0.39017021321118633,0.98933923,1260
89424d0757bffff,0,0.23285453048075383,0.9830636,1701
89424d07583ffff,0,0.17710914084530047,0.025984475,2871
89424d0758fffff,0,0.27517408775036234,0.29311898,2366
89424d07597ffff,0,0.263262499934006,0.15145491,2460
89424d075a3ffff,0,0.2616179511455064,0.99251425,746
89424d075a7ffff,0,0.3591525116582161,0.994976,457
89424d075abffff,0,0.33740010801342873,0.9946941,477
89424d075afffff,1,0.39713314810910677,0.994976,458
89424d075b3ffff,0,0.36652971571508564,0.9832284,1695
89424d075c3ffff,0,0.15373587560134067,0.023622444,2886
89424d075cbffff,0,0.23803494847670406,0.058351837,2543
89424d075cfffff,0,0.2736716902822873,0.17067008,2444
89424d07603ffff,0,0.07796381030074213,0.32555234,2348
89424d07607ffff,0,0.12604389121948756,0.6098752,2272
89424d0760fffff,0,0.08004585011587502,0.8634153,2099
89424d07623ffff,0,0.1358730341288891,0.7002207,2217
89424d0762fffff,0,0.2784424911358531,0.9450008,1912
89424d07643ffff,0,0.0760616124225623,0.36376256,2332
89424d07663ffff,0,0.18478731579718413,0.7201873,2204
89424d07667ffff,0,0.33627604605569467,0.99379915,660
89424d0766bffff,0,0.36518952583803316,0.96657103,1814
89424d07683ffff,0,0.08422693010838835,0.0066035227,3166
89424d076a3ffff,0,0.18555299909341047,0.7405916,2186
89424d076bbffff,0,0.29313725032612664,0.75741106,2154
89424d076c3ffff,0,0.021083493642783946,0.006591491,3295
89424d0e487ffff,0,0.2792791791860114,0.14613092,2479
89424d0e4a3ffff,0,0.23429023303515076,0.3176234,2354
89424d0e4b7ffff,0,0.2911767113897171,0.6024184,2278
89424d0e503ffff,0,0.20051808047988073,0.031479776,2852
89424d0e513ffff,0,0.35935138436980957,0.6297695,2242
89424d0e517ffff,0,0.37605690684009013,0.9849178,1612
89424d0e51bffff,0,0.3509863741702774,0.17171378,2427
89424d0e523ffff,0,0.13815881466221316,0.8601816,2103
89424d0e527ffff,0,0.09566948472276136,0.9226275,1973
89424d0e533ffff,0,0.30731799498564444,0.96174127,1859
89424d0e583ffff,0,0.3099323191685813,0.44858688,2310
89424d0e587ffff,0,0.39349743530816256,0.9863245,1545
89424d0e58bffff,0,0.3743941710236581,0.6391576,2233
89424d0e597ffff,0,0.3047922790349116,0.6295515,2243
89424d0e59bffff,0,0.26608250935943895,0.5374243,2294
89424d0e5a3ffff,0,0.2809995919479957,0.93389803,1931
89424d0e5a7ffff,0,0.23981059203195537,0.9435755,1914
89424d0e5abffff,0,0.28286721988653085,0.95528203,1894
89424d0e5afffff,0,0.3015537829663973,0.96131927,1862
89424d0e5b3ffff,0,0.3183080914982222,0.96387297,1845
89424d0e5bbffff,0,0.28076728352379277,0.95543236,1891
89424d0e5c3ffff,0,0.3038046294852043,0.44858688,2311
89424d0e5d7ffff,0,0.35743833324754054,0.6391576,2234
89424d0e5dbffff,0,0.2975195039019858,0.5765145,2290
89424d0e927ffff,0,0.26976071059146134,0.048907906,2650
89424d0e933ffff,0,0.27573446900328824,0.049587943,2621
89424d0e983ffff,0,0.0998364378284498,0.34642115,2339
89424d0e987ffff,0,0.1805390661213478,0.035011977,2844
89424d0e9a3ffff,0,0.16282597364089607,0.0076620723,3076
89424d0e9a7ffff,0,0.2719093064740482,0.04894655,2649
89424d0e9bbffff,0,0.3262878025907579,0.059861213,2540
89424d0ec23ffff,0,0.15189137390211727,0.006613033,3140
89424d0ec27ffff,0,0.25825203634703214,0.04437024,2728
89424d0ec83ffff,0,0.0820345105096133,0.006332056,3547
89424d0eca3ffff,0,0.03974432491101399,0.0090054935,3013
89424d0ed03ffff,0,0.0875325565488287,0.3232421,2349
89424d0ed23ffff,0,0.24781084386443578,0.755176,2162
89424d0ed2bffff,0,0.3356801639676116,0.8990413,2049
89424d0ed37ffff,0,0.3950229879375333,0.9167215,2002
89424d0ed43ffff,0,0.12829586313812963,0.006617015,3134
89424d0ed53ffff,0,0.2468663304740007,0.04816208,2665
89424d0ed63ffff,0,0.18522492749433733,0.40705064,2316
89424d0ed6fffff,0,0.2985088431444229,0.77339935,2141
89424d0ed83ffff,0,0.29117107922341456,0.8425666,2112
89424d0ed8bffff,0,0.29346042254560034,0.75734514,2155
89424d0ed93ffff,0,0.2592007168734194,0.74510837,2181
89424d0ed97ffff,0,0.3104178385929455,0.9156897,2007
89424d0ed9bffff,0,0.24269581104771473,0.70088583,2216
89424d0eda3ffff,0,0.16866976899728364,0.9752944,1789
89424d0edafffff,0,0.3183965711163709,0.98296756,1704
89424d0edbbffff,0,0.1764160714174174,0.8670948,2094
89424d0edc3ffff,0,0.192191887043858,0.38175145,2325
89424d0edc7ffff,0,0.30428892219613213,0.75734514,2156
89424d0edcfffff,0,0.26052121918484233,0.7855873,2135
89424d10023ffff,0,0.017395658453489296,0.006599818,3178
89424d10103ffff,0,0.006902545604886214,0.0065968377,3221
89424d10123ffff,0,0.03676015015297022,0.006591491,3296
89424d10143ffff,0,0.009344939091804606,0.006591491,3297
89424d10163ffff,0,0.030334597437782527,0.006591491,3298
89424d10183ffff,0,0.003721728610760205,0.006599818,3179
89424d101c3ffff,0,0.0024547894309103805,0.006591491,3299
89424d10303ffff,0,0.0372605042737437,0.006591491,3300
89424d10323ffff,0,0.11149170036897614,0.006591491,3301
89424d10343ffff,0,0.11767428510197782,0.0058988687,3655
89424d10363ffff,0,0.015770113791638795,0.006591491,3302
89424d10383ffff,0,0.05832205827971171,0.006591491,3303
89424d103a3ffff,0,0.058778817244450964,0.006591491,3304
89424d103c3ffff,0,0.22138212285395445,0.0085110925,3025
89424d103d3ffff,0,0.24110345895467994,0.047942195,2671
89424d10523ffff,0,0.00420080459555011,0.006594265,3228
89424d10803ffff,0,0.01971042133428811,0.00660618,3147
89424d10823ffff,0,0.05851852872915898,0.006591491,3305
89424d10843ffff,0,0.05417440331725787,0.006594265,3229
89424d10863ffff,0,0.02853761631949501,0.00660618,3148
89424d10883ffff,0,0.01567512237489851,0.006591491,3306
89424d108a3ffff,0,0.07822209686505704,0.006591491,3307
89424d108c3ffff,0,0.11330062405056573,0.006591491,3308
89424d10903ffff,0,0.061518359986274106,0.006594265,3230
89424d10923ffff,0,0.12019304427105969,0.006591491,3309
89424d10943ffff,0,0.10633221595690373,0.0065929824,3242
89424d10963ffff,0,0.15551390234247572,0.0065977843,3209
89424d10977ffff,0,0.23518183454020306,0.045512196,2716
89424d10983ffff,0,0.05657347713730244,0.0066140187,3137
89424d109a3ffff,0,0.04453665020311912,0.006591491,3310
89424d109c3ffff,0,0.21186873797799033,0.008230263,3045
89424d109d3ffff,0,0.2518492306501257,0.039995577,2799
89424d10a03ffff,0,0.14298428126450874,0.0067985076,3097
89424d10a0bffff,0,0.26004460651509165,0.042975906,2743
89424d10a23ffff,0,0.06519143053328881,0.00660618,3149
89424d10a43ffff,0,0.130243345153349,0.00660618,3150
89424d10a63ffff,0,0.08105290528603343,0.00660618,3151
89424d10a83ffff,0,0.027742083675974076,0.006797181,3099
89424d10aa3ffff,0,0.024601096923747276,0.0065929824,3243
89424d10ac3ffff,0,0.05569701021962139,0.006591491,3311
89424d10b03ffff,0,0.2835040429077608,0.015599353,2965
89424d10b07ffff,0,0.2573523909684745,0.04080667,2781
89424d10b0bffff,0,0.24103121594326887,0.04794051,2672
89424d10b17ffff,0,0.23949368701196713,0.05645638,2550
89424d10b1bffff,0,0.23930596108727153,0.057252355,2545
89424d10b23ffff,0,0.14207783681273253,0.006592818,3281
89424d10b33ffff,0,0.2695323652279027,0.04899728,2631
89424d10b43ffff,0,0.14270923320727824,0.006592818,3282
89424d10b53ffff,0,0.23829717667508526,0.047979098,2670
89424d10b57ffff,0,0.23863576940044193,0.05651275,2547
89424d10b63ffff,0,0.18587325472542238,0.0068585104,3089
89424d10b73ffff,0,0.27704681105100837,0.04899728,2632
89424d10b7bffff,0,0.2589192282555001,0.04186125,2764
89424d10b83ffff,0,0.16403937779675037,0.00664573,3123
89424d10b87ffff,0,0.23368583865352427,0.0457646,2707
89424d10ba3ffff,0,0.2190424893670729,0.008466658,3028
89424d10bafffff,0,0.24653470799420146,0.04115142,2772
89424d10bc3ffff,0,0.1600262028543272,0.0065977843,3210
89424d10bcfffff,0,0.238153871809044,0.04713491,2681
89424d10c03ffff,0,0.07984866967325714,0.006591491,3312
89424d10c23ffff,0,0.009981027535188909,0.006591491,3313
89424d10c43ffff,0,0.1372278721675631,0.006591491,3314
89424d10c63ffff,0,0.04797917496065233,0.0065929824,3244
89424d10c83ffff,0,0.06975370066587301,0.0066140187,3138
89424d10ca3ffff,0,0.017862852876901248,0.0065968377,3222
89424d10cc7ffff,0,0.24941034029856254,0.039839324,2807
89424d10d03ffff,0,0.01354263146407783,0.006591491,3315
89424d10d23ffff,0,0.017157386716215025,0.006591491,3316
89424d10d43ffff,0,0.017989981107404584,0.006797181,3100
89424d10d63ffff,0,0.08266344649435178,0.006591491,3317
89424d10d83ffff,0,0.054938536028945335,0.006591491,3318
89424d10da3ffff,0,0.0591851888231312,0.006591491,3319
89424d10dc3ffff,0,0.007062599272761412,0.006591491,3320
89424d10e03ffff,0,0.03416886811157118,0.006591491,3321
89424d10e23ffff,0,0.15772501623633975,0.0065977843,3211
89424d10e37ffff,0,0.28626410140523095,0.04899728,2633
89424d10e43ffff,0,0.07389605011458215,0.00660618,3152
89424d10e63ffff,0,0.022745948386171836,0.006591491,3322
89424d10e83ffff,0,0.09176241342406703,0.006591491,3323
89424d10ea3ffff,0,0.1239747576869256,0.006591491,3324
89424d10eb3ffff,0,0.23986544299429527,0.0499747,2616
89424d10ec3ffff,0,0.16592153758911282,0.006605002,3157
89424d10ecbffff,0,0.27808047346359094,0.04899728,2634
89424d11803ffff,0,0.08021141075889025,0.005900258,3598
89424d11823ffff,0,0.27630146863639604,0.011515477,2997
89424d1182bffff,0,0.29053200190420536,0.046727777,2687
89424d11843ffff,0,0.24298785120047603,0.008035733,3064
89424d11847ffff,0,0.2513043994209011,0.043611012,2735
89424d11863ffff,0,0.10960913006184377,0.0059015756,3589
89424d11883ffff,0,0.01858086353516196,0.0059122103,3581
89424d118a3ffff,0,0.06356631685042202,0.0058988687,3656
89424d118c3ffff,0,0.1155436415165556,0.0058988687,3657
89424d11903ffff,0,0.17924571257891317,0.0059166085,3578
89424d1190bffff,0,0.3257538885009,0.046727777,2688
89424d11923ffff,0,0.09094549945793576,0.005906213,3583
89424d11943ffff,0,0.13424034694848042,0.0058988687,3658
89424d11963ffff,0,0.20812014439174575,0.0073499703,3083
89424d11967ffff,0,0.2514241064730629,0.043558158,2739
89424d11977ffff,0,0.2840779238505573,0.046548083,2701
89424d11983ffff,0,0.03759078501998886,0.005919135,3575
89424d119a3ffff,0,0.033484022448304805,0.0058988687,3659
89424d119c3ffff,0,0.2076775002905263,0.0071658967,3084
89424d119cfffff,0,0.2512590025317595,0.04369575,2734
89424d11a03ffff,0,0.038903240251522656,0.0058988687,3660
89424d11a23ffff,0,0.17441052015775316,0.0059057716,3585
89424d11a27ffff,0,0.27386451627582437,0.038629103,2819
89424d11a43ffff,0,0.042079510493248984,0.0058988687,3661
89424d11a63ffff,0,0.025683222731638266,0.0058988687,3662
89424d11a83ffff,0,0.0466825207435616,0.0059015756,3590
89424d11aa3ffff,0,0.24754806931253734,0.008096053,3062
89424d11ab7ffff,0,0.2561137558763544,0.044780616,2722
89424d11ac3ffff,0,0.02220567007385267,0.0058988687,3663
89424d11b03ffff,0,0.23032008096323306,0.007459136,3079
89424d11b17ffff,0,0.2713764736398802,0.038304664,2825
89424d11b1bffff,0,0.2743446015430849,0.03868475,2818
89424d11b23ffff,0,0.17868854122230252,0.005914883,3579
89424d11b2bffff,0,0.3061925676823733,0.046727777,2689
89424d11b2fffff,0,0.29075359083887,0.046727777,2690
89424d11b43ffff,0,0.22298891164869483,0.0075140707,3078
89424d11b47ffff,0,0.2970535360121476,0.046727777,2691
89424d11b4bffff,0,0.2656593188326012,0.038849186,2816
89424d11b53ffff,0,0.26911833400710455,0.038063604,2832
89424d11b57ffff,0,0.2975851381615076,0.046727777,2692
89424d11b5bffff,0,0.27753952303840557,0.039383385,2812
89424d11b63ffff,0,0.19635813298924756,0.0061575454,3559
89424d11b77ffff,0,0.25644404349578453,0.049318675,2624
89424d11b83ffff,0,0.11194818875377499,0.0058988687,3664
89424d11ba3ffff,0,0.08436907160742582,0.0058988687,3665
89424d11bc3ffff,0,0.11553910995809254,0.0058988687,3666
89424d11c03ffff,0,0.10209186880985759,0.0058988687,3667
89424d11c23ffff,0,0.013999910530198764,0.0058988687,3668
89424d11c43ffff,0,0.22208771450979198,0.007354404,3081
89424d11c5bffff,0,0.27075234733486986,0.038255632,2828
89424d11c63ffff,0,0.04666468245637578,0.0059122103,3582
89424d11c83ffff,0,0.14243605419880584,0.0058988687,3669
89424d11c97ffff,0,0.2559842196599677,0.044429317,2726
89424d11ca3ffff,0,0.04160304325925351,0.0059015756,3591
89424d11cc3ffff,0,0.1614506266216231,0.0059057716,3586
89424d11cc7ffff,0,0.2731671228469192,0.038464684,2822
89424d11d03ffff,0,0.003996177902125081,0.0060847276,3566
89424d11d23ffff,0,0.024323153978979425,0.0060847276,3567
89424d11d43ffff,0,0.008313192248486735,0.0058988687,3670
89424d11d63ffff,0,0.03160120946842014,0.005906213,3584
89424d11d83ffff,0,0.02523467896268001,0.006591491,3325
89424d11da3ffff,0,0.010325611995750557,0.006591491,3326
89424d11dc3ffff,0,0.00568598659801503,0.0059015756,3592
89424d11e03ffff,0,0.09877260610338659,0.0058988687,3671
89424d11e23ffff,0,0.12078301095582403,0.0058988687,3672
89424d11e43ffff,0,0.1636012214228712,0.0059057716,3587
89424d11e57ffff,0,0.2629083740370923,0.041248202,2771
89424d11e63ffff,0,0.04029075267110879,0.0058988687,3673
89424d11e83ffff,0,0.23001722809953956,0.007459136,3080
89424d11e8fffff,0,0.24498996578274806,0.035558943,2840
89424d11ea3ffff,0,0.14727044824893623,0.0058988687,3674
89424d11eafffff,0,0.27117699492681974,0.038291764,2826
89424d12843ffff,0,0.04481159680831432,0.006594265,3231
89424d12863ffff,0,0.022725140369138325,0.006591491,3327
89424d12883ffff,0,0.0012828245065952951,0.006797181,3101
89424d128a3ffff,0,0.0012529092128802748,0.006594265,3232
89424d128c3ffff,0,0.006334726550221436,0.0066140187,3139
89424d12903ffff,0,0.06262339945006777,0.006591491,3328
89424d12923ffff,0,0.1554884051678674,0.0066005583,3176
89424d1292bffff,0,0.2806240167796571,0.04899728,2635
89424d12943ffff,0,0.02588835830070375,0.006591491,3329
89424d12963ffff,0,0.10439360205294436,0.006591491,3330
89424d12983ffff,0,0.045018050308088906,0.006591491,3331
89424d129a3ffff,0,0.2176528850169488,0.008393587,3033
89424d129afffff,0,0.2634354671602146,0.048806995,2651
89424d129b7ffff,0,0.25111425383446323,0.03985896,2806
89424d12a03ffff,0,0.10384100329497686,0.006591491,3332
89424d12a23ffff,0,0.04193471485037028,0.006599818,3180
89424d12a63ffff,0,0.04166430237179404,0.006591491,3333
89424d12a83ffff,0,0.10033337765528448,0.006591491,3334
89424d12aa3ffff,0,0.14867980032854364,0.0065979594,3208
89424d12abbffff,0,0.26915250458177026,0.04899728,2636
89424d12ac3ffff,0,0.02854721388172575,0.006797181,3102
89424d12b03ffff,0,0.0401702068149895,0.006591491,3335
89424d12b23ffff,0,0.0887767389988802,0.006594265,3233
89424d12b43ffff,0,0.009297752306594928,0.006599818,3181
89424d12b63ffff,0,0.014848182835211126,0.006591491,3336
89424d12b83ffff,0,0.023599333971797903,0.006594265,3234
89424d12ba3ffff,0,0.1667330621760526,0.006629095,3129
89424d12bafffff,0,0.2577928209224046,0.04091958,2777
89424d12bc3ffff,0,0.02124080403595333,0.006591491,3337
89424d12c23ffff,0,0.0055838153471409,0.006591491,3338
89424d12c63ffff,0,0.0008594884296950941,0.006591491,3339
89424d12ca3ffff,0,0.027762398980936197,0.006591491,3340
89424d12d03ffff,0,0.006613108576752101,0.006591491,3341
89424d12d23ffff,0,0.022756816695102506,0.006591491,3342
89424d12d43ffff,0,0.0032409998760983974,0.006591491,3343
89424d12d83ffff,0,0.040287001751835486,0.006599818,3182
89424d12da3ffff,0,0.017943183483647335,0.006591491,3344
89424d12dc3ffff,0,0.026118435403459206,0.006591491,3345
89424d12e23ffff,0,0.016737434726219292,0.006599818,3183
89424d12e63ffff,0,0.013566836615236149,0.006591491,3346
89424d12ea3ffff,0,0.0021747555126249334,0.006591491,3347
89424d14003ffff,0,0.004444622914215839,0.0065929033,3254
89424d14023ffff,0,0.008936402388527873,0.0065929033,3255
89424d14043ffff,0,0.030812787288731023,0.006591491,3348
89424d14063ffff,0,0.032425954367766345,0.006591491,3349
89424d14083ffff,0,0.0018850174863454426,0.0065943953,3227
89424d140a3ffff,0,0.0013709929279970715,0.0065929033,3256
89424d140c3ffff,0,0.014254663176088103,0.0065929824,3245
89424d14103ffff,0,0.016190624538031183,0.01134932,3000
89424d14123ffff,0,0.11612279314957244,0.01134932,3001
89424d14127ffff,0,0.22335114336011994,0.0641557,2535
89424d14143ffff,0,0.048736276386839875,0.0065929033,3257
89424d14163ffff,0,0.08708044211836143,0.0066036,3159
89424d14183ffff,0,0.008626294627746178,0.01134932,3002
89424d141a3ffff,0,0.06603902885820505,0.0113512445,2999
89424d141c3ffff,0,0.006319553972494783,0.0065929033,3258
89424d14203ffff,0,0.04158521818821837,0.006591491,3350
89424d14223ffff,0,0.1318951838869399,0.006591491,3351
89424d1422fffff,0,0.23682714497879287,0.04565373,2711
89424d14243ffff,0,0.06124961866958885,0.006591491,3352
89424d14263ffff,0,0.2411917187485233,0.012157141,2993
89424d14283ffff,0,0.11942503212748534,0.006591491,3353
89424d142a3ffff,0,0.04480471001180161,0.006591491,3354
89424d142c3ffff,0,0.04947281875848303,0.006591491,3355
89424d14303ffff,0,0.179655403699957,0.007696152,3075
89424d14307ffff,0,0.2500564720262552,0.04743862,2678
89424d1430bffff,0,0.29311649859195504,0.05175922,2573
89424d14323ffff,0,0.09397261951344413,0.0065929033,3259
89424d14343ffff,0,0.2546924711341097,0.015613463,2964
89424d14347ffff,0,0.22794573114029168,0.037599664,2833
89424d14357ffff,0,0.23494517885220484,0.045560956,2713
89424d14363ffff,0,0.09044888316689316,0.0065929033,3260
89424d14383ffff,0,0.03724929646566615,0.0065929033,3261
89424d143a3ffff,0,0.2409407227047953,0.012504214,2988
89424d143a7ffff,0,0.2667482146887896,0.04444971,2725
89424d143c3ffff,0,0.20129048034212343,0.008150302,3051
89424d143cbffff,0,0.2551534011286633,0.040435296,2790
89424d14403ffff,0,0.0004589983568244999,0.0065929033,3262
89424d14423ffff,0,0.000445398339476114,0.0065929033,3263
89424d14443ffff,0,0.0019221670888339294,0.006591491,3356
89424d14463ffff,0,0.0028813703146473965,0.006591491,3357
89424d14483ffff,0,0.0012816619321777782,0.006591491,3358
89424d144a3ffff,0,0.00015351923579626402,0.006591491,3359
89424d14503ffff,0,0.0005153715896736513,0.006591491,3360
89424d14523ffff,0,0.004373486339036536,0.0065929824,3246
89424d14543ffff,0,0.00023080980518178044,0.0065929033,3264
89424d14563ffff,0,0.0009735451786659475,0.0065929033,3265
89424d14583ffff,0,0.0005411920875864337,0.006591491,3361
89424d145c3ffff,0,6.649504534023513e-05,0.006591491,3362
89424d14603ffff,0,0.03490304229476633,0.006591491,3363
89424d14623ffff,0,0.09597085003573991,0.006591491,3364
89424d14643ffff,0,0.028470544452106346,0.006591491,3365
89424d14663ffff,0,0.13246500421833454,0.006591491,3366
89424d14667ffff,0,0.261075811426455,0.046075143,2703
89424d14683ffff,0,0.014374589525158063,0.006591491,3367
89424d146a3ffff,0,0.014750375973464637,0.006591491,3368
89424d14803ffff,0,0.0566755990190477,0.006060526,3570
89424d1481bffff,0,0.03751825432510342,0.027336549,2869
89424d14823ffff,0,0.21543893249565266,0.007918749,3068
89424d14827ffff,0,0.2703016004948365,0.1732009,2396
89424d1482bffff,0,0.27070903695840326,0.038238272,2829
89424d1482fffff,0,0.24186316670658897,0.035276134,2842
89424d14843ffff,0,0.024443926967012444,0.0058988687,3675
89424d14863ffff,0,0.1533483915903439,0.0061235125,3563
89424d14867ffff,0,0.26638387401376895,0.049169086,2625
89424d1486fffff,0,0.25129685066905527,0.040752087,2784
89424d14883ffff,0,0.179016235292862,0.0063093556,3549
89424d14893ffff,0,0.27167150808933715,0.03837961,2823
89424d14897ffff,0,0.3022020862503647,0.7355485,2189
89424d148a3ffff,0,0.08794185645979265,0.85071,2106
89424d148b7ffff,0,0.21515482788746818,0.96970797,1802
89424d148c3ffff,0,0.05590168499301333,0.0059691067,3573
89424d14903ffff,0,0.21673406827015204,0.6129109,2269
89424d14907ffff,0,0.2671012378379745,0.86847377,2089
89424d14917ffff,0,0.41402411401638806,0.9952461,372
89424d1491bffff,0,0.2991780301727221,0.17147364,2436
89424d14923ffff,0,0.25716871668392416,0.7261341,2198
89424d14933ffff,0,0.40265710270499333,0.9952461,373
89424d14943ffff,0,0.13701916022763613,0.0233854,2899
89424d14963ffff,0,0.05926385835511844,0.023361856,2920
89424d14983ffff,1,0.33925234944503296,0.99345315,694
89424d14987ffff,1,0.3287244793137788,0.9926074,743
89424d1498bffff,0,0.40009445003753824,0.9638746,1843
89424d1498fffff,0,0.39349367628313625,0.9950706,432
89424d14993ffff,0,0.3576463382231931,0.9943837,527
89424d14997ffff,0,0.36875886855944295,0.99438745,526
89424d1499bffff,0,0.39658387229640263,0.9952461,374
89424d149a3ffff,0,0.26778210175067585,0.98940855,1242
89424d149abffff,0,0.4242693870420218,0.994906,464
89424d149b3ffff,1,0.284978330926217,0.9915031,817
89424d149b7ffff,0,0.43952391719651984,0.9883286,1397
89424d149c3ffff,0,0.12626357128014654,0.9345768,1926
89424d14a03ffff,0,0.03723840760651966,0.006591491,3369
89424d14a23ffff,0,0.0272186814289691,0.0066322517,3127
89424d14a43ffff,0,0.12885474111103887,0.006591491,3370
89424d14a63ffff,0,0.02633397092750428,0.006591491,3371
89424d14a83ffff,0,0.0462433198890453,0.0058988687,3676
89424d14aa3ffff,0,0.041839277192152025,0.006591491,3372
89424d14ac3ffff,0,0.19199889786246851,0.007653287,3077
89424d14acbffff,0,0.3090151569742748,0.049359843,2623
89424d14ad3ffff,0,0.23928683587437666,0.047244843,2679
89424d14adbffff,0,0.2629514215665585,0.0428782,2746
89424d14b03ffff,0,0.14077442053480463,0.006592818,3283
89424d14b0bffff,0,0.24888537720327783,0.041256193,2770
89424d14b1bffff,0,0.26692355917349736,0.048806995,2652
89424d14b23ffff,0,0.06643576057309732,0.006667438,3118
89424d14b43ffff,0,0.12627859640678726,0.006591491,3373
89424d14b63ffff,0,0.1622534715616703,0.0070544207,3085
89424d14b6fffff,0,0.31210947222820695,0.7469058,2175
89424d14b83ffff,0,0.09500994172245437,0.0066545727,3121
89424d14ba3ffff,0,0.02249138808036447,0.0065929824,3247
89424d14bc3ffff,0,0.10246856747045059,0.006769361,3108
89424d14bcbffff,0,0.09727737843040475,0.029355126,2864
89424d14c03ffff,0,0.08765432768914733,0.01134932,3003
89424d14c23ffff,0,0.11333501095779955,0.0058988687,3677
89424d14c43ffff,0,0.2690180387471303,0.021765266,2947
89424d14c4bffff,0,0.30249644930874614,0.087842114,2518
89424d14c4fffff,0,0.29667407994939105,0.0875987,2523
89424d14c57ffff,0,0.262284516104047,0.08213008,2527
89424d14c5bffff,0,0.33702453476385236,0.087842114,2519
89424d14c63ffff,0,0.17202229412204112,0.006150016,3560
89424d14c67ffff,0,0.3198942126895936,0.046727777,2693
89424d14c7bffff,0,0.3121405559920939,0.087624356,2522
89424d14c83ffff,0,0.14936676253302378,0.0066029155,3174
89424d14c9bffff,0,0.29609771860749085,0.05175922,2574
89424d14ca3ffff,0,0.043403571664517956,0.0065929033,3266
89424d14cc3ffff,0,0.21243758201069257,0.014246297,2974
89424d14ccbffff,0,0.30191823881159113,0.087842114,2520
89424d14cd3ffff,0,0.26734498973824733,0.08839061,2517
89424d14d03ffff,0,0.30208343702307144,0.9698639,1801
89424d14d0bffff,0,0.38916747056955325,0.9950239,445
89424d14d13ffff,0,0.3216499660817145,0.8904421,2066
89424d14d23ffff,0,0.1809760109362315,0.8376157,2113
89424d14d27ffff,0,0.34061549790820767,0.9566798,1889
89424d14d2fffff,0,0.33466756842731615,0.9625797,1851
89424d14d37ffff,0,0.26970281510236715,0.877312,2081
89424d14d3bffff,0,0.3570291559502735,0.9950239,446
89424d14d43ffff,0,0.1950664440765668,0.8681973,2091
89424d14d47ffff,0,0.29879521017950156,0.99338883,699
89424d14d4fffff,0,0.332019857501176,0.95684814,1886
89424d14d63ffff,0,0.21972141913620263,0.99022657,1123
89424d14d67ffff,0,0.37661001071950845,0.99524,381
89424d14d6fffff,0,0.35456563214266273,0.99524,382
89424d14d73ffff,0,0.3485277239267944,0.9952461,375
89424d14d77ffff,0,0.36851116654855487,0.9952461,376
89424d14d7bffff,0,0.33997639419816655,0.9950741,430
89424d14d83ffff,0,0.17796709956407344,0.008460461,3030
89424d14d8fffff,0,0.2801082390761473,0.8904446,2065
89424d14d9bffff,0,0.2611655737340131,0.042640157,2750
89424d14da3ffff,0,0.19785416828272362,0.5384093,2293
89424d14dabffff,0,0.27422835624481035,0.8866184,2073
89424d14dbbffff,0,0.3098692070168244,0.8904421,2067
89424d14dc3ffff,0,0.10533191056241731,0.0066560404,3120
89424d14e03ffff,0,0.14786032253862613,0.01134932,3004
89424d14e23ffff,0,0.06950593796744539,0.0058988687,3678
89424d14e43ffff,0,0.08523094364369814,0.0065929033,3267
89424d14e63ffff,0,0.23016562219849251,0.014215309,2975
89424d14e6bffff,0,0.28624262138296713,0.05175922,2575
89424d14e73ffff,0,0.2657689231681814,0.08078187,2528
89424d14e7bffff,0,0.2723148979275771,0.05155991,2593
89424d14e83ffff,0,0.2896211050365787,0.027357247,2868
89424d14e8fffff,0,0.2794374414867237,0.073425,2531
89424d14e97ffff,0,0.26692843625106816,0.08896823,2515
89424d14e9bffff,0,0.2735750048548155,0.0722109,2532
89424d14ea3ffff,0,0.10800110408757986,0.011453783,2998
89424d14ec3ffff,0,0.1962796940978206,0.008265233,3040
89424d14ed3ffff,0,0.2539513626695489,0.043564763,2738
89424d14edbffff,0,0.28486878231337437,0.05175922,2576
89424d15003ffff,0,0.11012155523299126,0.006591491,3374
89424d15023ffff,0,0.19509878787974863,0.00814558,3057
89424d1502fffff,0,0.23838875835273193,0.04851522,2659
89424d15037ffff,0,0.23494517885220484,0.045560956,2714
89424d15043ffff,0,0.2742287371087258,0.015599353,2966
89424d15047ffff,0,0.31045371748214884,0.04899728,2637
89424d1505bffff,0,0.2417542537070547,0.04754651,2677
89424d15063ffff,0,0.26143593667635906,0.015532708,2969
89424d15073ffff,0,0.2813463874900309,0.04899728,2638
89424d15077ffff,0,0.24779183083362907,0.039959088,2801
89424d1507bffff,0,0.2598715823762244,0.04279847,2749
89424d15083ffff,0,0.06750315997130844,0.006591491,3375
89424d150a3ffff,0,0.11090557009791774,0.006591491,3376
89424d150c3ffff,0,0.07251331330730125,0.006591491,3377
89424d15103ffff,0,0.17602194804797472,0.0068262927,3090
89424d15113ffff,0,0.29137331958421175,0.04899728,2639
89424d15123ffff,0,0.05150435582717868,0.006591491,3378
89424d15143ffff,0,0.2153395709493977,0.008508209,3026
89424d15147ffff,0,0.24375020041862386,0.04360264,2736
89424d15163ffff,0,0.13375958480292782,0.006591491,3379
89424d1517bffff,0,0.25742366140625506,0.040823303,2780
89424d15183ffff,0,0.10057963496007685,0.006591491,3380
89424d151a3ffff,0,0.2094632877086439,0.008466658,3029
89424d151b7ffff,0,0.2424626428220515,0.04517451,2719
89424d151bbffff,0,0.25373028276111814,0.04024802,2793
89424d151c3ffff,0,0.23517522159687915,0.012173172,2992
89424d151cbffff,0,0.27833595382504217,0.04899728,2640
89424d151cfffff,0,0.2879387071345683,0.04899728,2641
89424d151d7ffff,0,0.30236592923565886,0.04899728,2642
89424d15203ffff,0,0.08754850741471334,0.006591491,3381
89424d15223ffff,0,0.21509138800674238,0.0083664395,3035
89424d1522bffff,0,0.24658768056295244,0.041010123,2774
89424d15243ffff,0,0.08235912880560599,0.006591491,3382
89424d15263ffff,0,0.08265245756330673,0.006591491,3383
89424d15283ffff,0,0.17744451647719944,0.0068253363,3091
89424d15287ffff,0,0.22572599572048518,0.03717491,2837
89424d1528fffff,0,0.27124601413244853,0.04899728,2643
89424d152a3ffff,0,0.14021752090161244,0.006635866,3125
89424d152b3ffff,0,0.2523993266570456,0.040086273,2798
89424d152c3ffff,0,0.1491661109836049,0.0065977843,3212
89424d152cbffff,0,0.2823675855147102,0.04899728,2644
89424d15303ffff,0,0.022422871530849903,0.006591491,3384
89424d15323ffff,0,0.013362296207634447,0.006591491,3385
89424d15343ffff,0,0.039816921710569775,0.006591491,3386
89424d15363ffff,0,0.004898629812708696,0.006591491,3387
89424d15383ffff,0,0.15545797821704563,0.0065977843,3213
89424d15397ffff,0,0.2298971806183767,0.0382902,2827
89424d153a3ffff,0,0.08741784136978778,0.006591491,3388
89424d153c3ffff,0,0.04843330050837212,0.006591491,3389
89424d15403ffff,0,0.032871846232001026,0.006591491,3390
89424d15423ffff,0,0.20378816330294192,0.008150302,3052
89424d15427ffff,0,0.23857599042775607,0.054972704,2559
89424d15443ffff,0,0.049223233322898005,0.006591491,3391
89424d15463ffff,0,0.03987737902036488,0.0065968377,3223
89424d15483ffff,0,0.10010257489658535,0.0065929824,3248
89424d154a3ffff,0,0.04211098869915389,0.006591491,3392
89424d154c3ffff,0,0.12342887122917354,0.006591491,3393
89424d15503ffff,0,0.042313362073697604,0.006591491,3394
89424d15523ffff,0,0.0260193281444761,0.006591491,3395
89424d15543ffff,0,0.13027254107454006,0.006591491,3396
89424d1554fffff,0,0.2426319055070592,0.045020174,2721
89424d15563ffff,0,0.1085988779221987,0.006591491,3397
89424d15583ffff,0,0.01629476290819145,0.006591491,3398
89424d155a3ffff,0,0.021909112111796934,0.006591491,3399
89424d155c3ffff,0,0.06227760253840515,0.006591491,3400
89424d15603ffff,0,0.21268881110362428,0.0082271965,3046
89424d1560fffff,0,0.25559554195834383,0.04052091,2788
89424d15623ffff,0,0.09743878464272739,0.006591491,3401
89424d15643ffff,0,0.057964518327162096,0.006599818,3184
89424d15663ffff,0,0.08611863831102835,0.006591491,3402
89424d15683ffff,0,0.19484372940318984,0.00814558,3058
89424d1568fffff,0,0.26533814795098787,0.048806995,2653
89424d156a3ffff,0,0.07895401775058154,0.006591491,3403
89424d15803ffff,0,0.0027871718877582785,0.006591491,3404
89424d15823ffff,0,0.004585018427693242,0.023350151,2936
89424d15863ffff,0,0.0005989208181112203,0.0066035227,3167
89424d15883ffff,0,0.019646657337681634,0.006591491,3405
89424d158a3ffff,0,0.004701348443155845,0.006591491,3406
89424d158c3ffff,0,0.009861691392880768,0.006591491,3407
89424d15903ffff,0,0.15430751914371044,0.0233854,2900
89424d15923ffff,0,0.1638833584421047,0.2770249,2374
89424d15943ffff,0,0.02318455718990108,0.023409853,2892
89424d15963ffff,0,0.12881608654776175,0.2768889,2375
89424d15983ffff,0,0.14661076743761284,0.006592818,3284
89424d15987ffff,0,0.24596980856984557,0.045692716,2709
89424d159a3ffff,0,0.13431891906473487,0.006591491,3408
89424d159abffff,0,0.2754318053587141,0.1732009,2397
89424d159bbffff,0,0.24368653336172494,0.05009305,2611
89424d159c3ffff,0,0.03447833804304648,0.023361856,2921
89424d15a03ffff,0,0.0005038789817223664,0.0066035227,3168
89424d15a23ffff,0,0.0035757995498683598,0.0066035227,3169
89424d15a43ffff,0,0.0002707203344558234,0.0066035227,3170
89424d15b03ffff,0,0.02009140741810144,0.0066035227,3171
89424d15b23ffff,0,0.11675411613201223,0.023350151,2937
89424d15b43ffff,0,0.01931204400340329,0.0066035227,3172
89424d15b63ffff,0,0.06039713254582229,0.006618187,3133
89424d15b83ffff,0,0.0037396810998244073,0.023373635,2915
89424d15ba3ffff,0,0.019892626779581354,0.023398874,2894
89424d15bc3ffff,0,0.0025756043115322466,0.0066035227,3173
89424d15c03ffff,0,0.19948671976273263,0.00814558,3059
89424d15c07ffff,0,0.23622109565059732,0.04554623,2715
89424d15c23ffff,0,0.08800974842947604,0.006591491,3409
89424d15c43ffff,0,0.03991494425968912,0.006591491,3410
89424d15c63ffff,0,0.07254276685839595,0.006591491,3411
89424d15c83ffff,0,0.1316459795417251,0.006591491,3412
89424d15c93ffff,0,0.25409180837173256,0.04024802,2794
89424d15c9bffff,0,0.1387156063263717,0.02918533,2865
89424d15ca3ffff,0,0.060328712422241144,0.006591491,3413
89424d15cc3ffff,0,0.06344935195364948,0.006591491,3414
89424d15d03ffff,0,0.04276804340947776,0.0065929033,3268
89424d15d23ffff,0,0.216119003443806,0.008251906,3042
89424d15d27ffff,0,0.2594509706441573,0.04078136,2782
89424d15d37ffff,0,0.2688169776674058,0.048682626,2658
89424d15d43ffff,0,0.011078235948114376,0.006591491,3415
89424d15d63ffff,0,0.03273049654774444,0.0065929033,3269
89424d15d83ffff,0,0.028293526184794093,0.0065929033,3270
89424d15da3ffff,0,0.1886978479135643,0.0068963068,3088
89424d15da7ffff,0,0.284248037592809,0.05175922,2577
89424d15dc3ffff,0,0.01727255574710882,0.006591491,3416
89424d15e03ffff,0,0.00479974509056274,0.006591491,3417
89424d15e23ffff,0,0.0022173579652240796,0.006591491,3418
89424d15e43ffff,0,0.004310260963983271,0.006591491,3419
89424d15e63ffff,0,0.0008271386756585053,0.006591491,3420
89424d15e83ffff,0,0.018071680307758776,0.006591491,3421
89424d15ea3ffff,0,0.012937460085539436,0.0065929824,3249
89424d15ec3ffff,0,0.030840487233511064,0.006591491,3422
89424d16003ffff,0,0.20638196018313146,0.008154739,3049
89424d16007ffff,0,0.25006122209433734,0.040639225,2786
89424d16023ffff,0,0.0746655549248972,0.006591491,3423
89424d16043ffff,0,0.032830285426033244,0.006591491,3424
89424d16063ffff,0,0.047661206351099515,0.006591491,3425
89424d16083ffff,0,0.05116402368179437,0.006591491,3426
89424d160a3ffff,0,0.08242664572868212,0.006591491,3427
89424d160c3ffff,0,0.03250324260612661,0.006591491,3428
89424d16103ffff,0,0.00482609904721857,0.006591491,3429
89424d16123ffff,0,0.0369804564672728,0.006598973,3202
89424d16143ffff,0,0.008920743489095854,0.006591491,3430
89424d16163ffff,0,0.012577439076305005,0.006591491,3431
89424d161c3ffff,0,0.018798514284252943,0.006591491,3432
89424d16203ffff,0,0.033603275589083444,0.006591491,3433
89424d16223ffff,0,0.0040956350436579525,0.006591491,3434
89424d16243ffff,0,0.062086051233963414,0.006591491,3435
89424d16263ffff,0,0.01012166275017954,0.006594265,3235
89424d16283ffff,0,0.02877519235049315,0.006591491,3436
89424d162a3ffff,0,0.008863630458551241,0.006591491,3437
89424d162c3ffff,0,0.19475819529784594,0.007888825,3070
89424d162cbffff,0,0.2516813213761772,0.03975594,2810
89424d162dbffff,0,0.23915172809879554,0.045636788,2712
89424d16303ffff,0,0.0018881516157875438,0.006591491,3438
89424d16323ffff,0,0.0013985633058086558,0.006591491,3439
89424d16343ffff,0,0.0008056438919342385,0.006591491,3440
89424d16363ffff,0,0.00024020745731208318,0.006591491,3441
89424d16383ffff,0,0.013481045332513278,0.006591491,3442
89424d163a3ffff,0,0.002117147916118731,0.006591491,3443
89424d163c3ffff,0,0.0063883752137859386,0.006591491,3444
89424d16443ffff,0,0.03668670839355969,0.006591491,3445
89424d16463ffff,0,0.0105777668161514,0.006591491,3446
89424d164c3ffff,0,0.018070011496852785,0.006591491,3447
89424d16603ffff,0,0.12303439040661214,0.006591491,3448
89424d1660bffff,0,0.22856925416947105,0.03718833,2836
89424d16643ffff,0,0.11640125228864145,0.006591491,3449
89424d16663ffff,0,0.1184283927665088,0.006591491,3450
89424d16683ffff,0,0.1945641618542311,0.008023633,3065
89424d1668fffff,0,0.2529890502341898,0.039831247,2808
89424d166a3ffff,0,0.06272601374945314,0.006591491,3451
89424d166c3ffff,0,0.06653149133502995,0.006591491,3452
89424d16803ffff,0,0.18853855781566467,0.008221396,3047
89424d16807ffff,0,0.24803463674104154,0.042348303,2755
89424d1680fffff,0,0.2700481911984576,0.048806995,2654
89424d16823ffff,0,0.08760471883769345,0.0065929033,3271
89424d16843ffff,0,0.12700934710447995,0.006620473,3131
89424d16853ffff,0,0.24517780809990897,0.04529902,2718
89424d16863ffff,0,0.1989180355511496,0.008271642,3039
89424d1686bffff,0,0.2765032943000978,0.05175922,2578
89424d16873ffff,0,0.2569474710345034,0.04024802,2795
89424d1687bffff,0,0.2664786675010115,0.048806995,2655
89424d168c3ffff,0,0.12902496832578358,0.006664568,3119
89424d168dbffff,0,0.11477301913303013,0.02918533,2866
89424d16943ffff,0,0.09902626723810808,0.0065929033,3272
89424d16963ffff,0,0.05828978439332755,0.0065929033,3273
89424d16a03ffff,0,0.1128940010329343,0.0065929033,3274
89424d16a23ffff,0,0.172351807503099,0.006700712,3113
89424d16a33ffff,0,0.31536402614157294,0.05175922,2579
89424d16a3bffff,0,0.2981499945602602,0.05175922,2580
89424d16a43ffff,0,0.035880309595629455,0.0065929033,3275
89424d16a63ffff,0,0.20266408735260422,0.008247185,3043
89424d16a6fffff,0,0.2685583607140611,0.04658233,2698
89424d16a77ffff,0,0.28339196636029823,0.05175922,2581
89424d16a83ffff,0,0.042497169233783896,0.006591491,3453
89424d16aa3ffff,0,0.25602546446627167,0.015882524,2961
89424d16ab7ffff,0,0.28608132677655357,0.05175922,2582
89424d16b03ffff,0,0.21284358704933323,0.009266278,3010
89424d16b0fffff,0,0.24350044560225328,0.048260137,2661
89424d16b23ffff,0,0.09811945793829437,0.0066758078,3117
89424d16b43ffff,0,0.07273827783507417,0.0066985106,3114
89424d16b57ffff,0,0.1004506983722826,0.030359695,2861
89424d16b63ffff,0,0.22279695157816914,0.013609584,2982
89424d16b67ffff,0,0.2713032906767586,0.05155991,2594
89424d16b73ffff,0,0.313085724808395,0.05175922,2583
89424d16b83ffff,0,0.07656256074461659,0.0065970593,3219
89424d16ba3ffff,0,0.20600435458155103,0.008356037,3036
89424d16babffff,0,0.24377935610071444,0.04821495,2663
89424d16bb3ffff,0,0.28996321429445426,0.05175922,2584
89424d16bbbffff,0,0.26124176764148854,0.042640157,2751
89424d16bc3ffff,0,0.19089054531330932,0.00836897,3034
89424d16bd3ffff,0,0.2694987350485047,0.051537577,2596
89424d16c43ffff,0,0.16360259671868388,0.006903123,3087
89424d16c4bffff,0,0.2540268132837643,0.03987999,2805
89424d16c63ffff,0,0.0732368163321621,0.0066545727,3122
89424d16e03ffff,0,0.03269883962835942,0.006591491,3454
89424d16e23ffff,0,0.07577714914355936,0.0067398604,3110
89424d16e43ffff,0,0.0044210626867792506,0.006591491,3455
89424d16e63ffff,0,0.012287068571204707,0.006591491,3456
89424d16e83ffff,0,0.0768876106424427,0.0065956474,3226
89424d16ea3ffff,0,0.19343146813769801,0.0083246175,3037
89424d16eb7ffff,0,0.2590596835611967,0.040565837,2787
89424d16ec3ffff,0,0.01108045454615053,0.006591491,3457
89424d17003ffff,0,0.049785502680206664,0.006591491,3458
89424d17023ffff,0,0.008475409167799685,0.006591491,3459
89424d17043ffff,0,0.20680141380690936,0.008150302,3053
89424d17053ffff,0,0.26154155953630237,0.048785895,2657
89424d17063ffff,0,0.031784408984773686,0.006591491,3460
89424d17083ffff,0,0.01621091655016585,0.006591491,3461
89424d170a3ffff,0,0.0067824977561125885,0.006591491,3462
89424d170c3ffff,0,0.08353233028059644,0.006591491,3463
89424d17123ffff,0,0.005460493771563858,0.006594265,3236
89424d17143ffff,0,0.03022273816518782,0.006591491,3464
89424d17163ffff,0,0.03900902405874314,0.006591491,3465
89424d171a3ffff,0,0.008505419599094202,0.006594265,3237
89424d171c3ffff,0,0.0038974572825635624,0.006591491,3466
89424d17203ffff,0,0.019243870642805194,0.006591491,3467
89424d17223ffff,0,0.04435379244616426,0.006591491,3468
89424d17243ffff,0,0.02003618241025492,0.006591491,3469
89424d17263ffff,0,0.1305859008882416,0.006591491,3470
89424d1726fffff,0,0.2527803146683573,0.040113997,2797
89424d17283ffff,0,0.04743564985243772,0.00660618,3153
89424d172a3ffff,0,0.031819163077738195,0.006591491,3471
89424d172c3ffff,0,0.012470065109086804,0.006797181,3103
89424d17303ffff,0,0.07048323275043354,0.006591491,3472
89424d17323ffff,0,0.11507469710593833,0.006591491,3473
89424d17343ffff,0,0.24708123905723406,0.012058071,2995
89424d17363ffff,0,0.05321176550542048,0.006591491,3474
89424d17383ffff,0,0.03631532006058626,0.006591491,3475
89424d173a3ffff,0,0.20140989442589238,0.008147803,3055
89424d173afffff,0,0.2856952445946907,0.04899728,2645
89424d173c3ffff,0,0.06392023501133232,0.006591491,3476
89424d17403ffff,0,0.008325160392244409,0.006591491,3477
89424d17423ffff,0,0.0026526932700375533,0.006591491,3478
89424d17463ffff,0,0.011133183836852457,0.006591491,3479
89424d17483ffff,0,0.016983193461051874,0.006591491,3480
89424d174a3ffff,0,0.01797866954063941,0.0065968377,3224
89424d174c3ffff,0,0.06528104424914828,0.006591491,3481
89424d17503ffff,0,0.040273686530644476,0.0065929824,3250
89424d17523ffff,0,0.1251243035928306,0.006591491,3482
89424d17537ffff,0,0.23997090482377464,0.046027053,2704
89424d17543ffff,0,0.005454006345520989,0.006591491,3483
89424d17563ffff,0,0.01749841977365184,0.006591491,3484
89424d175a3ffff,0,0.15505850225191672,0.006620311,3132
89424d175afffff,0,0.2604600027426024,0.040833343,2779
89424d175c3ffff,0,0.005905918211629676,0.006591491,3485
89424d17603ffff,0,0.04856394899982215,0.006591491,3486
89424d17623ffff,0,0.07488838718071907,0.00660618,3154
89424d17643ffff,0,0.28048647244116415,0.015599353,2967
89424d17663ffff,0,0.052297740564554385,0.006591491,3487
89424d17683ffff,0,0.16165442555671355,0.0066005583,3177
89424d1769bffff,0,0.3015891367536925,0.04899728,2646
89424d176a3ffff,0,0.022708909604428937,0.006591491,3488
89424d176c3ffff,0,0.09923417364863485,0.006591491,3489
89424d1a803ffff,0,0.05849888205237119,0.0058988687,3679
89424d1a823ffff,0,0.13050862368502988,0.0058988687,3680
89424d1a827ffff,0,0.24410248715557203,0.03542135,2841
89424d1a863ffff,0,0.22424169121696821,0.007354404,3082
89424d1a867ffff,0,0.258519920648611,0.046949815,2683
89424d1a8a3ffff,0,0.19766053603184805,0.00612541,3562
89424d1a8a7ffff,0,0.3114740008165027,0.046727777,2694
89424d1a903ffff,0,0.07263941570188921,0.0058988687,3681
89424d1a923ffff,0,0.01594010978867092,0.0058988687,3682
89424d1a943ffff,0,0.27174098088827997,0.011326969,3005
89424d1a963ffff,0,0.06479104312395782,0.0059015756,3593
89424d1a983ffff,0,0.14703801496560898,0.005900608,3595
89424d1a993ffff,0,0.2689630390343961,0.038067795,2831
89424d1a99bffff,0,0.24656764261514355,0.036125544,2838
89424d1a9a3ffff,0,0.02237130898429089,0.0058988687,3683
89424d1a9c3ffff,0,0.13099622453026155,0.0058988687,3684
89424d1ab83ffff,0,0.07689674180151124,0.0058988687,3685
89424d1aba3ffff,0,0.05096404082053449,0.0058988687,3686
89424d1ad03ffff,0,0.12520962667311356,0.005900258,3599
89424d1ad23ffff,0,0.11215127300689536,0.0058988687,3687
89424d1ad43ffff,0,0.04446297871507719,0.0058988687,3688
89424d1ad63ffff,0,0.12699866377672825,0.0058988687,3689
89424d1ad83ffff,0,0.11198905326364181,0.0058988687,3690
89424d1ada3ffff,0,0.1488636762832146,0.0058988687,3691
89424d1adbbffff,0,0.2653555960286118,0.03884265,2817
89424d304d3ffff,0,0.31979017887554045,0.36718056,2329
89424d304dbffff,0,0.2438767099476345,0.27113846,2376
89424d31053ffff,0,0.14275537415124792,0.7995921,2125
89424d31083ffff,0,0.17056469462237367,0.2667657,2378
89424d31093ffff,0,0.3353531405841425,0.99468714,478
89424d310c3ffff,0,0.3665093168939251,0.96908593,1807
89424d3121bffff,0,0.3415499320493093,0.17171378,2428
89424d31243ffff,0,0.2994206641062619,0.042545844,2753
89424d3124bffff,0,0.4149584225739881,0.17171378,2429
89424d31257ffff,0,0.3210379641661399,0.17171378,2430
89424d31283ffff,0,0.13150296782825055,0.023331964,2940
89424d312c3ffff,0,0.3179842700319015,0.055155415,2558
89424d312cfffff,0,0.2986060628407962,0.14856918,2464
89424d312d7ffff,0,0.3256066759271993,0.17171378,2431
89424d312dbffff,0,0.27702465547039457,0.14846183,2465
89424d31403ffff,1,0.4766359678141135,0.99439514,525
89424d3140bffff,1,0.4966574301319013,0.9957083,192
89424d3140fffff,0,0.42920732141038115,0.99416614,604
89424d31413ffff,0,0.5461745722051667,0.9957901,139
89424d31417ffff,1,0.5299397745638489,0.99570924,190
89424d3141bffff,1,0.5221807324135844,0.995157,410
89424d31423ffff,0,0.22386145864101276,0.99041206,1041
89424d31427ffff,0,0.2908347652660704,0.8943204,2059
89424d31437ffff,0,0.32096612465903845,0.8953573,2058
89424d31443ffff,0,0.4076323910589423,0.99240005,756
89424d3144bffff,0,0.3847015664137971,0.9955013,305
89424d31453ffff,0,0.49333614329404135,0.9961142,4
89424d31457ffff,1,0.47700431562216944,0.99421984,572
89424d3145bffff,0,0.4353613812362564,0.9955013,306
89424d31463ffff,0,0.4396178316716607,0.99429923,545
89424d31467ffff,0,0.3899772660538554,0.99550736,302
89424d3146bffff,0,0.3771778418235005,0.99550736,303
89424d31477ffff,0,0.504860864380649,0.99579597,94
89424d3147bffff,0,0.4330573124725541,0.9942391,565
89424d31483ffff,0,0.3820368569268749,0.9903941,1046
89424d31487ffff,0,0.3673615581951665,0.992788,732
89424d3148bffff,0,0.5561375353618088,0.9957901,140
89424d3148fffff,0,0.5225520582498514,0.9951429,422
89424d314a3ffff,0,0.30297674944623537,0.9206011,1980
89424d314abffff,0,0.5357538722789928,0.9957901,141
89424d314bbffff,0,0.49180377432936867,0.99420184,582
89424d314c3ffff,0,0.38086533102278775,0.99241793,755
89424d314c7ffff,0,0.556269559604956,0.99465096,482
89424d314cbffff,0,0.46676002042964715,0.99570197,216
89424d314cfffff,1,0.5452555400527037,0.9957901,142
89424d314d3ffff,0,0.3775545792429743,0.9951586,408
89424d314d7ffff,0,0.5576979102345777,0.9957901,143
89424d314dbffff,0,0.33350866225420756,0.99341834,697
89424d31553ffff,0,0.26894768465379765,0.14391732,2480
89424d315c3ffff,0,0.13215769742389377,0.023380432,2906
89424d31603ffff,0,0.13443351166881565,0.9341497,1930
89424d3161bffff,0,0.2706643208596874,0.977015,1779
89424d31623ffff,0,0.07125848984019166,0.5055513,2306
89424d31643ffff,0,0.12186865799537487,0.26708204,2377
89424d31663ffff,0,0.11353771125577447,0.023320196,2942
89424d31683ffff,0,0.22773044969595957,0.94512594,1911
89424d31697ffff,0,0.3324002388744845,0.9834941,1679
89424d3169bffff,0,0.35994138229556377,0.9846335,1625
89424d316a3ffff,0,0.11041198028310285,0.50564027,2305
89424d316c3ffff,0,0.2822731149733926,0.9617863,1858
89424d316cfffff,0,0.34322229339498783,0.98491037,1614
89424d316d7ffff,0,0.38892329289060057,0.985504,1586
89424d32003ffff,0,0.04181914905590506,0.0062935483,3550
89424d32043ffff,0,0.15808792294387308,0.0064195935,3539
89424d3204fffff,0,0.32788984610057986,0.050042372,2612
89424d32063ffff,0,0.09110608543922276,0.006289278,3551
89424d32083ffff,0,0.07040905649882497,0.006289278,3552
89424d320a3ffff,0,0.015872596236185157,0.006289278,3553
89424d320c3ffff,0,0.18140375644076864,0.0063367905,3542
89424d320d3ffff,0,0.28358566031159776,0.04984716,2617
89424d32203ffff,0,0.26895136873810904,0.5271382,2296
89424d3221bffff,0,0.29671058640986375,0.7452746,2180
89424d32223ffff,0,0.24904908790342178,0.057193518,2546
89424d3223bffff,0,0.3031739046546058,0.7575234,2152
89424d32243ffff,0,0.08228746259865927,0.87960005,2079
89424d32247ffff,0,0.12368854297911665,0.93350554,1932
89424d32263ffff,0,0.09345166270785495,0.86224455,2101
89424d32267ffff,0,0.10345356885496944,0.030401561,2860
89424d3226bffff,0,0.18046069311215518,0.19865923,2387
89424d32273ffff,0,0.12463178098087194,0.6191148,2253
89424d32283ffff,0,0.16651960149233067,0.006703706,3112
89424d3228fffff,0,0.3252342686886383,0.746179,2177
89424d322a3ffff,0,0.09844397734146966,0.0064614415,3530
89424d322c3ffff,0,0.2069818018460904,0.38496232,2324
89424d322c7ffff,0,0.2381944054504632,0.6802916,2224
89424d322cfffff,0,0.2577810037411353,0.699755,2218
89424d32403ffff,0,0.08572456552789229,0.006458382,3531
89424d32423ffff,0,0.13710404925142364,0.006289278,3554
89424d32443ffff,0,0.02643188141606834,0.006458382,3532
89424d32463ffff,0,0.10801550447159787,0.00649763,3527
89424d32483ffff,0,0.23656587952258631,0.008425005,3032
89424d3248fffff,0,0.24316561675835163,0.038618896,2821
89424d324a3ffff,0,0.05764585811171923,0.006468668,3528
89424d324c3ffff,0,0.06905648559284573,0.006458382,3533
89424d32503ffff,0,0.10575911608017731,0.006289278,3555
89424d32543ffff,0,0.10379746108369498,0.006289278,3556
89424d32583ffff,0,0.18227010159568166,0.006593207,3241
89424d32587ffff,0,0.3153852116427613,0.050042372,2613
89424d3258fffff,0,0.31117113024879023,0.050042372,2614
89424d32593ffff,0,0.3016569866623377,0.050042372,2615
89424d325a3ffff,0,0.10904192931556021,0.0063121463,3548
89424d325c3ffff,0,0.13841904090763849,0.006289278,3557
89424d325cbffff,0,0.265409472276322,0.04226845,2761
89424d32603ffff,0,0.07533314244738834,0.00651973,3526
89424d32623ffff,0,0.0355532616730169,0.006289278,3558
89424d32643ffff,0,0.19045065527374577,0.008100029,3061
89424d3264bffff,0,0.2773088848955485,0.040301047,2792
89424d3265bffff,0,0.2715726652019361,0.04167255,2765
89424d32663ffff,0,0.053941696802386675,0.0061425893,3561
89424d32683ffff,0,0.1778336273573065,0.0065934444,3240
89424d3268bffff,0,0.2939220491572917,0.050430793,2605
89424d326a3ffff,0,0.07220031591729269,0.006458382,3534
89424d326c3ffff,0,0.251315804173998,0.012071711,2994
89424d326cbffff,0,0.28063424522037306,0.05023381,2610
89424d326d3ffff,0,0.31745681984306773,0.050430793,2606
89424d326d7ffff,0,0.3084630063070001,0.050430793,2607
89424d33003ffff,0,0.26618932255502364,0.79020035,2130
89424d33007ffff,0,0.3871871505110862,0.93350416,1933
89424d3300bffff,0,0.21658103348478555,0.881451,2077
89424d33013ffff,0,0.3457276232305775,0.9310488,1939
89424d33023ffff,0,0.1479773425791706,0.3486147,2338
89424d33037ffff,0,0.25594505406653406,0.06518576,2534
89424d33043ffff,0,0.22463524740597046,0.7901225,2131
89424d33047ffff,0,0.302663523553267,0.92584336,1960
89424d3304bffff,0,0.31607394282220086,0.98930115,1267
89424d33053ffff,0,0.2553941057362572,0.9583024,1874
89424d33057ffff,0,0.31381514288429396,0.9114949,2019
89424d33063ffff,0,0.19745676763276385,0.7100071,2210
89424d33073ffff,0,0.3438219897622996,0.91682136,2001
89424d33083ffff,0,0.14082686970149091,0.78031397,2136
89424d330a3ffff,0,0.24194606598573953,0.7977276,2127
89424d330a7ffff,0,0.16003148302404901,0.64887345,2225
89424d330abffff,0,0.33094679217092676,0.9212932,1978
89424d330b3ffff,0,0.37173588604538216,0.9909305,849
89424d330b7ffff,0,0.27069711281660647,0.3556314,2335
89424d330bbffff,0,0.3364163165065345,0.93350416,1934
89424d330c3ffff,0,0.26884649651483755,0.9296993,1941
89424d330c7ffff,0,0.2763917970716135,0.95760554,1881
89424d330cbffff,0,0.2765844937685363,0.882557,2076
89424d330d3ffff,0,0.332272171654873,0.95798165,1876
89424d330d7ffff,0,0.4350681023887315,0.96589494,1829
89424d330dbffff,0,0.3588539301405178,0.88349205,2075
89424d33103ffff,0,0.14960078540170435,0.3213876,2352
89424d33123ffff,0,0.05735331240609581,0.12505838,2490
89424d33143ffff,0,0.1392555115040617,0.007830116,3073
89424d33157ffff,0,0.25201474577553595,0.052119628,2565
89424d33163ffff,0,0.059761775393341175,0.006598617,3203
89424d33183ffff,0,0.20406875756545692,0.98881537,1341
89424d3318bffff,0,0.16375494966553877,0.9814375,1738
89424d3318fffff,0,0.3227566095294012,0.994496,510
89424d33193ffff,0,0.12115271816793875,0.9917009,803
89424d33197ffff,0,0.1729209317919838,0.9917009,804
89424d331a3ffff,0,0.10450568209467127,0.8623948,2100
89424d331a7ffff,0,0.2091370296922704,0.20460272,2385
89424d331b7ffff,0,0.1148355450419722,0.19867876,2386
89424d331c3ffff,0,0.13456900618753823,0.7179655,2205
89424d331d7ffff,0,0.10739343323763872,0.9814375,1739
89424d331dbffff,0,0.2508408831999613,0.054526404,2560
89424d33203ffff,0,0.3438238022751307,0.9939153,639
89424d33213ffff,0,0.44239485409347346,0.99551994,297
89424d33217ffff,0,0.3722632095879573,0.99531,356
89424d3321bffff,0,0.40203970536893396,0.9955479,290
89424d33223ffff,0,0.16385119775649803,0.9867146,1520
89424d33227ffff,0,0.30341632918886585,0.98003626,1755
89424d33243ffff,0,0.4226229308214236,0.9933692,701
89424d3325bffff,0,0.5641254044039141,0.9952509,368
89424d33263ffff,0,0.16761492513326043,0.8337436,2116
89424d33283ffff,0,0.37944735133521135,0.99396926,628
89424d33287ffff,0,0.3355293095046576,0.98855567,1364
89424d3328bffff,1,0.5506542774118008,0.99570197,217
89424d3328fffff,0,0.4312735489576687,0.99551994,298
89424d3329bffff,1,0.6123400679312789,0.99570197,218
89424d332a3ffff,0,0.2763468714897181,0.015614393,2963
89424d332abffff,0,0.25923015051252096,0.041068215,2773
89424d332b7ffff,0,0.2419366464084591,0.6980653,2219
89424d332c3ffff,0,0.5537289671653887,0.992217,773
89424d332c7ffff,1,0.5639179383944972,0.99570197,219
89424d332cbffff,0,0.6476288585299723,0.99570197,220
89424d332cfffff,0,0.5637330134887064,0.99570197,221
89424d332d3ffff,0,0.8121327477080487,0.99570197,222
89424d332d7ffff,0,0.6535194695239447,0.99570197,223
89424d332dbffff,1,0.7440184169091264,0.99570197,224
89424d33303ffff,0,0.09523527877441978,0.023331905,2941
89424d33343ffff,0,0.24573312873536432,0.98753554,1458
89424d3334fffff,0,0.4076848030528718,0.99551994,299
89424d3335bffff,0,0.3192132330340701,0.99313474,714
89424d33363ffff,0,0.07746227977343713,0.023396246,2895
89424d33383ffff,0,0.11396488778893314,0.007902153,3069
89424d333a3ffff,0,0.17118611435414868,0.00784983,3071
89424d333bbffff,0,0.3007271060404118,0.06209678,2537
89424d333c3ffff,0,0.08838952733677792,0.006591491,3490
89424d33403ffff,0,0.16366211229059918,0.38534272,2323
89424d33413ffff,0,0.28905403465364643,0.9587215,1872
89424d33417ffff,0,0.32173507113444777,0.7703944,2145
89424d3341bffff,0,0.2617410787031855,0.04165276,2766
89424d33423ffff,0,0.33705158225725884,0.9930993,718
89424d33427ffff,0,0.23530815794769847,0.9739761,1795
89424d33437ffff,0,0.3425692952715756,0.9849232,1610
89424d3343bffff,0,0.2751471399001691,0.9545056,1901
89424d33443ffff,0,0.2088997283248206,0.39714772,2319
89424d3344bffff,0,0.20566003495860738,0.86821675,2090
89424d33453ffff,1,0.24631781134227354,0.063927546,2536
89424d33457ffff,0,0.2610126897248771,0.042804174,2748
89424d3345bffff,0,0.28773372917258017,0.90842444,2034
89424d33463ffff,0,0.1648775086832156,0.40396094,2317
89424d33467ffff,0,0.27280934509291443,0.9586639,1873
89424d3346fffff,0,0.35848377108802765,0.95874846,1871
89424d33473ffff,1,0.3029873741449164,0.7578288,2151
89424d33477ffff,0,0.30280288974819103,0.9157748,2006
89424d3347bffff,0,0.2615740163797229,0.7746405,2139
89424d33483ffff,0,0.26128493590711366,0.97976905,1761
89424d33487ffff,0,0.3777901182825,0.9888548,1330
89424d3348bffff,0,0.3187802320115662,0.9876715,1446
89424d3348fffff,0,0.34426795096374174,0.98859835,1358
89424d33493ffff,0,0.39210857961889595,0.98906946,1295
89424d33497ffff,0,0.4477724357121223,0.9893927,1249
89424d3349bffff,0,0.34370865945501,0.9869263,1501
89424d334a3ffff,0,0.16766761010481543,0.8771078,2083
89424d334abffff,0,0.2612926874300011,0.75823706,2150
89424d334afffff,0,0.19643893135929846,0.982036,1725
89424d334b3ffff,0,0.3952709387936326,0.9888589,1329
89424d334b7ffff,0,0.2947848034258129,0.9599708,1868
89424d334bbffff,0,0.305057295270158,0.98508954,1602
89424d334c3ffff,0,0.21445195754595694,0.01600912,2957
89424d334c7ffff,0,0.3140845335084786,0.051706243,2591
89424d334cfffff,0,0.2371791896050785,0.0409704,2775
89424d334d3ffff,0,0.17438910578991632,0.030547287,2857
89424d334dbffff,0,0.2948751989654708,0.7575234,2153
89424d33503ffff,0,0.31985483634024603,0.17800236,2392
89424d33507ffff,0,0.23602570960694672,0.040906634,2778
89424d3350bffff,0,0.3121508558422782,0.33241385,2341
89424d33517ffff,0,0.3237362118092471,0.05409678,2561
89424d33523ffff,0,0.09773112057344356,0.94085085,1919
89424d3352bffff,0,0.09365697683536912,0.9917009,805
89424d3352fffff,0,0.09011846414803935,0.9917009,806
89424d33543ffff,0,0.20264728875591626,0.94517213,1910
89424d33547ffff,0,0.36225098333998923,0.96623886,1825
89424d3354bffff,0,0.28479307866535086,0.9620364,1856
89424d3354fffff,0,0.3664466162562713,0.9692806,1805
89424d3355bffff,0,0.1649080847024948,0.96896064,1809
89424d33563ffff,0,0.2274217437226233,0.90923584,2031
89424d33567ffff,0,0.16325850559913016,0.9917009,807
89424d3356bffff,0,0.26162778535232417,0.78023946,2137
89424d33573ffff,0,0.2995342526982301,0.9654009,1832
89424d3357bffff,0,0.311352851664061,0.96623886,1826
89424d33583ffff,0,0.27827272212539367,0.16680843,2451
89424d33587ffff,0,0.29732748898119266,0.05409678,2562
89424d3358bffff,0,0.29496939912100206,0.33173904,2342
89424d3358fffff,0,0.3072900836408506,0.05409678,2563
89424d33597ffff,0,0.25289347374407106,0.046952505,2682
89424d3359bffff,0,0.315633216189313,0.2978742,2364
89424d335a3ffff,0,0.2208863634594473,0.014491785,2970
89424d335afffff,0,0.25832459033523697,0.045898918,2705
89424d335b3ffff,0,0.27879387007749884,0.04721055,2680
89424d335bbffff,0,0.3267822935740516,0.05409678,2564
89424d335c3ffff,0,0.16625285157847125,0.8674421,2093
89424d335d7ffff,0,0.28563211329399296,0.29204258,2368
89424d33603ffff,0,0.4187218344926096,0.9942567,559
89424d3360bffff,1,0.4547448911716252,0.98985237,1198
89424d3360fffff,0,0.41492246890285306,0.9941322,611
89424d33617ffff,0,0.2605306262115775,0.99312073,716
89424d3361bffff,1,0.3502497622580542,0.9857068,1569
89424d33623ffff,0,0.27671339117588717,0.98274153,1712
89424d33627ffff,0,0.2626105208415237,0.7633959,2148
89424d3362fffff,0,0.31345421839257775,0.9859786,1561
89424d33633ffff,0,0.3137603578761987,0.3159045,2355
89424d33643ffff,0,0.48741678744480993,0.98369443,1671
89424d3364fffff,0,0.6189064661361411,0.99073035,933
89424d33653ffff,0,0.3788559351773477,0.9913914,822
89424d33657ffff,0,0.5441684570473808,0.99076563,860
89424d3365bffff,0,0.4569858927493225,0.99073035,934
89424d33663ffff,0,0.6366690251419905,0.9922242,772
89424d33667ffff,0,0.6024342283193522,0.99570197,225
89424d3366bffff,0,0.7595227634370227,0.9950174,449
89424d3366fffff,0,0.6752599723995221,0.9956179,268
89424d33673ffff,0,0.5568500381828795,0.9898636,1195
89424d3367bffff,0,0.6147219383034936,0.9942036,580
89424d33683ffff,0,0.2481437777049656,0.8227241,2119
89424d33687ffff,0,0.27004667613022665,0.93489677,1924
89424d3368bffff,0,0.37559826253461637,0.9889723,1308
89424d3368fffff,0,0.32268371291112935,0.9893322,1262
89424d33693ffff,0,0.35887028903596463,0.91965216,1985
89424d3369bffff,0,0.3154512926614693,0.9864537,1537
89424d336a3ffff,0,0.2500394497968469,0.5406333,2291
89424d336abffff,0,0.32740940032393284,0.91790473,1997
89424d336afffff,0,0.2828487009819028,0.73488027,2192
89424d336b3ffff,0,0.31321140108636936,0.9251648,1970
89424d336b7ffff,0,0.2631655009281907,0.95641214,1890
89424d336bbffff,0,0.37759513359519076,0.96589494,1830
89424d336c3ffff,0,0.2707988395518281,0.98405755,1652
89424d336cfffff,1,0.37688776676351365,0.9903559,1053
89424d336d3ffff,0,0.22850382306912725,0.9879667,1426
89424d336d7ffff,0,0.28747018843437866,0.9835647,1676
89424d336dbffff,0,0.29411386504638787,0.98974067,1208
89424d38403ffff,0,0.19738789656719166,0.023450587,2888
89424d38443ffff,0,0.10429263759938723,0.023368664,2916
89424d38483ffff,0,0.12754770823274175,0.5055513,2307
89424d384abffff,0,0.3494299094802072,0.892021,2063
89424d384b3ffff,0,0.1347216819372054,0.79948354,2126
89424d384c3ffff,0,0.3430550572502551,0.049637068,2619
89424d384c7ffff,0,0.35384323290956243,0.14644264,2476
89424d3a003ffff,0,0.2543121068307722,0.85264707,2105
89424d3a00bffff,0,0.4199988572948048,0.991879,795
89424d3a017ffff,0,0.41675427269734866,0.96392304,1841
89424d3a01bffff,0,0.607456862729218,0.9954453,331
89424d3a023ffff,0,0.3072352898289782,0.6095367,2273
89424d3a027ffff,0,0.35645802414934186,0.87958175,2080
89424d3a02bffff,0,0.3514997204910914,0.88650596,2074
89424d3a02fffff,0,0.3715793592173389,0.8719013,2086
89424d3a033ffff,0,0.3595839018242407,0.14686787,2473
89424d3a03bffff,0,0.37357671394309233,0.96262854,1850
89424d3a043ffff,0,0.40797326338590795,0.9904298,1036
89424d3a053ffff,0,0.6024411359118219,0.9927723,735
89424d3a063ffff,0,0.41239679134384916,0.91967833,1983
89424d3a077ffff,0,0.3877972769484788,0.95729136,1883
89424d3a07bffff,0,0.3851317079433229,0.95514894,1896
89424d3a083ffff,0,0.4092995073965861,0.99335253,702
89424d3a087ffff,0,0.40985948451984994,0.9950529,435
89424d3a08fffff,0,0.46165773594337434,0.9952461,377
89424d3a093ffff,0,0.48596935057409163,0.9935943,680
89424d3a097ffff,0,0.45366807015715377,0.9952461,378
89424d3a0a3ffff,0,0.3757102468968047,0.9196627,1984
89424d3a0a7ffff,0,0.382938048302792,0.60149044,2280
89424d3a0abffff,0,0.36795258150087967,0.9579641,1877
89424d3a0b7ffff,0,0.3944954825835089,0.99360406,677
89424d3a0c3ffff,0,0.6293902691368053,0.9944989,507
89424d3a0c7ffff,0,0.5779047749112574,0.9940861,617
89424d3a0cbffff,1,0.7708481324986418,0.995126,423
89424d3a0d3ffff,0,0.6377116476537965,0.9956711,240
89424d3a0dbffff,0,0.7677902795268635,0.9957284,182
89424d3a113ffff,0,0.43098988469676697,0.61624193,2256
89424d3a11bffff,0,0.42307902529949387,0.61624193,2257
89424d3a143ffff,0,0.31252510100613196,0.6066579,2276
89424d3a153ffff,0,0.41040753437157285,0.89034235,2069
89424d3a157ffff,0,0.3593868654532198,0.87386435,2085
89424d3a15bffff,0,0.4110631213891327,0.8902361,2070
89424d3a183ffff,0,0.3010828165270094,0.31103405,2357
89424d3a187ffff,0,0.4160970028881771,0.61593735,2267
89424d3a18fffff,0,0.4522169160895502,0.61624193,2258
89424d3a193ffff,0,0.39781958161896086,0.6104628,2270
89424d3a1c3ffff,0,0.34125484120647837,0.39582202,2320
89424d3a1c7ffff,0,0.44091963237862647,0.61624193,2259
89424d3a1d3ffff,0,0.3698357150649928,0.57861257,2288
89424d3a1d7ffff,0,0.3860787407706702,0.6029826,2277
89424d3a1dbffff,0,0.4375698673559545,0.61624193,2260
89424d3a203ffff,0,0.33294429637531997,0.9521129,1906
89424d3a21bffff,0,0.39312856110732713,0.98425,1640
89424d3a223ffff,0,0.2949621650121495,0.031417623,2853
89424d3a22bffff,0,0.3369290476532138,0.16882429,2449
89424d3a243ffff,0,0.2827197125165636,0.02897253,2867
89424d3a247ffff,0,0.259887526002727,0.09889403,2506
89424d3a253ffff,0,0.2679579941645254,0.09419963,2512
89424d3a263ffff,0,0.2893446089456325,0.030750522,2856
89424d3a26bffff,0,0.33420978989437616,0.16908705,2446
89424d3a273ffff,0,0.35232509663223194,0.14638588,2477
89424d3a277ffff,0,0.33434159109637124,0.16894796,2447
89424d3a27bffff,0,0.40329311532212697,0.17171378,2432
89424d3a283ffff,0,0.6082364909841197,0.99040926,1042
89424d3a28fffff,0,0.42252872740377745,0.9849106,1613
89424d3a2a3ffff,0,0.2198225680909105,0.9342033,1929
89424d3a2b7ffff,1,0.42062342312364437,0.99507284,431
89424d3a2bbffff,0,0.3782142418700038,0.98401046,1656
89424d3a2c3ffff,0,0.3839905008868981,0.991129,841
89424d3a2c7ffff,0,0.4558215146216577,0.99500155,452
89424d3a2cbffff,0,0.2590824747099678,0.09876841,2508
89424d3a2cfffff,0,0.2826822878930141,0.08900589,2514
89424d3a2d3ffff,0,0.44700279807363935,0.9950454,437
89424d3a2dbffff,0,0.37992057445292754,0.9942938,547
89424d3a303ffff,0,0.0911211069343471,0.023320196,2943
89424d3a343ffff,0,0.07821882612705457,0.50760126,2303
89424d3a383ffff,0,0.3909717539401448,0.72150224,2203
89424d3a393ffff,0,0.3353895840596359,0.86524045,2098
89424d3a397ffff,0,0.37474514164879014,0.87481445,2084
89424d3a3c3ffff,0,0.08566398042217375,0.023320196,2944
89424d3a403ffff,0,0.3741117477911989,0.41025248,2314
89424d3a407ffff,0,0.35476633582834355,0.9923111,769
89424d3a40bffff,0,0.5345275578980814,0.9866005,1534
89424d3a41bffff,0,0.6580285522797572,0.9951607,407
89424d3a423ffff,0,0.4182239740226447,0.9923324,767
89424d3a42bffff,0,0.5385601279366872,0.995439,337
89424d3a42fffff,0,0.5530861151971203,0.995439,338
89424d3a433ffff,0,0.46149529560202635,0.985504,1587
89424d3a437ffff,0,0.5185574781988387,0.995439,339
89424d3a43bffff,0,0.4393018175635022,0.9845508,1630
89424d3a443ffff,0,0.38002877073599994,0.99443084,519
89424d3a447ffff,0,0.5367086588389832,0.995439,340
89424d3a44fffff,0,0.4156910646443705,0.995439,341
89424d3a453ffff,0,0.6772747171836875,0.99436384,530
89424d3a457ffff,0,0.6939212158811601,0.99579597,95
89424d3a45bffff,1,0.6157747924980773,0.99421096,576
89424d3a463ffff,0,0.4293641437203486,0.97123253,1799
89424d3a467ffff,0,0.5646119613394053,0.99522674,389
89424d3a46fffff,1,0.5631162260772293,0.9952251,391
89424d3a473ffff,0,0.4570774223887082,0.985317,1594
89424d3a477ffff,0,0.5010999292467944,0.985504,1588
89424d3a483ffff,0,0.368638439880959,0.99347615,691
89424d3a487ffff,0,0.3333904036561938,0.9934207,696
89424d3a48bffff,0,0.5859949842221012,0.99447984,514
89424d3a48fffff,0,0.4054804562575732,0.9955935,283
89424d3a493ffff,1,0.8212756590345369,0.99500394,451
89424d3a49bffff,0,0.7407296499024697,0.9951803,404
89424d3a4a3ffff,0,0.2336279214580655,0.98779756,1437
89424d3a4a7ffff,0,0.38497933950899427,0.98553085,1581
89424d3a4bbffff,0,0.46084404529387707,0.99522674,390
89424d3a4c3ffff,1,0.4651949919619269,0.9901537,1153
89424d3a4cbffff,0,0.700341073323225,0.9942619,556
89424d3a4cfffff,0,0.6638257698504254,0.99579597,96
89424d3a4d3ffff,1,0.8197315339478569,0.9950416,438
89424d3a4d7ffff,0,0.6489621804254538,0.9951803,405
89424d3a4dbffff,1,0.7630095044319534,0.9951512,412
89424d3a503ffff,0,0.25601336469456537,0.032374393,2849
89424d3a507ffff,0,0.31685183379803566,0.17194733,2418
89424d3a50bffff,0,0.31989529376044645,0.9553422,1893
89424d3a50fffff,0,0.3005520023037848,0.14872478,2463
89424d3a517ffff,0,0.30594039724735567,0.17194733,2419
89424d3a523ffff,0,0.3592902492939596,0.05582978,2554
89424d3a52bffff,0,0.41937308488477326,0.61624193,2261
89424d3a533ffff,1,0.21896369279116656,0.13508038,2482
89424d3a53bffff,0,0.2908269743861182,0.14734332,2471
89424d3a543ffff,0,0.2742709908544951,0.8913855,2064
89424d3a54bffff,0,0.28030736890765107,0.99151415,816
89424d3a54fffff,0,0.39442340156715106,0.9575457,1882
89424d3a557ffff,0,0.3512526024136624,0.96208304,1855
89424d3a55bffff,0,0.39313428851787385,0.9952461,379
89424d3a563ffff,0,0.3872337924843179,0.4087978,2315
89424d3a567ffff,0,0.3817724917779651,0.6010378,2282
89424d3a56fffff,0,0.44573208735530095,0.61624193,2262
89424d3a573ffff,0,0.3841828244702923,0.9933971,698
89424d3a577ffff,0,0.3731237171540325,0.6327709,2239
89424d3a57bffff,0,0.4232878955118649,0.99503034,441
89424d3a583ffff,0,0.278209337131289,0.04440478,2727
89424d3a597ffff,0,0.269398315640297,0.17710565,2393
89424d3a5a3ffff,0,0.12384620417401292,0.02336192,2918
89424d3a5c3ffff,0,0.13386008980395805,0.5056582,2304
89424d3a603ffff,0,0.08888244263852373,0.18800013,2390
89424d3a623ffff,0,0.8519251863293248,0.9943111,542
89424d3a62bffff,1,0.8806110511997209,0.9957861,163
89424d3a62fffff,1,0.83715964409768,0.99308705,719
89424d3a633ffff,0,0.7275037019582574,0.993708,666
89424d3a637ffff,1,0.8079062669329565,0.9957901,144
89424d3a643ffff,0,0.050755524474789405,0.4560357,2308
89424d3a663ffff,0,0.403339936739756,0.98913026,1279
89424d3a667ffff,0,0.7146425430585723,0.99502105,447
89424d3a66fffff,0,0.5131698520081253,0.99172944,800
89424d3a683ffff,0,0.31644944331484415,0.9900283,1170
89424d3a693ffff,0,0.47944222321141416,0.995439,342
89424d3a697ffff,0,0.517338935358497,0.995439,343
89424d3a6a3ffff,0,0.3414021553060444,0.35365117,2337
89424d3a6b7ffff,0,0.4570514831157051,0.985504,1589
89424d3a6c3ffff,0,0.21959426448091007,0.532581,2295
89424d3a6cfffff,0,0.14689336232809105,0.7538406,2164
89424d3a6dbffff,0,0.28663748927233296,0.8302231,2118
89424d3b083ffff,0,0.24130496134299462,0.012940406,2984
89424d3b087ffff,0,0.26250443492604747,0.04286134,2747
89424d3b097ffff,0,0.23633988750533272,0.041354947,2769
89424d3b0a3ffff,0,0.11638295305782803,0.006591491,3491
89424d3b103ffff,0,0.08163520181639321,0.013822253,2978
89424d3b123ffff,0,0.05421262799612213,0.013822253,2979
89424d3b183ffff,0,0.20880042153281428,0.017347917,2954
89424d3b18bffff,0,0.30883498894270384,0.10474121,2501
89424d3b1a3ffff,0,0.296154656740414,0.032784782,2848
89424d3b1b7ffff,0,0.27892576731493207,0.0876505,2521
89424d3b1c3ffff,0,0.09949765403167796,0.013822253,2980
89424d3b403ffff,0,0.24489773965610676,0.012215452,2991
89424d3b407ffff,0,0.2797702307497817,0.051406134,2597
89424d3b40bffff,0,0.3052470873572582,0.051406134,2598
89424d3b40fffff,0,0.23826138575910505,0.048499092,2660
89424d3b417ffff,0,0.2856505296622979,0.051406134,2599
89424d3b41bffff,0,0.2650047995714687,0.044143368,2729
89424d3b423ffff,0,0.2796293343148965,0.015803706,2962
89424d3b457ffff,0,0.25493473200044653,0.039993256,2800
89424d3b483ffff,0,0.2375482854294239,0.39428103,2321
89424d3b48fffff,0,0.31775254751264786,0.7560215,2160
89424d3b493ffff,0,0.2828323620514599,0.75512433,2163
89424d3b497ffff,0,0.2949847841988256,0.7560215,2161
89424d3b49bffff,0,0.2954846545646717,0.7470537,2174
89424d3b4a3ffff,0,0.14407595157128883,0.006599818,3185
89424d3b4afffff,0,0.26548786749291925,0.0451193,2720
89424d3b4c3ffff,0,0.1341007642209483,0.006591491,3492
89424d3b4d7ffff,0,0.2565944477357411,0.7216618,2202
89424d3b503ffff,0,0.23969645769614617,0.018166875,2950
89424d3b507ffff,0,0.255052439076669,0.08874822,2516
89424d3b513ffff,0,0.2641629793235995,0.10538122,2500
89424d3b523ffff,0,0.22125912504979353,0.017347917,2955
89424d3b533ffff,0,0.3016065968413532,0.10474121,2502
89424d3b537ffff,0,0.277987029279684,0.08754039,2524
89424d3b53bffff,0,0.2598284642095454,0.09889047,2507
89424d3b543ffff,0,0.21612262385595882,0.00860142,3023
89424d3b54bffff,0,0.30952478641821723,0.051406134,2600
89424d3b55bffff,0,0.2920985496971399,0.051406134,2601
89424d3b563ffff,0,0.14845446711200247,0.013822253,2981
89424d3b573ffff,0,0.26441462170339364,0.10470894,2504
89424d3b57bffff,0,0.2657607224125207,0.098367974,2509
89424d3b583ffff,0,0.1247633359200279,0.013827638,2977
89424d3b5a3ffff,0,0.21758465806064445,0.19561602,2389
89424d3b5a7ffff,0,0.4474800047078726,0.9950482,436
89424d3b5afffff,0,0.32551638529481736,0.10474121,2503
89424d3b5c3ffff,0,0.15577702265026738,0.023351796,2927
89424d3b5c7ffff,0,0.2734489749089632,0.08664115,2525
89424d3b5dbffff,0,0.2564604753451702,0.041914083,2763
89424d8c243ffff,0,0.08508522629793146,0.006591491,3493
89424d8c263ffff,0,0.06356976311557289,0.006591491,3494
89424d8d103ffff,0,0.040512646662080265,0.006591491,3495
89424d8d123ffff,0,0.0331206811657191,0.006591491,3496
89424d8d163ffff,0,0.015290019181324905,0.006591491,3497
89424d8d1a3ffff,0,0.21897044122971798,0.008232563,3044
89424d8d1b3ffff,0,0.2412253538963819,0.05123937,2602
89424d8d303ffff,0,0.15064286554061146,0.0065977843,3214
89424d8d317ffff,0,0.2751675914217717,0.04899728,2647
89424d8d323ffff,0,0.08563033687003099,0.006591491,3498
89424d8d363ffff,0,0.16651658086573531,0.0067056934,3111
89424d8d377ffff,0,0.2605683322693876,0.043761514,2732
89424d8d3a3ffff,0,0.11001280171889248,0.006591491,3499
89424d8d803ffff,0,0.09356899999507279,0.006591491,3500
89424d8d823ffff,0,0.21924830771176274,0.008286867,3038
89424d8d82fffff,0,0.25145830608695713,0.039777357,2809
89424d8d843ffff,0,0.07008097505468683,0.006591491,3501
89424d8d863ffff,0,0.15753635580159542,0.0065977843,3215
89424d8d877ffff,0,0.28705069147656903,0.04899728,2648
89424d8d883ffff,0,0.01603693793501997,0.006797181,3104
89424d8d8a3ffff,0,0.03475771892321389,0.006594265,3238
89424d8d8c3ffff,0,0.05815190069218217,0.006591491,3502
89424d8d903ffff,0,0.1512425594035819,0.0065977843,3216
89424d8d91bffff,0,0.24040324312456032,0.046643462,2696
89424d8d923ffff,0,0.028791878615219316,0.006591491,3503
89424d8d943ffff,0,0.07368353820869974,0.006591491,3504
89424d8d963ffff,0,0.035543865619896815,0.006591491,3505
89424d8d983ffff,0,0.20080107388796867,0.00814558,3060
89424d8d987ffff,0,0.24671960429691797,0.04358201,2737
89424d8d997ffff,0,0.2673972312563623,0.048806995,2656
89424d8d9a3ffff,0,0.13685839439439804,0.006591491,3506
89424d8d9c3ffff,0,0.117938805741246,0.006591491,3507
89424d8da03ffff,0,0.06412806597529318,0.006591491,3508
89424d8da23ffff,0,0.03939953289059466,0.006591491,3509
89424d8da43ffff,0,0.15911531091982972,0.0065977843,3217
89424d8da4fffff,0,0.25162611010258545,0.03995023,2802
89424d8da63ffff,0,0.10230056161645656,0.006591491,3510
89424d8da83ffff,0,0.20528951866832415,0.008147803,3056
89424d8da8bffff,0,0.2511405130169908,0.0399179,2804
89424d8daa3ffff,0,0.23742146025055633,0.010709153,3008
89424d8dac3ffff,0,0.09120888598248451,0.0065929824,3251
89424d8db03ffff,0,0.12815042914111474,0.006797181,3105
89424d8db1bffff,0,0.24069577844262435,0.046680465,2695
89424d8db23ffff,0,0.018164246144420977,0.006591491,3511
89424d8db43ffff,0,0.11669464320941454,0.0065968377,3225
89424d8db63ffff,0,0.03923292454686074,0.0065929824,3252
89424d8db83ffff,0,0.07875122273876864,0.006591491,3512
89424d8dba3ffff,0,0.019420109156763947,0.006591491,3513
89424d8dbc3ffff,0,0.11407576166624801,0.0065929824,3253
89424d8dc03ffff,0,0.12189641775739642,0.006591491,3514
89424d8dc23ffff,0,0.023625865124354887,0.006591491,3515
89424d8dc43ffff,0,0.12650996702455555,0.006591491,3516
89424d8dc4fffff,0,0.23703481765190573,0.045677405,2710
89424d8dc63ffff,0,0.1144653245376085,0.006591491,3517
89424d8dc83ffff,0,0.1487602173349836,0.0065977843,3218
89424d8dc8fffff,0,0.24815329606071063,0.042008042,2762
89424d8dcc3ffff,0,0.13042894199683078,0.006591491,3518
89424d8dcc7ffff,0,0.24331524730357607,0.049081814,2628
89424d8dd43ffff,0,0.005934098212032264,0.006591491,3519
89424d8dd63ffff,0,0.04742203018266639,0.006591491,3520
89424d8de03ffff,0,0.051550614964409644,0.006591491,3521
89424d8de23ffff,0,0.28625469133216724,0.015599353,2968
89424d8de43ffff,0,0.013905878470393596,0.00660618,3155
89424d8de63ffff,0,0.0632470640242187,0.006591491,3522
89424d8de83ffff,0,0.039019605680732185,0.006599818,3186
89424d8dea3ffff,0,0.1148580224069178,0.006591491,3523
89424d8dec3ffff,0,0.01650897686963718,0.006591491,3524
89424da804bffff,0,0.2951107629175184,0.05178053,2572
89424da8203ffff,0,0.038130222260473245,0.023357661,2922
89424da8223ffff,0,0.04896251760277479,0.006333758,3544
89424da8243ffff,0,0.007794666071058743,0.023343677,2939
89424da8263ffff,0,0.018756716213365294,0.0063365507,3543
89424da8303ffff,0,0.05821472952840075,0.0065994887,3187
89424da8323ffff,0,0.012611021824393234,0.0065994887,3188
89424da8343ffff,0,0.2891225727277579,0.17152706,2434
89424da834bffff,0,0.3039434180191855,0.3038266,2358
89424da8363ffff,0,0.07289904185599731,0.0065994887,3189
89424da83c3ffff,0,0.05489693533233726,0.0065994887,3190
89424da8603ffff,0,0.0069485932153219715,0.006614781,3136
89424da8623ffff,0,0.05125179465450634,0.006606479,3146
89424da8643ffff,0,0.03724694197218915,0.006812144,3092
89424da86c3ffff,0,0.02677815059186703,0.0066211433,3130
89424da8a03ffff,0,0.04017851127440454,0.006598617,3204
89424da8a23ffff,0,0.036511373308805724,0.006458382,3535
89424da8a43ffff,0,0.015203205124203176,0.006598617,3205
89424da8a63ffff,0,0.04306448138064337,0.006458382,3536
89424da8a83ffff,0,0.16594468991813197,0.006608043,3143
89424da8a9bffff,0,0.3200922554357401,0.051812023,2568
89424da8aa3ffff,0,0.024212169827811734,0.006598617,3206
89424da8ac3ffff,0,0.08985799805783702,0.006598998,3194
89424da8b43ffff,0,0.0426375994851005,0.006458382,3537
89424da8b63ffff,0,0.07571935744318703,0.006458382,3538
89424da8e43ffff,0,0.021969186262157388,0.006598998,3195
89424da8e63ffff,0,0.10628871391656064,0.006598998,3196
89424da9003ffff,0,0.23316013735012645,0.9825862,1717
89424da900bffff,1,0.3571048781138196,0.99030757,1080
89424da900fffff,0,0.33225300588663775,0.9884442,1375
89424da901bffff,0,0.4595961428455921,0.99147224,819
89424da9023ffff,0,0.25672432950564444,0.7461948,2176
89424da9027ffff,0,0.3413035697091324,0.9953508,354
89424da902fffff,0,0.3324920764719764,0.89770937,2054
89424da9033ffff,0,0.26388472850098216,0.043216377,2742
89424da9037ffff,0,0.27596447019367837,0.16872972,2450
89424da903bffff,0,0.3086088674617529,0.989877,1193
89424da9043ffff,0,0.5690689019363181,0.9882719,1404
89424da904bffff,0,0.6870172684340493,0.9869557,1492
89424da904fffff,0,0.4603187640017896,0.9907164,954
89424da9053ffff,0,0.5965524267379099,0.99073195,932
89424da9057ffff,0,0.5372965678414636,0.9907177,951
89424da905bffff,0,0.6556723651592075,0.9903671,1051
89424da9063ffff,0,0.2744000407369329,0.9857641,1566
89424da9067ffff,0,0.25384140789791815,0.910401,2026
89424da906bffff,0,0.41513780458395505,0.9289985,1945
89424da906fffff,0,0.3586549056020426,0.96641845,1824
89424da9073ffff,0,0.2906049389337878,0.9881638,1416
89424da9083ffff,0,0.2284484624521162,0.79699826,2128
89424da9087ffff,0,0.27511565125749726,0.051585335,2592
89424da9093ffff,0,0.2902977173433762,0.9177442,1998
89424da90a3ffff,0,0.19042174473628415,0.008562682,3024
89424da90bbffff,0,0.25842076911108613,0.04233428,2758
89424da90c3ffff,0,0.48264878918094,0.9829065,1707
89424da90c7ffff,0,0.4736819162228393,0.99031913,1069
89424da90cbffff,0,0.5558499783705221,0.98666644,1522
89424da90cfffff,0,0.5382713018374253,0.9907177,952
89424da90d7ffff,1,0.504062786806078,0.9907177,953
89424da9103ffff,0,0.12977787210717612,0.98778635,1439
89424da911bffff,0,0.3059270549698644,0.9931466,712
89424da9123ffff,0,0.14186299883903228,0.0063377423,3541
89424da912bffff,0,0.2651611707876323,0.040381953,2791
89424da9143ffff,0,0.3179921721256823,0.9944989,508
89424da9147ffff,0,0.40626769639482196,0.9957901,145
89424da914bffff,0,0.3716463329249871,0.99558616,285
89424da914fffff,0,0.4219809486017563,0.9957901,146
89424da9153ffff,0,0.39097522360268244,0.9956119,278
89424da9157ffff,0,0.39142178749729717,0.9956987,228
89424da9163ffff,0,0.208655816267243,0.9898559,1196
89424da916fffff,0,0.4020658964874591,0.99489766,467
89424da9183ffff,0,0.055761695642731084,0.8226744,2120
89424da91a3ffff,0,0.029930586965218595,0.02343622,2890
89424da91c3ffff,0,0.17141242873743182,0.83535826,2114
89424da91cfffff,0,0.39824850120892735,0.9952461,380
89424da91dbffff,0,0.3328987367389665,0.8902361,2071
89424da9203ffff,0,0.8349417073474676,0.98818505,1414
89424da9207ffff,0,0.8580790829097698,0.9890846,1291
89424da920bffff,0,0.9049103761431985,0.9906538,992
89424da920fffff,0,0.8426619940698468,0.9890782,1292
89424da9217ffff,0,0.8501623287091733,0.9907603,894
89424da921bffff,0,0.9097555894530923,0.98676926,1516
89424da9223ffff,1,0.8430659605551166,0.98835444,1391
89424da9227ffff,0,0.7663125912868379,0.99554443,291
89424da922bffff,0,0.9132121436501418,0.9907603,895
89424da922fffff,0,0.7594378761489285,0.99546105,316
89424da9233ffff,0,0.8238859222576045,0.9907603,896
89424da9237ffff,0,0.6993365006135399,0.99546266,312
89424da923bffff,0,0.8232364749198501,0.9907603,897
89424da9243ffff,0,0.9142079654843381,0.9882421,1409
89424da9247ffff,0,0.8604011516740877,0.9907603,898
89424da924bffff,1,0.8810034517160267,0.9906538,993
89424da924fffff,0,0.841393492594129,0.98695093,1496
89424da9253ffff,0,0.926345109544481,0.9906538,994
89424da9257ffff,1,0.9398150935359167,0.9906538,995
89424da925bffff,1,0.9057088705991775,0.9906538,996
89424da9263ffff,0,0.8312910877665268,0.9880569,1421
89424da9267ffff,0,0.9167247999467912,0.99039984,1045
89424da926bffff,0,0.8761526619512118,0.9907603,899
89424da926fffff,0,0.8844839469289713,0.9949771,455
89424da9273ffff,0,0.8704846134452076,0.9907603,900
89424da9277ffff,0,0.8809062715344138,0.9907603,901
89424da927bffff,1,0.8824163975697698,0.9907603,902
89424da9283ffff,1,0.7083123555334594,0.99450517,497
89424da9287ffff,0,0.663523731045989,0.9907603,903
89424da928bffff,0,0.891068630365073,0.99579597,97
89424da928fffff,1,0.7964368313494585,0.9907603,904
89424da9293ffff,1,0.7623515694410365,0.99579597,98
89424da9297ffff,0,0.6143265356358173,0.98451895,1634
89424da929bffff,1,0.7986874934861464,0.99579597,99
89424da92a3ffff,0,0.5373864217065686,0.9875706,1456
89424da92abffff,0,0.8006543900735388,0.9905621,1013
89424da92afffff,0,0.7322713746871039,0.9907603,905
89424da92b3ffff,0,0.5664432753941872,0.9907603,906
89424da92b7ffff,0,0.46298495373238896,0.9902325,1121
89424da92bbffff,0,0.7457430915545861,0.9907362,924
89424da92c3ffff,1,0.9064600636592698,0.98835444,1392
89424da92c7ffff,0,0.9633498904481538,0.9906538,997
89424da92cbffff,1,0.920119911766667,0.9906538,998
89424da92cfffff,0,0.9695002538689641,0.9906538,999
89424da92d3ffff,1,0.8593526079166927,0.9907603,907
89424da92d7ffff,0,0.8913296087308527,0.99579597,100
89424da92dbffff,1,0.8623466277723804,0.9891542,1275
89424da9303ffff,0,0.24638723966898435,0.7949405,2129
89424da9307ffff,0,0.3733825205437101,0.98786247,1433
89424da930bffff,1,0.3809041970397444,0.9188257,1994
89424da930fffff,0,0.39336007868332395,0.919169,1991
89424da9313ffff,0,0.44341095370298333,0.92875963,1948
89424da931bffff,0,0.41582174200023314,0.965739,1831
89424da9323ffff,0,0.33439823881698655,0.9109821,2024
89424da932bffff,0,0.45300348692130943,0.9905643,1012
89424da932fffff,0,0.4690676828081441,0.98941934,1238
89424da933bffff,0,0.40403451207452457,0.98936164,1257
89424da9343ffff,0,0.6074120928116754,0.9329175,1936
89424da9347ffff,0,0.5141910208468089,0.92875963,1949
89424da934bffff,0,0.6544548783706388,0.9939549,630
89424da934fffff,0,0.632291117184963,0.9923011,770
89424da9353ffff,0,0.7201021320095542,0.9623735,1852
89424da9357ffff,0,0.5787566476710414,0.96657103,1815
89424da935bffff,0,0.7575629399359666,0.9664639,1821
89424da9363ffff,0,0.36964791156399807,0.98698807,1487
89424da9367ffff,0,0.4418171315833961,0.9911042,842
89424da936bffff,0,0.5683196966658325,0.99249756,748
89424da936fffff,0,0.40398706872359097,0.98916,1274
89424da9373ffff,0,0.5402482412963848,0.99131966,829
89424da9377ffff,0,0.48372764532450696,0.9913616,826
89424da937bffff,0,0.5242295669023523,0.9924335,753
89424da9383ffff,0,0.2463263328783687,0.9927005,739
89424da9387ffff,0,0.41763458282319493,0.9957901,147
89424da938bffff,0,0.41393770648618183,0.96657103,1816
89424da938fffff,0,0.40132398580186046,0.99030435,1081
89424da9393ffff,0,0.27693632597338647,0.9572719,1884
89424da9397ffff,0,0.3616224245608959,0.9955159,301
89424da939bffff,0,0.31578097656419035,0.96414167,1838
89424da93a3ffff,0,0.406509939013304,0.9944989,509
89424da93a7ffff,0,0.4466541857024006,0.99570924,191
89424da93abffff,0,0.41076658052268533,0.99462754,483
89424da93afffff,0,0.46732064907547005,0.9956119,279
89424da93b3ffff,1,0.50207428658035,0.9957901,148
89424da93b7ffff,0,0.43724124224177513,0.99568945,234
89424da93bbffff,0,0.47661892780318765,0.9957901,149
89424da93c3ffff,0,0.368521373613133,0.9328485,1937
89424da93c7ffff,0,0.41848167108568596,0.96657103,1817
89424da93cbffff,0,0.6584277676252352,0.96657103,1818
89424da93cfffff,0,0.4854494491667561,0.96657103,1819
89424da93d3ffff,0,0.37628087187683407,0.95923805,1870
89424da93d7ffff,0,0.4364312047129079,0.96645224,1823
89424da93dbffff,0,0.6248060098119776,0.9664639,1822
89424da9403ffff,0,0.3868034638036037,0.9874297,1464
89424da9407ffff,0,0.36458761771971615,0.99034667,1063
89424da940bffff,0,0.40716289317604215,0.9906752,974
89424da940fffff,0,0.36274750710752424,0.9899399,1181
89424da9413ffff,0,0.420662515091541,0.9902382,1120
89424da9417ffff,0,0.4175923414261755,0.99028933,1089
89424da941bffff,1,0.3853384336851779,0.9893575,1258
89424da9423ffff,0,0.09976988528449285,0.008161405,3048
89424da9443ffff,0,0.41282558875221387,0.98762,1451
89424da9447ffff,0,0.47981925213487786,0.9902519,1106
89424da944fffff,0,0.411989472261724,0.9864,1539
89424da9453ffff,0,0.4381096126094349,0.99022025,1128
89424da9457ffff,0,0.4171418306918606,0.98895234,1310
89424da9463ffff,0,0.4422281086740948,0.9877028,1443
89424da9467ffff,0,0.31323929311041526,0.9282313,1951
89424da946bffff,0,0.482426116708073,0.9883671,1378
89424da946fffff,1,0.4030852876035538,0.9901434,1155
89424da9477ffff,0,0.30212621736309847,0.9106626,2025
89424da947bffff,0,0.4658740301819116,0.9902519,1107
89424da9483ffff,0,0.5395619890314962,0.9882502,1407
89424da9487ffff,1,0.5161320753836165,0.9907579,919
89424da948bffff,1,0.6150088389614945,0.9906752,975
89424da9493ffff,1,0.38090316207795416,0.98390806,1660
89424da949bffff,0,0.49383455674447113,0.9860573,1559
89424da94a3ffff,0,0.2236335358607902,0.79981256,2124
89424da94abffff,0,0.29929841327999795,0.9171459,2000
89424da94b3ffff,0,0.42998235117152467,0.9907579,920
89424da94b7ffff,1,0.3193077176517781,0.92879534,1947
89424da94bbffff,0,0.47191274615786244,0.99034667,1064
89424da94c3ffff,0,0.3858365743417655,0.98261315,1714
89424da94c7ffff,1,0.461099445225871,0.9897865,1207
89424da94cfffff,0,0.39348493671256457,0.98956037,1215
89424da94d7ffff,1,0.4550741697249948,0.985212,1598
89424da94dbffff,0,0.45236768243264414,0.9899143,1183
89424da9503ffff,0,0.0410633035743038,0.006812144,3093
89424da9523ffff,0,0.009212411282152961,0.023445465,2889
89424da9543ffff,0,0.07443650038091727,0.0066075916,3144
89424da9563ffff,0,0.04840899491323482,0.0065929033,3276
89424da9583ffff,0,0.15969337704951145,0.006616491,3135
89424da9593ffff,0,0.24341928946361724,0.040453836,2789
89424da95a3ffff,0,0.02297674268993876,0.006812144,3094
89424da95c3ffff,0,0.17780668000688296,0.36446917,2330
89424da95d3ffff,0,0.2812626564873972,0.7523886,2165
89424da95d7ffff,0,0.27744625029011094,0.7515907,2166
89424da95dbffff,0,0.21148464435050704,0.6828308,2222
89424da9603ffff,0,0.20361699682578416,0.7393368,2187
89424da9607ffff,0,0.5637072323680701,0.99027914,1096
89424da960bffff,0,0.2644053990273847,0.907518,2038
89424da960fffff,0,0.38101389645958855,0.913388,2015
89424da9623ffff,0,0.5965410893228347,0.9883606,1380
89424da9627ffff,0,0.6892072040539202,0.9906464,1002
89424da962bffff,1,0.7165726066979443,0.99579597,101
89424da962fffff,1,0.7119683771870406,0.9907673,858
89424da9633ffff,0,0.6466815916867484,0.99018663,1136
89424da9637ffff,0,0.5652390733224866,0.98613983,1555
89424da963bffff,0,0.5962594550110085,0.9956775,236
89424da9643ffff,0,0.1330948172609141,0.36760044,2328
89424da9647ffff,0,0.3176794072970691,0.9212216,1979
89424da964fffff,0,0.39104545553795544,0.92585707,1958
89424da9657ffff,0,0.27919418013708486,0.05599201,2552
89424da9663ffff,0,0.5729453359784975,0.98835444,1393
89424da9667ffff,1,0.767688538183364,0.9907603,908
89424da966bffff,0,0.7763178744313121,0.9907603,909
89424da966fffff,0,0.7371037869355419,0.9891718,1273
89424da9673ffff,0,0.4316284300367798,0.92585427,1959
89424da9677ffff,0,0.6556616581073502,0.99579597,102
89424da967bffff,0,0.5677208238136379,0.9903167,1075
89424da9683ffff,0,0.09286669080994854,0.866579,2097
89424da96a3ffff,0,0.484719027098906,0.9877136,1442
89424da96a7ffff,0,0.6120356406185165,0.99018115,1139
89424da96abffff,0,0.5201011729774581,0.9833256,1685
89424da96afffff,0,0.5553915356132677,0.9837764,1667
89424da96b3ffff,0,0.40995181579182194,0.9862043,1551
89424da96b7ffff,0,0.5414164802671826,0.9902519,1108
89424da96c3ffff,0,0.07217393176220785,0.0079404265,3066
89424da9803ffff,0,0.26363671350933515,0.015945219,2959
89424da9807ffff,0,0.24461077591480906,0.048204802,2664
89424da980fffff,0,0.2620951292167399,0.042345524,2757
89424da9813ffff,0,0.28092778829648174,0.051812023,2569
89424da9823ffff,0,0.2659310750108117,0.015904391,2960
89424da9827ffff,0,0.28818708753327804,0.05175922,2585
89424da982fffff,0,0.2735467470692102,0.05155991,2595
89424da9837ffff,0,0.2423265367315214,0.04807529,2668
89424da983bffff,0,0.2932727159911843,0.051812023,2570
89424da9843ffff,0,0.18919136574506504,0.009042841,3011
89424da9847ffff,0,0.27114446022591876,0.046270177,2702
89424da984bffff,0,0.19989166840249314,0.63901657,2235
89424da984fffff,0,0.2594524827792712,0.75703055,2158
89424da9857ffff,0,0.21105133988904073,0.037522353,2834
89424da9863ffff,0,0.20419372457992802,0.012595936,2987
89424da9867ffff,0,0.30706059015588316,0.05175922,2586
89424da986fffff,0,0.2819375604010639,0.05175922,2587
89424da9877ffff,0,0.30312333913684764,0.051812023,2571
89424da9883ffff,0,0.09049422735254563,0.006598998,3197
89424da98a3ffff,0,0.22619878610661978,0.008662862,3021
89424da98a7ffff,0,0.2581563528456382,0.042400494,2754
89424da98c3ffff,0,0.278097012794252,0.015994329,2958
89424da98cbffff,0,0.2393446948005498,0.040213022,2796
89424da9903ffff,0,0.20507722496349856,0.008254091,3041
89424da9907ffff,0,0.24657614046975954,0.048148178,2667
89424da9923ffff,0,0.0879635104814326,0.006462586,3529
89424da9943ffff,0,0.24295421121907204,0.016241286,2956
89424da9957ffff,0,0.24817704750568906,0.049087495,2627
89424da9963ffff,0,0.2103859107352865,0.008646724,3022
89424da996bffff,0,0.2903386353947401,0.050430793,2608
89424da996fffff,0,0.29400398961819796,0.050430793,2609
89424da9983ffff,0,0.0365280327039069,0.0065929033,3277
89424da99a3ffff,0,0.06294757400519864,0.006598617,3207
89424da99c3ffff,0,0.08415046763980898,0.0065929033,3278
89424da9a03ffff,0,0.3151212335913285,0.9940461,619
89424da9a0bffff,0,0.3595991760785874,0.9883369,1395
89424da9a0fffff,0,0.3310561740751929,0.9903152,1078
89424da9a13ffff,0,0.37936866163647526,0.99548984,307
89424da9a17ffff,0,0.38333919934503863,0.9956178,273
89424da9a1bffff,0,0.38902563356053427,0.9902418,1115
89424da9a23ffff,0,0.30496147746582936,0.98750466,1459
89424da9a27ffff,0,0.39323514538959176,0.9888515,1331
89424da9a2fffff,0,0.3977136437859375,0.9891729,1272
89424da9a33ffff,0,0.3127110153694954,0.9860324,1560
89424da9a37ffff,0,0.3949714752347184,0.9893927,1250
89424da9a3bffff,0,0.4396609059700264,0.9901542,1151
89424da9a43ffff,0,0.26855500420373235,0.9823492,1720
89424da9a47ffff,0,0.3835045959566055,0.9887896,1344
89424da9a53ffff,0,0.4511570728167711,0.9906538,1000
89424da9a57ffff,0,0.37026637931784895,0.98689306,1506
89424da9a5bffff,0,0.35921217047526793,0.986309,1547
89424da9a63ffff,0,0.3135378955778687,0.9876091,1453
89424da9a6bffff,0,0.2765085854825502,0.055972096,2553
89424da9a73ffff,0,0.2554060048657242,0.9856252,1574
89424da9a77ffff,0,0.41302081942441865,0.9901542,1152
89424da9a83ffff,0,0.12989049690358087,0.36436352,2331
89424da9a93ffff,0,0.2989718891742694,0.7583558,2149
89424da9aa3ffff,0,0.179220070290687,0.7473712,2172
89424da9aa7ffff,0,0.2659108520166463,0.9223974,1975
89424da9aabffff,0,0.3424301870158624,0.9948722,468
89424da9aafffff,0,0.34426994090858515,0.91929716,1987
89424da9ab7ffff,0,0.2797198376565776,0.72742426,2197
89424da9abbffff,0,0.2433676676708471,0.9833049,1686
89424da9ac3ffff,0,0.2573126974878957,0.98348093,1680
89424da9acbffff,0,0.4195439072680987,0.9903543,1057
89424da9acfffff,0,0.44129497406612705,0.9906538,1001
89424da9ad7ffff,0,0.38210111246479156,0.9907647,865
89424da9adbffff,0,0.34937253287174036,0.9901578,1150
89424da9b03ffff,0,0.17497947648951898,0.008152041,3050
89424da9b17ffff,0,0.12083527866393826,0.03041883,2858
89424da9b1bffff,0,0.2970152138584771,0.7573158,2157
89424da9b23ffff,0,0.096110297780292,0.0066040847,3158
89424da9b27ffff,0,0.20236831066610475,0.030952206,2855
89424da9b43ffff,0,0.2963468640296275,0.9851534,1599
89424da9b4bffff,1,0.4110391794304492,0.9898005,1205
89424da9b4fffff,0,0.397681179113302,0.9887678,1348
89424da9b53ffff,0,0.3569492436555002,0.9869522,1494
89424da9b5bffff,0,0.29154009502500033,0.98338395,1684
89424da9b63ffff,0,0.24492966162825053,0.9242767,1972
89424da9b67ffff,0,0.22351033422118113,0.20976879,2384
89424da9b6bffff,0,0.32466399289898284,0.9613648,1861
89424da9b6fffff,0,0.2843231295668437,0.28279656,2373
89424da9b73ffff,0,0.270616309705735,0.9526689,1904
89424da9b7bffff,0,0.28058269071826275,0.95817953,1875
89424da9b83ffff,0,0.10711771668322992,0.0067708287,3107
89424da9b87ffff,0,0.2575292032940151,0.04374099,2733
89424da9b8bffff,0,0.1631580974503444,0.030412354,2859
89424da9ba3ffff,0,0.21127121420820033,0.009473,3009
89424da9ba7ffff,0,0.25190837237938146,0.04685031,2684
89424da9bc3ffff,0,0.25778817511801344,0.8496642,2107
89424da9bcbffff,0,0.40645953092427334,0.9893927,1251
89424da9bcfffff,0,0.31000242592942573,0.91557044,2009
89424da9bd3ffff,0,0.2468372153158487,0.05963118,2541
89424da9bd7ffff,0,0.23407577688617032,0.039499097,2811
89424da9bdbffff,0,0.3182798637308961,0.90659416,2042
89424da9c03ffff,0,0.13573927100855238,0.0972965,2511
89424da9c23ffff,0,0.03824639122904171,0.0065994887,3191
89424da9c43ffff,0,0.16415561837401257,0.006351613,3540
89424da9c47ffff,0,0.3020911626744518,0.04965184,2618
89424da9c4fffff,0,0.261497516225549,0.043276127,2741
89424da9c63ffff,0,0.09715728457169386,0.0065994887,3192
89424da9c83ffff,0,0.1412480471741281,0.094134524,2513
89424da9c8fffff,0,0.2560608628230728,0.22545795,2381
89424da9ca3ffff,0,0.17744976933735238,0.09742095,2510
89424da9cb3ffff,0,0.2724027722466123,0.2937113,2365
89424da9cbbffff,0,0.24926427901111572,0.2239891,2382
89424da9cc3ffff,0,0.04701612210634818,0.006333758,3545
89424da9d03ffff,0,0.18117913582342246,0.0067757964,3106
89424da9d17ffff,0,0.24505689234217692,0.048154358,2666
89424da9d23ffff,0,0.07672081406078661,0.006598998,3198
89424da9d43ffff,0,0.23345378326088048,0.0087383585,3020
89424da9d47ffff,0,0.24914588280948888,0.0616804,2538
89424da9d4fffff,0,0.25844632206517726,0.042345878,2756
89424da9d63ffff,0,0.1194108130823806,0.006598998,3199
89424da9d83ffff,0,0.05905658449917806,0.006598998,3200
89424da9da3ffff,0,0.10956441662152089,0.006598998,3201
89424da9dc3ffff,0,0.05091403145166312,0.0065994887,3193
89424da9e03ffff,0,0.26747573066059543,0.5212297,2298
89424da9e0bffff,0,0.3226192336795758,0.77080667,2144
89424da9e13ffff,0,0.29899939973463363,0.74899405,2168
89424da9e17ffff,0,0.31241574411936307,0.74899405,2169
89424da9e1bffff,0,0.3526975972034424,0.91134423,2022
89424da9e23ffff,0,0.1350139204630874,0.006807068,3096
89424da9e2fffff,0,0.30211197834236997,0.051887818,2567
89424da9e43ffff,0,0.25337457671273117,0.8429476,2110
89424da9e47ffff,0,0.2824990441971507,0.05171803,2590
89424da9e4bffff,0,0.2874064448211797,0.9132418,2017
89424da9e4fffff,0,0.26834024336935286,0.90945643,2029
89424da9e57ffff,0,0.27766926804247555,0.90748996,2039
89424da9e5bffff,0,0.30949230497104113,0.9191812,1990
89424da9e63ffff,0,0.15816449326913848,0.007840719,3072
89424da9e67ffff,0,0.2677538035784652,0.052094854,2566
89424da9e6fffff,0,0.29766265918612345,0.9153857,2010
89424da9e73ffff,0,0.23654700606045748,0.04230859,2759
89424da9e77ffff,0,0.27625367102323684,0.047930174,2673
89424da9e7bffff,0,0.2885477269606575,0.73132277,2194
89424da9e83ffff,0,0.26196937399369746,0.5212297,2299
89424da9e8bffff,0,0.23607116334647227,0.68297786,2221
89424da9e8fffff,0,0.28975503963265997,0.74808806,2171
89424da9e9bffff,0,0.27027197918341406,0.7231213,2200
89424da9ea3ffff,0,0.20777033846391188,0.37897792,2326
89424da9eabffff,0,0.2722057960972396,0.7138601,2208
89424da9eb3ffff,0,0.32135640983145386,0.74899405,2170
89424da9ebbffff,0,0.2778916331770369,0.70796824,2212
89424da9ec3ffff,0,0.3016188036841303,0.8426182,2111
89424da9ecbffff,0,0.32555398675201586,0.9192555,1988
89424da9ed7ffff,0,0.30016852508610936,0.89787424,2051
89424da9edbffff,0,0.3944018570105543,0.9957801,168
89424dab003ffff,0,0.28720518625678376,0.9143405,2013
89424dab00bffff,0,0.2838424156518826,0.9009602,2046
89424dab00fffff,0,0.3598581048113271,0.9888202,1336
89424dab01bffff,0,0.2644124674338903,0.71370405,2209
89424dab02bffff,0,0.3439927713389673,0.98889625,1324
89424dab03bffff,0,0.34859084403300555,0.98889625,1325
89424dab043ffff,0,0.10109278588867655,0.0066322517,3128
89424dab063ffff,0,0.2702680419595577,0.9851284,1600
89424dab067ffff,0,0.32259551127404984,0.9880077,1425
89424dab06bffff,0,0.35670606413229994,0.9888202,1337
89424dab06fffff,0,0.3707941802280797,0.98889625,1326
89424dab073ffff,0,0.3404851220205763,0.9888202,1338
89424dab077ffff,0,0.3277844088141577,0.98821944,1411
89424dab0c3ffff,0,0.07277572100940197,0.0066021876,3175
89424dab203ffff,0,0.2251283804482653,0.9808473,1747
89424dab213ffff,0,0.2773337469588373,0.051027726,2603
89424dab223ffff,0,0.30743918858018265,0.9795292,1765
89424dab227ffff,0,0.44397311527843203,0.9893193,1264
89424dab22fffff,0,0.4534211311652637,0.9857532,1568
89424dab233ffff,0,0.4555390969454401,0.9893193,1265
89424dab237ffff,0,0.4276244781183965,0.9893193,1266
89424dab23bffff,0,0.42022000727487036,0.98854506,1366
89424dab243ffff,0,0.34266241858806695,0.9928301,728
89424dab247ffff,0,0.46820480819629523,0.98929155,1269
89424dab253ffff,0,0.38983923535229653,0.9638746,1844
89424dab25bffff,0,0.3764401215841269,0.9949098,462
89424dab263ffff,0,0.430101470301024,0.9797308,1762
89424dab267ffff,0,0.48956566706163684,0.98407656,1651
89424dab26bffff,0,0.40747592654694814,0.98410964,1650
89424dab26fffff,1,0.5785800008727923,0.9898118,1203
89424dab273ffff,0,0.46311521460968924,0.98929155,1270
89424dab277ffff,0,0.37648566637564335,0.9816258,1733
89424dab27bffff,0,0.4364542994854098,0.9885107,1370
89424dab283ffff,0,0.12050809453980943,0.006769361,3109
89424dab287ffff,0,0.24595366370259672,0.047877528,2675
89424dab28bffff,0,0.15355123223288653,0.030313296,2863
89424dab2a3ffff,0,0.20376650584934278,0.89286745,2061
89424dab2a7ffff,0,0.31853767297557745,0.98822105,1410
89424dab2b3ffff,0,0.26413529675280256,0.042296376,2760
89424dab2b7ffff,0,0.3223900967095771,0.9888202,1339
89424dab2bbffff,0,0.24733536758195618,0.057391632,2544
89424dab2c3ffff,0,0.27747958872297374,0.04531184,2717
89424dab2c7ffff,0,0.24352902671128032,0.0475892,2676
89424dab2cbffff,0,0.3369301792637884,0.17194733,2420
89424dab303ffff,0,0.2527618913324337,0.012825336,2985
89424dab323ffff,0,0.1594457758641648,0.0066822465,3115
89424dab32bffff,0,0.2565906438759234,0.04802133,2669
89424dab343ffff,0,0.24149261571531858,0.9758477,1783
89424dab347ffff,0,0.2660062909200663,0.90915686,2032
89424dab34bffff,1,0.44290463878884695,0.990714,955
89424dab34fffff,0,0.45626345292320775,0.9907579,921
89424dab363ffff,0,0.18517304963419154,0.78668565,2134
89424dab367ffff,0,0.26732531986023034,0.7335955,2193
89424dab36bffff,0,0.32025481829476254,0.92564887,1963
89424dab36fffff,0,0.261774104886131,0.7734211,2140
89424dab377ffff,0,0.26374044139928493,0.75651693,2159
89424dab37bffff,0,0.24690415281461212,0.9070679,2040
89424dab383ffff,0,0.32306176218911925,0.9856123,1576
89424dab387ffff,0,0.2703326295092695,0.042885628,2745
89424dab38bffff,0,0.2930012849963716,0.98836625,1379
89424dab39bffff,0,0.3468992388497147,0.98889625,1327
89424dab3a3ffff,0,0.17123969667971448,0.006941713,3086
89424dab3b3ffff,0,0.26052659481869256,0.043919362,2731
89424dab3c3ffff,0,0.2196850693613258,0.97762823,1777
89424dab3cbffff,1,0.3295709770760931,0.9840488,1654
89424dab3cfffff,0,0.3925957129182982,0.98940897,1241
89424dab3d3ffff,0,0.36940148072566525,0.9888202,1340
89424dab3d7ffff,0,0.30414505476646037,0.98624885,1549
89424dab603ffff,0,0.007791063802876089,0.0065929033,3279
89424dab623ffff,0,0.027971795266571543,0.006594265,3239
89424dab643ffff,0,0.05691726199002041,0.0065929033,3280
89424dab663ffff,0,0.05386282854116062,0.023350151,2938
89424dab683ffff,0,0.009261859066781881,0.0066075916,3145
89424dab6a3ffff,0,0.009715445485749622,0.006591491,3525
89424dab6c3ffff,0,0.03004069248315834,0.0065970593,3220
